godFatherfrazer,True,2019-01-14 13:55:00,2.501,"<div class=""MessageStreamView__body___2giLh""><div><span><a data-event=""click"" data-for=""cashTag"" data-tip=""ACRX"" href=""/symbol/ACRX"" id=""ACRX-150577818-348"">$ACRX</a></span></div></div>"
godFatherfrazer,True,2019-01-14 13:47:00,2.527,"<div class=""MessageStreamView__body___2giLh""><div><span><a data-event=""click"" data-for=""cashTag"" data-tip=""ACRX"" href=""/symbol/ACRX"" id=""ACRX-150576607-351"">$ACRX</a></span> eating away at that average with DCA.</div></div>"
godFatherfrazer,True,2019-01-14 13:46:00,2.507,"<div class=""MessageStreamView__body___2giLh""><div><span><a data-event=""click"" data-for=""cashTag"" data-tip=""ACRX"" href=""/symbol/ACRX"" id=""ACRX-150576306-354"">$ACRX</a></span> loading up more here.</div></div>"
godFatherfrazer,True,2019-01-14 13:05:00,2.47,"<div class=""MessageStreamView__body___2giLh""><div><span><a data-event=""click"" data-for=""cashTag"" data-tip=""ACRX"" href=""/symbol/ACRX"" id=""ACRX-150570432-357"">$ACRX</a></span> my goal is to have more shares than Pam.</div></div>"
godFatherfrazer,True,2019-01-14 13:04:00,2.479,"<div class=""MessageStreamView__body___2giLh""><div><span><a data-event=""click"" data-for=""cashTag"" data-tip=""ACRX"" href=""/symbol/ACRX"" id=""ACRX-150570290-360"">$ACRX</a></span> remember, nurses and doctors love it. Mkt penetration should not be met with resistance. This is a time game.</div></div>"
Finn644,True,2019-01-14 12:45:00,2.529,"<div class=""MessageStreamView__body___2giLh""><div><span><a data-event=""click"" data-for=""cashTag"" data-tip=""ACRX"" href=""/symbol/ACRX"" id=""ACRX-150567518-366"">$ACRX</a></span></div></div>"
godFatherfrazer,True,2019-01-14 12:40:00,2.515,"<div class=""MessageStreamView__body___2giLh""><div><span><a data-event=""click"" data-for=""cashTag"" data-tip=""ACRX"" href=""/symbol/ACRX"" id=""ACRX-150566833-369"">$ACRX</a></span></div></div>"
godFatherfrazer,True,2019-01-14 12:27:00,2.492,"<div class=""MessageStreamView__body___2giLh""><div><span><a data-event=""click"" data-for=""cashTag"" data-tip=""ACRX"" href=""/symbol/ACRX"" id=""ACRX-150565138-375"">$ACRX</a></span> I just keep lowering my average. Honestly this is an ideal situation to be in. Just makes for a healthier return.</div></div>"
Hurls310,True,2019-01-14 11:40:00,2.54,"<div class=""MessageStreamView__body___2giLh""><div><span><a data-event=""click"" data-for=""cashTag"" data-tip=""ACRX"" href=""/symbol/ACRX"" id=""ACRX-150558099-387"">$ACRX</a></span> Hopefully a double by EOY.</div></div>"
ericprotrader,False,2019-01-14 11:36:00,2.509,"<div class=""MessageStreamView__body___2giLh""><div><span><a data-event=""click"" data-for=""cashTag"" data-tip=""ACRX"" href=""/symbol/ACRX"" id=""ACRX-150557566-390"">$ACRX</a></span> who is selling?</div></div>"
stocksmanz,True,2019-01-14 11:28:00,2.48,"<div class=""MessageStreamView__body___2giLh""><div><span><a data-event=""click"" data-for=""cashTag"" data-tip=""ACRX"" href=""/symbol/ACRX"" id=""ACRX-150556330-393"">$ACRX</a></span> finally low enough. I'm buying</div></div>"
godFatherfrazer,True,2019-01-14 11:21:00,2.485,"<div class=""MessageStreamView__body___2giLh""><div><span><a data-event=""click"" data-for=""cashTag"" data-tip=""ACRX"" href=""/symbol/ACRX"" id=""ACRX-150555171-396"">$ACRX</a></span> whoever is selling now is a dotard.</div></div>"
godFatherfrazer,True,2019-01-14 11:19:00,2.481,"<div class=""MessageStreamView__body___2giLh""><div><span><a data-event=""click"" data-for=""cashTag"" data-tip=""ACRX"" href=""/symbol/ACRX"" id=""ACRX-150554889-399"">$ACRX</a></span></div></div>"
alokdoc,True,2019-01-14 11:13:00,2.475,"<div class=""MessageStreamView__body___2giLh""><div><span><a data-event=""click"" data-for=""cashTag"" data-tip=""ACRX"" href=""/symbol/ACRX"" id=""ACRX-150553825-402"">$ACRX</a></span> very strong buy</div></div>"
satthusochet,False,2019-01-14 11:01:00,2.5,"<div class=""MessageStreamView__body___2giLh""><div><span><a data-event=""click"" data-for=""cashTag"" data-tip=""ACRX"" href=""/symbol/ACRX"" id=""ACRX-150551906-408"">$ACRX</a></span> Free falling. Keep going down baby!!!!!</div></div>"
MrBrad,True,2019-01-14 10:54:00,2.529,"<div class=""MessageStreamView__body___2giLh""><div><span><a data-event=""click"" data-for=""cashTag"" data-tip=""ACRX"" href=""/symbol/ACRX"" id=""ACRX-150550928-414"">$ACRX</a></span> Friday 2.50 puts <span><a data-event=""click"" data-for=""cashTag"" data-tip=""168K"" href=""/symbol/168K"" id=""168K-150550928-415"">$168K</a></span> payout</div></div>"
MCB_Esq,True,2019-01-14 10:27:00,2.544,"<div class=""MessageStreamView__body___2giLh""><div><span><a data-event=""click"" data-for=""cashTag"" data-tip=""ACRX"" href=""/symbol/ACRX"" id=""ACRX-150546416-421"">$ACRX</a></span> yawn. Wake me up in two months</div></div>"
frekko77,True,2019-01-14 10:17:00,2.55,"<div class=""MessageStreamView__body___2giLh""><div><span><a data-event=""click"" data-for=""cashTag"" data-tip=""ACRX"" href=""/symbol/ACRX"" id=""ACRX-150544814-427"">$ACRX</a></span> IMO this one is undervalued!!</div></div>"
