donald1967,False,2019-01-14 15:09:00,2.77,"<div class=""MessageStreamView__body___2giLh""><div><span><a data-event=""click"" data-for=""cashTag"" data-tip=""AKS"" href=""/symbol/AKS"" id=""AKS-150588906-284"">$AKS</a></span> OMG feel 2 pennies. Sky is falling sell and short this 🐖 👽</div></div>"
Berserk74,True,2019-01-14 15:00:00,2.77,"<div class=""MessageStreamView__body___2giLh""><div><span><a data-event=""click"" data-for=""cashTag"" data-tip=""CHK"" href=""/symbol/CHK"" id=""CHK-150587556-287"">$CHK</a></span> <span><a data-event=""click"" data-for=""cashTag"" data-tip=""JCP"" href=""/symbol/JCP"" id=""JCP-150587556-288"">$JCP</a></span> <span><a data-event=""click"" data-for=""cashTag"" data-tip=""AKS"" href=""/symbol/AKS"" id=""AKS-150587556-289"">$AKS</a></span> <span><a data-event=""click"" data-for=""cashTag"" data-tip=""ESV"" href=""/symbol/ESV"" id=""ESV-150587556-290"">$ESV</a></span> <span><a data-event=""click"" data-for=""cashTag"" data-tip=""NBR"" href=""/symbol/NBR"" id=""NBR-150587556-291"">$NBR</a></span> <span><a data-event=""click"" data-for=""cashTag"" data-tip=""CRR"" href=""/symbol/CRR"" id=""CRR-150587556-292"">$CRR</a></span> <span><a data-event=""click"" data-for=""cashTag"" data-tip=""SWN"" href=""/symbol/SWN"" id=""SWN-150587556-293"">$SWN</a></span> <span><a data-event=""click"" data-for=""cashTag"" data-tip=""DNR"" href=""/symbol/DNR"" id=""DNR-150587556-294"">$DNR</a></span> <span><a data-event=""click"" data-for=""cashTag"" data-tip=""HK"" href=""/symbol/HK"" id=""HK-150587556-295"">$HK</a></span> <span><a data-event=""click"" data-for=""cashTag"" data-tip=""NE"" href=""/symbol/NE"" id=""NE-150587556-296"">$NE</a></span> <span><a data-event=""click"" data-for=""cashTag"" data-tip=""BTE"" href=""/symbol/BTE"" id=""BTE-150587556-297"">$BTE</a></span> Power Hour Power Jump plz~ Music, Funkyman and Kase. 
<a data-event=""click"" href=""https://www.youtube.com/watch?v=DdBa_6uGZVw"" rel=""noopener nofollow"" target=""_blank"">youtube.com/watch?v=DdBa_6u...</a></div></div>"
donald1967,False,2019-01-14 14:19:00,2.75,"<div class=""MessageStreamView__body___2giLh""><div><span><a data-event=""click"" data-for=""cashTag"" data-tip=""AKS"" href=""/symbol/AKS"" id=""AKS-150581508-300"">$AKS</a></span> Going below $2</div></div>"
Berserk74,True,2019-01-14 13:38:00,2.765,"<div class=""MessageStreamView__body___2giLh""><div><span><a data-event=""click"" data-for=""cashTag"" data-tip=""CHK"" href=""/symbol/CHK"" id=""CHK-150575210-303"">$CHK</a></span> <span><a data-event=""click"" data-for=""cashTag"" data-tip=""JCP"" href=""/symbol/JCP"" id=""JCP-150575210-304"">$JCP</a></span> <span><a data-event=""click"" data-for=""cashTag"" data-tip=""AKS"" href=""/symbol/AKS"" id=""AKS-150575210-305"">$AKS</a></span> <span><a data-event=""click"" data-for=""cashTag"" data-tip=""ESV"" href=""/symbol/ESV"" id=""ESV-150575210-306"">$ESV</a></span> <span><a data-event=""click"" data-for=""cashTag"" data-tip=""NBR"" href=""/symbol/NBR"" id=""NBR-150575210-307"">$NBR</a></span> <span><a data-event=""click"" data-for=""cashTag"" data-tip=""CRR"" href=""/symbol/CRR"" id=""CRR-150575210-308"">$CRR</a></span> <span><a data-event=""click"" data-for=""cashTag"" data-tip=""SWN"" href=""/symbol/SWN"" id=""SWN-150575210-309"">$SWN</a></span> <span><a data-event=""click"" data-for=""cashTag"" data-tip=""DNR"" href=""/symbol/DNR"" id=""DNR-150575210-310"">$DNR</a></span> <span><a data-event=""click"" data-for=""cashTag"" data-tip=""HK"" href=""/symbol/HK"" id=""HK-150575210-311"">$HK</a></span> <span><a data-event=""click"" data-for=""cashTag"" data-tip=""NE"" href=""/symbol/NE"" id=""NE-150575210-312"">$NE</a></span> <span><a data-event=""click"" data-for=""cashTag"" data-tip=""BTE"" href=""/symbol/BTE"" id=""BTE-150575210-313"">$BTE</a></span> Market close green plz~ Let the race begin tomorrow. <span class=""UserProfileLink__container___2JY3s""><a data-event=""click"" href=""/notwill"" id=""user-profile-notwill-1547601825557-314"">@notwill</a></span> going into race track.</div></div>"
supermankyl,True,2019-01-14 13:09:00,2.775,"<div class=""MessageStreamView__body___2giLh""><div><span><a data-event=""click"" data-for=""cashTag"" data-tip=""AKS"" href=""/symbol/AKS"" id=""AKS-150570968-317"">$AKS</a></span> which way are we going to break? The resistance is strong with this one ☝️</div></div>"
Berserk74,True,2019-01-14 13:05:00,2.774,"<div class=""MessageStreamView__body___2giLh""><div><span><a data-event=""click"" data-for=""cashTag"" data-tip=""CHK"" href=""/symbol/CHK"" id=""CHK-150570376-320"">$CHK</a></span> <span><a data-event=""click"" data-for=""cashTag"" data-tip=""JCP"" href=""/symbol/JCP"" id=""JCP-150570376-321"">$JCP</a></span> <span><a data-event=""click"" data-for=""cashTag"" data-tip=""AKS"" href=""/symbol/AKS"" id=""AKS-150570376-322"">$AKS</a></span> <span><a data-event=""click"" data-for=""cashTag"" data-tip=""ESV"" href=""/symbol/ESV"" id=""ESV-150570376-323"">$ESV</a></span> <span><a data-event=""click"" data-for=""cashTag"" data-tip=""NBR"" href=""/symbol/NBR"" id=""NBR-150570376-324"">$NBR</a></span> <span><a data-event=""click"" data-for=""cashTag"" data-tip=""CRR"" href=""/symbol/CRR"" id=""CRR-150570376-325"">$CRR</a></span> <span><a data-event=""click"" data-for=""cashTag"" data-tip=""SWN"" href=""/symbol/SWN"" id=""SWN-150570376-326"">$SWN</a></span> <span><a data-event=""click"" data-for=""cashTag"" data-tip=""DNR"" href=""/symbol/DNR"" id=""DNR-150570376-327"">$DNR</a></span> <span><a data-event=""click"" data-for=""cashTag"" data-tip=""HK"" href=""/symbol/HK"" id=""HK-150570376-328"">$HK</a></span> WTF <span><a data-event=""click"" data-for=""cashTag"" data-tip=""MBOT"" href=""/symbol/MBOT"" id=""MBOT-150570376-329"">$MBOT</a></span> Microbot! Hahaha~~</div></div>"
Berserk74,True,2019-01-14 12:30:00,2.799,"<div class=""MessageStreamView__body___2giLh""><div><span><a data-event=""click"" data-for=""cashTag"" data-tip=""CHK"" href=""/symbol/CHK"" id=""CHK-150565467-332"">$CHK</a></span> <span><a data-event=""click"" data-for=""cashTag"" data-tip=""JCP"" href=""/symbol/JCP"" id=""JCP-150565467-333"">$JCP</a></span> <span><a data-event=""click"" data-for=""cashTag"" data-tip=""AKS"" href=""/symbol/AKS"" id=""AKS-150565467-334"">$AKS</a></span> <span><a data-event=""click"" data-for=""cashTag"" data-tip=""ESV"" href=""/symbol/ESV"" id=""ESV-150565467-335"">$ESV</a></span> <span><a data-event=""click"" data-for=""cashTag"" data-tip=""NBR"" href=""/symbol/NBR"" id=""NBR-150565467-336"">$NBR</a></span> <span><a data-event=""click"" data-for=""cashTag"" data-tip=""CRR"" href=""/symbol/CRR"" id=""CRR-150565467-337"">$CRR</a></span> <span><a data-event=""click"" data-for=""cashTag"" data-tip=""SWN"" href=""/symbol/SWN"" id=""SWN-150565467-338"">$SWN</a></span> <span><a data-event=""click"" data-for=""cashTag"" data-tip=""DNR"" href=""/symbol/DNR"" id=""DNR-150565467-339"">$DNR</a></span> <span><a data-event=""click"" data-for=""cashTag"" data-tip=""HK"" href=""/symbol/HK"" id=""HK-150565467-340"">$HK</a></span> <span><a data-event=""click"" data-for=""cashTag"" data-tip=""NE"" href=""/symbol/NE"" id=""NE-150565467-341"">$NE</a></span> <span><a data-event=""click"" data-for=""cashTag"" data-tip=""BTE"" href=""/symbol/BTE"" id=""BTE-150565467-342"">$BTE</a></span> Oil daily chart Looks oil definitely gonna stay above 50 a while. 55+ and beyond plz~</div></div>"
jeremy80,False,2019-01-14 12:13:00,2.772,"<div class=""MessageStreamView__body___2giLh""><div><span><a data-event=""click"" data-for=""cashTag"" data-tip=""AKS"" href=""/symbol/AKS"" id=""AKS-150562988-345"">$AKS</a></span> just saying</div></div>"
Berserk74,True,2019-01-14 12:11:00,2.775,"<div class=""MessageStreamView__body___2giLh""><div><span><a data-event=""click"" data-for=""cashTag"" data-tip=""CHK"" href=""/symbol/CHK"" id=""CHK-150562640-348"">$CHK</a></span> <span><a data-event=""click"" data-for=""cashTag"" data-tip=""JCP"" href=""/symbol/JCP"" id=""JCP-150562640-349"">$JCP</a></span> <span><a data-event=""click"" data-for=""cashTag"" data-tip=""AKS"" href=""/symbol/AKS"" id=""AKS-150562640-350"">$AKS</a></span> <span><a data-event=""click"" data-for=""cashTag"" data-tip=""ESV"" href=""/symbol/ESV"" id=""ESV-150562640-351"">$ESV</a></span> <span><a data-event=""click"" data-for=""cashTag"" data-tip=""NBR"" href=""/symbol/NBR"" id=""NBR-150562640-352"">$NBR</a></span> <span><a data-event=""click"" data-for=""cashTag"" data-tip=""CRR"" href=""/symbol/CRR"" id=""CRR-150562640-353"">$CRR</a></span> <span><a data-event=""click"" data-for=""cashTag"" data-tip=""SWN"" href=""/symbol/SWN"" id=""SWN-150562640-354"">$SWN</a></span> <span><a data-event=""click"" data-for=""cashTag"" data-tip=""DNR"" href=""/symbol/DNR"" id=""DNR-150562640-355"">$DNR</a></span> <span><a data-event=""click"" data-for=""cashTag"" data-tip=""HK"" href=""/symbol/HK"" id=""HK-150562640-356"">$HK</a></span> No sell off on last Friday=green week this week. So far not bad at all. Market going green eod?</div></div>"
