BioMedInvestor,True,2019-01-14 15:25:00,14.667,"<div class=""MessageStreamView__body___2giLh""><div><span><a data-event=""click"" data-for=""cashTag"" data-tip=""ARWR"" href=""/symbol/ARWR"" id=""ARWR-150591752-83"">$ARWR</a></span> 13G Oppenheimer 8.46% ownership:   <a data-event=""click"" href=""http://ir.arrowheadpharma.com/node/14251/html"" rel=""noopener nofollow"" target=""_blank"">ir.arrowheadpharma.com/node...</a></div></div>"
johnnygogogo,True,2019-01-14 14:46:00,14.645,"<div class=""MessageStreamView__body___2giLh""><div><span><a data-event=""click"" data-for=""cashTag"" data-tip=""ARWR"" href=""/symbol/ARWR"" id=""ARWR-150585310-92"">$ARWR</a></span> not much left to borrow, according to IB. This dip got bought quick.</div></div>"
elivandyne,True,2019-01-14 14:11:00,14.688,"<div class=""MessageStreamView__body___2giLh""><div><span><a data-event=""click"" data-for=""cashTag"" data-tip=""ARWR"" href=""/symbol/ARWR"" id=""ARWR-150580245-95"">$ARWR</a></span> slowly I turned. Step by step..</div></div>"
shummy,True,2019-01-14 12:04:00,14.41,"<div class=""MessageStreamView__body___2giLh""><div><span><a data-event=""click"" data-for=""cashTag"" data-tip=""ARWR"" href=""/symbol/ARWR"" id=""ARWR-150561660-98"">$ARWR</a></span> yawn</div></div>"
LeftyT,True,2019-01-14 09:45:00,14.212,"<div class=""MessageStreamView__body___2giLh""><div><span><a data-event=""click"" data-for=""cashTag"" data-tip=""ARWR"" href=""/symbol/ARWR"" id=""ARWR-150539122-104"">$ARWR</a></span> Time to start buying again. Picked up more at 14.10 and looking for more cheap shares...</div></div>"
