mahe5204,True,2019-01-14 15:47:00,7.42,"<div class=""MessageStreamView__body___2giLh""><div><span><a data-event=""click"" data-for=""cashTag"" data-tip=""AUPH"" href=""/symbol/AUPH"" id=""AUPH-150595308-431"">$AUPH</a></span> <span><a data-event=""click"" data-for=""cashTag"" data-tip=""MBOT"" href=""/symbol/MBOT"" id=""MBOT-150595308-432"">$MBOT</a></span> move coming here on AUPH. Drugs valued way way above. Price not reflecting it yet. Stock will move like <span><a data-event=""click"" data-for=""cashTag"" data-tip=""SRPT"" href=""/symbol/SRPT"" id=""SRPT-150595308-433"">$SRPT</a></span> on drug dat</div></div>"
mahe5204,True,2019-01-14 15:39:00,7.41,"<div class=""MessageStreamView__body___2giLh""><div><span><a data-event=""click"" data-for=""cashTag"" data-tip=""AUPH"" href=""/symbol/AUPH"" id=""AUPH-150593985-442"">$AUPH</a></span> I am sitting on 100%+ profit on this. AUPH May be 1000%+ game. This company drugs r much needed. Doctors said it.</div></div>"
flyhigh7,True,2019-01-14 15:37:00,7.39,"<div class=""MessageStreamView__body___2giLh""><div><span><a data-event=""click"" data-for=""cashTag"" data-tip=""AUPH"" href=""/symbol/AUPH"" id=""AUPH-150593752-448"">$AUPH</a></span> Tutes are scooping shares up...wouldn’t want to be short when news hits!</div></div>"
elegantcapital,True,2019-01-14 15:28:00,7.431,"<div class=""MessageStreamView__body___2giLh""><div><span><a data-event=""click"" data-for=""cashTag"" data-tip=""AUPH"" href=""/symbol/AUPH"" id=""AUPH-150592242-454"">$AUPH</a></span> close 100k share buy which pushed it up to 7.66.  Big boys loading.</div></div>"
itsgonnahappen,True,2019-01-14 15:08:00,7.479,"<div class=""MessageStreamView__body___2giLh""><div><span><a data-event=""click"" data-for=""cashTag"" data-tip=""AUPH"" href=""/symbol/AUPH"" id=""AUPH-150588742-457"">$AUPH</a></span> Well I predicted today after the 14th. the close, news. Maybe not.</div></div>"
jcljack25,True,2019-01-14 15:01:00,7.48,"<div class=""MessageStreamView__body___2giLh""><div><span><a data-event=""click"" data-for=""cashTag"" data-tip=""AUPH"" href=""/symbol/AUPH"" id=""AUPH-150587756-460"">$AUPH</a></span> Shaking out the weak hands like they did in 2016. Buy the dips</div></div>"
nomadb,True,2019-01-14 14:12:00,7.57,"<div class=""MessageStreamView__body___2giLh""><div><span><a data-event=""click"" data-for=""cashTag"" data-tip=""AUPH"" href=""/symbol/AUPH"" id=""AUPH-150580492-478"">$AUPH</a></span> Good morning Auph! 😍💰🤑 How are those shorts and puts doing? Is shitbear still running his mouth?</div></div>"
groete,True,2019-01-14 14:10:00,7.583,"<div class=""MessageStreamView__body___2giLh""><div><span><a data-event=""click"" data-for=""cashTag"" data-tip=""AUPH"" href=""/symbol/AUPH"" id=""AUPH-150580192-484"">$AUPH</a></span> <span><a data-event=""click"" data-for=""cashTag"" data-tip=""NBEV"" href=""/symbol/NBEV"" id=""NBEV-150580192-485"">$NBEV</a></span> Doing Well for my next sun tanning session</div></div>"
SteveTexans,True,2019-01-14 14:09:00,7.573,"<div class=""MessageStreamView__body___2giLh""><div><span><a data-event=""click"" data-for=""cashTag"" data-tip=""AUPH"" href=""/symbol/AUPH"" id=""AUPH-150579902-488"">$AUPH</a></span> <a data-event=""click"" href=""http://theauphians.blogspot.com/2017/06/june-8-2017-voclosporin-will-be.html"" rel=""noopener nofollow"" target=""_blank"">theauphians.blogspot.com/20...</a></div></div>"
dnschnbrn,True,2019-01-14 13:46:00,7.63,"<div class=""MessageStreamView__body___2giLh""><div><span><a data-event=""click"" data-for=""cashTag"" data-tip=""AUPH"" href=""/symbol/AUPH"" id=""AUPH-150576441-500"">$AUPH</a></span>  $4 before $8  :)</div></div>"
Stock_Expert_Not,True,2019-01-14 13:46:00,7.63,"<div class=""MessageStreamView__body___2giLh""><div><span><a data-event=""click"" data-for=""cashTag"" data-tip=""AUPH"" href=""/symbol/AUPH"" id=""AUPH-150576421-503"">$AUPH</a></span> And suddenly, all those thinking they could buy cheap.... couldn't.   Tsk.  Tsk.</div></div>"
Dream_Catcher,True,2019-01-14 13:46:00,7.63,"<div class=""MessageStreamView__body___2giLh""><div><span><a data-event=""click"" data-for=""cashTag"" data-tip=""AUPH"" href=""/symbol/AUPH"" id=""AUPH-150576332-506"">$AUPH</a></span> power move!</div></div>"
kyphem,True,2019-01-14 13:46:00,7.63,"<div class=""MessageStreamView__body___2giLh""><div><span><a data-event=""click"" data-for=""cashTag"" data-tip=""AUPH"" href=""/symbol/AUPH"" id=""AUPH-150576310-509"">$AUPH</a></span> shorts you better start covering :)</div></div>"
RonSwanson1,True,2019-01-14 13:45:00,7.627,"<div class=""MessageStreamView__body___2giLh""><div><span><a data-event=""click"" data-for=""cashTag"" data-tip=""AUPH"" href=""/symbol/AUPH"" id=""AUPH-150576288-512"">$AUPH</a></span> Muahahaha Run shorts! RUNNN!</div></div>"
frozen_balls,True,2019-01-14 13:44:00,7.63,"<div class=""MessageStreamView__body___2giLh""><div><span><a data-event=""click"" data-for=""cashTag"" data-tip=""AUPH"" href=""/symbol/AUPH"" id=""AUPH-150576129-515"">$AUPH</a></span> Told ya..chill...we’re good</div></div>"
MrHett,True,2019-01-14 13:44:00,7.63,"<div class=""MessageStreamView__body___2giLh""><div><span><a data-event=""click"" data-for=""cashTag"" data-tip=""AUPH"" href=""/symbol/AUPH"" id=""AUPH-150576026-518"">$AUPH</a></span> wow!</div></div>"
kyphem,True,2019-01-14 13:39:00,7.58,"<div class=""MessageStreamView__body___2giLh""><div><span><a data-event=""click"" data-for=""cashTag"" data-tip=""AUPH"" href=""/symbol/AUPH"" id=""AUPH-150575357-530"">$AUPH</a></span> go go go</div></div>"
jrobbins64,True,2019-01-14 13:38:00,7.58,"<div class=""MessageStreamView__body___2giLh""><div><span><a data-event=""click"" data-for=""cashTag"" data-tip=""AUPH"" href=""/symbol/AUPH"" id=""AUPH-150575227-536"">$AUPH</a></span> If VOS beats restasis (<span><a data-event=""click"" data-for=""cashTag"" data-tip=""1B"" href=""/symbol/1B"" id=""1B-150575227-537"">$1B</a></span>/yr drug) head-to-head in this ph II, AUPH's <span><a data-event=""click"" data-for=""cashTag"" data-tip=""630M"" href=""/symbol/630M"" id=""630M-150575227-538"">$630M</a></span> market cap will at least double.</div></div>"
ssee,True,2019-01-14 13:38:00,7.58,"<div class=""MessageStreamView__body___2giLh""><div><span><a data-event=""click"" data-for=""cashTag"" data-tip=""AUPH"" href=""/symbol/AUPH"" id=""AUPH-150575125-541"">$AUPH</a></span> get back down =)</div></div>"
jcljack25,True,2019-01-14 13:37:00,7.56,"<div class=""MessageStreamView__body___2giLh""><div><span><a data-event=""click"" data-for=""cashTag"" data-tip=""AUPH"" href=""/symbol/AUPH"" id=""AUPH-150575007-544"">$AUPH</a></span> Glickman is going to get top dollar when this gets a buyout.</div></div>"
tiemyshoe,True,2019-01-14 13:37:00,7.56,"<div class=""MessageStreamView__body___2giLh""><div><span><a data-event=""click"" data-for=""cashTag"" data-tip=""AUPH"" href=""/symbol/AUPH"" id=""AUPH-150574964-547"">$AUPH</a></span> it’s alive !!!!!</div></div>"
itsgonnahappen,True,2019-01-14 13:34:00,7.532,"<div class=""MessageStreamView__body___2giLh""><div><span><a data-event=""click"" data-for=""cashTag"" data-tip=""AUPH"" href=""/symbol/AUPH"" id=""AUPH-150574588-553"">$AUPH</a></span> damned, it's acting like a spring ready to let go.</div></div>"
RonSwanson1,True,2019-01-14 13:04:00,7.457,"<div class=""MessageStreamView__body___2giLh""><div><span><a data-event=""click"" data-for=""cashTag"" data-tip=""AUPH"" href=""/symbol/AUPH"" id=""AUPH-150570217-565"">$AUPH</a></span> Almost half way there! Still defending this statement <span class=""UserProfileLink__container___2JY3s""><a data-event=""click"" href=""/BearShit"" id=""user-profile-BearShit-1547602143248-566"">@BearShit</a></span> ???</div></div>"
UptownNick,True,2019-01-14 12:27:00,7.429,"<div class=""MessageStreamView__body___2giLh""><div><span><a data-event=""click"" data-for=""cashTag"" data-tip=""AUPH"" href=""/symbol/AUPH"" id=""AUPH-150565139-575"">$AUPH</a></span> if ATM hasn't been used by now seems fair gluck expects price higher before/after data,and idt he'd expect much higher than7.5 predata</div></div>"
Etabeta,True,2019-01-14 12:25:00,7.44,"<div class=""MessageStreamView__body___2giLh""><div><span><a data-event=""click"" data-for=""cashTag"" data-tip=""AUPH"" href=""/symbol/AUPH"" id=""AUPH-150564806-578"">$AUPH</a></span></div></div>"
IrritatedRhino,True,2019-01-14 12:18:00,7.44,"<div class=""MessageStreamView__body___2giLh""><div><span><a data-event=""click"" data-for=""cashTag"" data-tip=""AUPH"" href=""/symbol/AUPH"" id=""AUPH-150563678-581"">$AUPH</a></span> </div></div>"
Dream_Catcher,True,2019-01-14 12:16:00,7.421,"<div class=""MessageStreamView__body___2giLh""><div><span><a data-event=""click"" data-for=""cashTag"" data-tip=""AUPH"" href=""/symbol/AUPH"" id=""AUPH-150563356-584"">$AUPH</a></span> “For those about to rock, we salute you!!!”</div></div>"
KenCowboys,True,2019-01-14 12:05:00,7.42,"<div class=""MessageStreamView__body___2giLh""><div><span><a data-event=""click"" data-for=""cashTag"" data-tip=""AUPH"" href=""/symbol/AUPH"" id=""AUPH-150561818-587"">$AUPH</a></span> my ‘Boys failed Saturday but AUPH will win!</div></div>"
luke4242,True,2019-01-14 11:51:00,7.448,"<div class=""MessageStreamView__body___2giLh""><div><span><a data-event=""click"" data-for=""cashTag"" data-tip=""AUPH"" href=""/symbol/AUPH"" id=""AUPH-150559845-596"">$AUPH</a></span> here we go</div></div>"
Dameistro,True,2019-01-14 11:50:00,7.445,"<div class=""MessageStreamView__body___2giLh""><div><span><a data-event=""click"" data-for=""cashTag"" data-tip=""AUPH"" href=""/symbol/AUPH"" id=""AUPH-150559784-599"">$AUPH</a></span> shorts getting fried on MBOT. that's gonna be the short's in here very soon!</div></div>"
JBRUN,True,2019-01-14 11:39:00,7.42,"<div class=""MessageStreamView__body___2giLh""><div><span><a data-event=""click"" data-for=""cashTag"" data-tip=""AUPH"" href=""/symbol/AUPH"" id=""AUPH-150557999-602"">$AUPH</a></span> </div></div>"
Labelguy1122,True,2019-01-14 11:39:00,7.42,"<div class=""MessageStreamView__body___2giLh""><div><span><a data-event=""click"" data-for=""cashTag"" data-tip=""AUPH"" href=""/symbol/AUPH"" id=""AUPH-150557945-605"">$AUPH</a></span> lets go!</div></div>"
nlrmandate,True,2019-01-14 11:15:00,7.36,"<div class=""MessageStreamView__body___2giLh""><div><span><a data-event=""click"" data-for=""cashTag"" data-tip=""CRBP"" href=""/symbol/CRBP"" id=""CRBP-150554255-608"">$CRBP</a></span> <span><a data-event=""click"" data-for=""cashTag"" data-tip=""AUPH"" href=""/symbol/AUPH"" id=""AUPH-150554255-609"">$AUPH</a></span></div></div>"
targa4u,True,2019-01-14 11:08:00,7.323,"<div class=""MessageStreamView__body___2giLh""><div><span><a data-event=""click"" data-for=""cashTag"" data-tip=""AUPH"" href=""/symbol/AUPH"" id=""AUPH-150553087-612"">$AUPH</a></span>  believe</div></div>"
JBRUN,True,2019-01-14 11:08:00,7.323,"<div class=""MessageStreamView__body___2giLh""><div><span><a data-event=""click"" data-for=""cashTag"" data-tip=""AUPH"" href=""/symbol/AUPH"" id=""AUPH-150553082-615"">$AUPH</a></span> nice!</div></div>"
NoIamSpartacus,True,2019-01-14 10:55:00,7.334,"<div class=""MessageStreamView__body___2giLh""><div><span><a data-event=""click"" data-for=""cashTag"" data-tip=""AUPH"" href=""/symbol/AUPH"" id=""AUPH-150550939-618"">$AUPH</a></span> If you believe...well then...it's time pull out your big chips &amp; load upon the dip!</div></div>"
bulldogmoney,True,2019-01-14 10:45:00,7.291,"<div class=""MessageStreamView__body___2giLh""><div><span><a data-event=""click"" data-for=""cashTag"" data-tip=""AUPH"" href=""/symbol/AUPH"" id=""AUPH-150549356-621"">$AUPH</a></span> when is latest date of new data info?</div></div>"
elegantcapital,True,2019-01-14 10:03:00,7.309,"<div class=""MessageStreamView__body___2giLh""><div><span><a data-event=""click"" data-for=""cashTag"" data-tip=""AUPH"" href=""/symbol/AUPH"" id=""AUPH-150542241-624"">$AUPH</a></span> bet we close green</div></div>"
Dameistro,True,2019-01-14 09:57:00,7.286,"<div class=""MessageStreamView__body___2giLh""><div><span><a data-event=""click"" data-for=""cashTag"" data-tip=""AUPH"" href=""/symbol/AUPH"" id=""AUPH-150541257-627"">$AUPH</a></span> stay above 7 and my face look like dis</div></div>"
Dameistro,True,2019-01-14 09:38:00,7.295,"<div class=""MessageStreamView__body___2giLh""><div><span><a data-event=""click"" data-for=""cashTag"" data-tip=""AUPH"" href=""/symbol/AUPH"" id=""AUPH-150537856-636"">$AUPH</a></span> short float dropped 2%</div></div>"
johntall,True,2019-01-14 09:36:00,7.311,"<div class=""MessageStreamView__body___2giLh""><div><span><a data-event=""click"" data-for=""cashTag"" data-tip=""AUPH"" href=""/symbol/AUPH"" id=""AUPH-150537609-639"">$AUPH</a></span> If you believe in: the science, the mgmt team and the medical need,...... then find a hobby and stop the daily stressing.</div></div>"
