SandraBullish,True,2019-01-14 15:19:00,1.852,"<div class=""MessageStreamView__body___2giLh""><div><span><a data-event=""click"" data-for=""cashTag"" data-tip=""AVEO"" href=""/symbol/AVEO"" id=""AVEO-150590724-154"">$AVEO</a></span> let’s gooo</div></div>"
FatNinjaRider,True,2019-01-14 13:05:00,1.869,"<div class=""MessageStreamView__body___2giLh""><div><span><a data-event=""click"" data-for=""cashTag"" data-tip=""AVEO"" href=""/symbol/AVEO"" id=""AVEO-150570317-175"">$AVEO</a></span> being raided, don't sell!</div></div>"
BayDayTrader,True,2019-01-14 13:00:00,1.866,"<div class=""MessageStreamView__body___2giLh""><div><span><a data-event=""click"" data-for=""cashTag"" data-tip=""AVEO"" href=""/symbol/AVEO"" id=""AVEO-150569605-178"">$AVEO</a></span> let’s get this bad boy above $2.00 by the end of this week!</div></div>"
Bigduke,True,2019-01-14 10:13:00,1.95,"<div class=""MessageStreamView__body___2giLh""><div><span><a data-event=""click"" data-for=""cashTag"" data-tip=""AVEO"" href=""/symbol/AVEO"" id=""AVEO-150544199-202"">$AVEO</a></span> ASCO soon, worth hanging for, never know. Insiders bought for a reason. That keeps me here</div></div>"
richard74,True,2019-01-14 10:03:00,1.95,"<div class=""MessageStreamView__body___2giLh""><div><span><a data-event=""click"" data-for=""cashTag"" data-tip=""JD"" href=""/symbol/JD"" id=""JD-150542309-205"">$JD</a></span> <span><a data-event=""click"" data-for=""cashTag"" data-tip=""TGT"" href=""/symbol/TGT"" id=""TGT-150542309-206"">$TGT</a></span> <span><a data-event=""click"" data-for=""cashTag"" data-tip=""CBAY"" href=""/symbol/CBAY"" id=""CBAY-150542309-207"">$CBAY</a></span> <span><a data-event=""click"" data-for=""cashTag"" data-tip=""AVEO"" href=""/symbol/AVEO"" id=""AVEO-150542309-208"">$AVEO</a></span>
<span><a data-event=""click"" data-for=""cashTag"" data-tip=""RBS"" href=""/symbol/RBS"" id=""RBS-150542309-209"">$RBS</a></span>
<span><a data-event=""click"" data-for=""cashTag"" data-tip=""CHK"" href=""/symbol/CHK"" id=""CHK-150542309-210"">$CHK</a></span></div></div>"
