WyattEurope,True,2019-01-14 15:51:00,0.3436,"<div class=""MessageStreamView__body___2giLh""><div><span><a data-event=""click"" data-for=""cashTag"" data-tip=""AVGR"" href=""/symbol/AVGR"" id=""AVGR-150596009-479"">$AVGR</a></span> I prefer a slow steady climb upward on better than avg. vol., I don't like is the big red candles on the 1 min. chart though. GO AVGR!</div></div>"
TheDice,True,2019-01-14 15:45:00,0.3468,"<div class=""MessageStreamView__body___2giLh""><div><span><a data-event=""click"" data-for=""cashTag"" data-tip=""AVGR"" href=""/symbol/AVGR"" id=""AVGR-150594940-482"">$AVGR</a></span> come on let’s do this 37 cents so close !!!!!</div></div>"
ClimbthisD,True,2019-01-14 15:44:00,0.3474,"<div class=""MessageStreamView__body___2giLh""><div><span><a data-event=""click"" data-for=""cashTag"" data-tip=""AVGR"" href=""/symbol/AVGR"" id=""AVGR-150594836-485"">$AVGR</a></span> 👀👀👀👀👀👀👀👀</div></div>"
donetta,True,2019-01-14 15:44:00,0.3474,"<div class=""MessageStreamView__body___2giLh""><div><span><a data-event=""click"" data-for=""cashTag"" data-tip=""AVGR"" href=""/symbol/AVGR"" id=""AVGR-150594779-488"">$AVGR</a></span> news in the morning would be awesome</div></div>"
donetta,True,2019-01-14 15:43:00,0.3523,"<div class=""MessageStreamView__body___2giLh""><div><span><a data-event=""click"" data-for=""cashTag"" data-tip=""AVGR"" href=""/symbol/AVGR"" id=""AVGR-150594724-491"">$AVGR</a></span> did great all day. maybe the run tomorrow</div></div>"
stockcloud,True,2019-01-14 15:34:00,0.3438,"<div class=""MessageStreamView__body___2giLh""><div><span><a data-event=""click"" data-for=""cashTag"" data-tip=""AVGR"" href=""/symbol/AVGR"" id=""AVGR-150593250-497"">$AVGR</a></span>  -  TO Watch list - RSI Move -   Volatility Watch</div></div>"
harlem197,True,2019-01-14 15:00:00,0.3411,"<div class=""MessageStreamView__body___2giLh""><div><span><a data-event=""click"" data-for=""cashTag"" data-tip=""SN"" href=""/symbol/SN"" id=""SN-150587516-503"">$SN</a></span> IS A GREAT BUY BEFORE THE BELL CLOSE <span><a data-event=""click"" data-for=""cashTag"" data-tip=""EYEG"" href=""/symbol/EYEG"" id=""EYEG-150587516-504"">$EYEG</a></span> <span><a data-event=""click"" data-for=""cashTag"" data-tip=""AVGR"" href=""/symbol/AVGR"" id=""AVGR-150587516-505"">$AVGR</a></span> <span><a data-event=""click"" data-for=""cashTag"" data-tip=""TOPS"" href=""/symbol/TOPS"" id=""TOPS-150587516-506"">$TOPS</a></span> <span><a data-event=""click"" data-for=""cashTag"" data-tip=""MOSY"" href=""/symbol/MOSY"" id=""MOSY-150587516-507"">$MOSY</a></span></div></div>"
Magellanpennies,True,2019-01-14 14:47:00,0.3449,"<div class=""MessageStreamView__body___2giLh""><div><span><a data-event=""click"" data-for=""cashTag"" data-tip=""AVGR"" href=""/symbol/AVGR"" id=""AVGR-150585525-510"">$AVGR</a></span> just tremendous!!!!</div></div>"
DaddyTrader,True,2019-01-14 14:34:00,0.3467,"<div class=""MessageStreamView__body___2giLh""><div><span><a data-event=""click"" data-for=""cashTag"" data-tip=""AVGR"" href=""/symbol/AVGR"" id=""AVGR-150583556-516"">$AVGR</a></span> Watching and bidding .3466</div></div>"
Stocktor,True,2019-01-14 14:18:00,0.3458,"<div class=""MessageStreamView__body___2giLh""><div><span><a data-event=""click"" data-for=""cashTag"" data-tip=""MBOT"" href=""/symbol/MBOT"" id=""MBOT-150581274-527"">$MBOT</a></span> <span><a data-event=""click"" data-for=""cashTag"" data-tip=""ARGQ"" href=""/symbol/ARGQ"" id=""ARGQ-150581274-528"">$ARGQ</a></span> <span><a data-event=""click"" data-for=""cashTag"" data-tip=""PED"" href=""/symbol/PED"" id=""PED-150581274-529"">$PED</a></span> <span><a data-event=""click"" data-for=""cashTag"" data-tip=""AVGR"" href=""/symbol/AVGR"" id=""AVGR-150581274-530"">$AVGR</a></span> <span><a data-event=""click"" data-for=""cashTag"" data-tip=""DCAR"" href=""/symbol/DCAR"" id=""DCAR-150581274-531"">$DCAR</a></span> looking to have increased volume. Excellent liquidity at these today. Best of luck.</div></div>"
dustindougherty,True,2019-01-14 14:08:00,0.3463,"<div class=""MessageStreamView__body___2giLh""><div><span><a data-event=""click"" data-for=""cashTag"" data-tip=""AVGR"" href=""/symbol/AVGR"" id=""AVGR-150579791-534"">$AVGR</a></span> I was terrified of this company at first now I regret not investing more two weeks ago ☠️</div></div>"
Magellanpennies,True,2019-01-14 14:06:00,0.347,"<div class=""MessageStreamView__body___2giLh""><div><span><a data-event=""click"" data-for=""cashTag"" data-tip=""AVGR"" href=""/symbol/AVGR"" id=""AVGR-150579505-537"">$AVGR</a></span> 🤣🤣🤣🤣🤣🤣🤣</div></div>"
PapaSmurfVA,True,2019-01-14 13:58:00,0.3447,"<div class=""MessageStreamView__body___2giLh""><div><span><a data-event=""click"" data-for=""cashTag"" data-tip=""AVGR"" href=""/symbol/AVGR"" id=""AVGR-150578188-540"">$AVGR</a></span> Push it push it!</div></div>"
Magellanpennies,True,2019-01-14 13:58:00,0.3447,"<div class=""MessageStreamView__body___2giLh""><div><span><a data-event=""click"" data-for=""cashTag"" data-tip=""AVGR"" href=""/symbol/AVGR"" id=""AVGR-150578157-543"">$AVGR</a></span> Tremendous tech. This is a ultra screaming buy. Trading at a huge discount. 
I can see this trading in dollars real soon jmo</div></div>"
jnasral,True,2019-01-14 13:42:00,0.3406,"<div class=""MessageStreamView__body___2giLh""><div><span><a data-event=""click"" data-for=""cashTag"" data-tip=""AVGR"" href=""/symbol/AVGR"" id=""AVGR-150575752-550"">$AVGR</a></span> Volume appears to have dried up for the day.</div></div>"
Magellanpennies,True,2019-01-14 13:00:00,0.346,"<div class=""MessageStreamView__body___2giLh""><div><span><a data-event=""click"" data-for=""cashTag"" data-tip=""AVGR"" href=""/symbol/AVGR"" id=""AVGR-150569656-559"">$AVGR</a></span> 52 week high $9.78?</div></div>"
Bubbajoejack1,True,2019-01-14 12:42:00,0.3463,"<div class=""MessageStreamView__body___2giLh""><div><span><a data-event=""click"" data-for=""cashTag"" data-tip=""AVGR"" href=""/symbol/AVGR"" id=""AVGR-150567030-570"">$AVGR</a></span> maybe it'll work again come on break .36</div></div>"
RickkkyRail77777,True,2019-01-14 12:32:00,0.3498,"<div class=""MessageStreamView__body___2giLh""><div><span><a data-event=""click"" data-for=""cashTag"" data-tip=""AVGR"" href=""/symbol/AVGR"" id=""AVGR-150565795-573"">$AVGR</a></span> positive news due to come put any time now</div></div>"
PLATINUM_TRADES,True,2019-01-14 12:31:00,0.3498,"<div class=""MessageStreamView__body___2giLh""><div><span><a data-event=""click"" data-for=""cashTag"" data-tip=""AVGR"" href=""/symbol/AVGR"" id=""AVGR-150565624-576"">$AVGR</a></span> as I said before. Keep a watch for this. 👍👍👍👍</div></div>"
RickkkyRail77777,True,2019-01-14 12:27:00,0.35,"<div class=""MessageStreamView__body___2giLh""><div><span><a data-event=""click"" data-for=""cashTag"" data-tip=""AVGR"" href=""/symbol/AVGR"" id=""AVGR-150565078-582"">$AVGR</a></span> Target .65+</div></div>"
lolouis,True,2019-01-14 12:25:00,0.3531,"<div class=""MessageStreamView__body___2giLh""><div><span><a data-event=""click"" data-for=""cashTag"" data-tip=""AVGR"" href=""/symbol/AVGR"" id=""AVGR-150564904-585"">$AVGR</a></span> target?</div></div>"
jcmangan,True,2019-01-14 12:25:00,0.3531,"<div class=""MessageStreamView__body___2giLh""><div><span><a data-event=""click"" data-for=""cashTag"" data-tip=""AVGR"" href=""/symbol/AVGR"" id=""AVGR-150564795-588"">$AVGR</a></span> Giving this position a lot more time then I would since the low volume everywhere. This can pop hard still</div></div>"
RickkkyRail77777,True,2019-01-14 12:23:00,0.356,"<div class=""MessageStreamView__body___2giLh""><div><span><a data-event=""click"" data-for=""cashTag"" data-tip=""AVGR"" href=""/symbol/AVGR"" id=""AVGR-150564577-591"">$AVGR</a></span> NEXT STOP .40, then into the gap</div></div>"
jnasral,True,2019-01-14 12:20:00,0.35,"<div class=""MessageStreamView__body___2giLh""><div><span><a data-event=""click"" data-for=""cashTag"" data-tip=""MBOT"" href=""/symbol/MBOT"" id=""MBOT-150564061-594"">$MBOT</a></span> Take your profits to <span><a data-event=""click"" data-for=""cashTag"" data-tip=""AVGR"" href=""/symbol/AVGR"" id=""AVGR-150564061-595"">$AVGR</a></span> - run up to pending FDA approval soon.</div></div>"
GeoHendrix,True,2019-01-14 12:16:00,0.3517,"<div class=""MessageStreamView__body___2giLh""><div><span><a data-event=""click"" data-for=""cashTag"" data-tip=""AVGR"" href=""/symbol/AVGR"" id=""AVGR-150563472-598"">$AVGR</a></span> </div></div>"
RickkkyRail77777,True,2019-01-14 12:13:00,0.3481,"<div class=""MessageStreamView__body___2giLh""><div><span><a data-event=""click"" data-for=""cashTag"" data-tip=""AVGR"" href=""/symbol/AVGR"" id=""AVGR-150562905-601"">$AVGR</a></span> setting up for huge run!</div></div>"
SteelforceGreggTwits,True,2019-01-14 12:08:00,0.3518,"<div class=""MessageStreamView__body___2giLh""><div><span><a data-event=""click"" data-for=""cashTag"" data-tip=""AVGR"" href=""/symbol/AVGR"" id=""AVGR-150562204-610"">$AVGR</a></span>  😎oh yeeeah !</div></div>"
donetta,True,2019-01-14 12:08:00,0.3518,"<div class=""MessageStreamView__body___2giLh""><div><span><a data-event=""click"" data-for=""cashTag"" data-tip=""AVGR"" href=""/symbol/AVGR"" id=""AVGR-150562178-613"">$AVGR</a></span> doing great so far. maybe after lunch some better movement</div></div>"
shorttermtrader,True,2019-01-14 12:07:00,0.355,"<div class=""MessageStreamView__body___2giLh""><div><span><a data-event=""click"" data-for=""cashTag"" data-tip=""AVGR"" href=""/symbol/AVGR"" id=""AVGR-150562139-616"">$AVGR</a></span> running running catch it....</div></div>"
ssoltan91,True,2019-01-14 12:04:00,0.36,"<div class=""MessageStreamView__body___2giLh""><div><span><a data-event=""click"" data-for=""cashTag"" data-tip=""AVGR"" href=""/symbol/AVGR"" id=""AVGR-150561734-622"">$AVGR</a></span> 0.36 wall. break it and run again</div></div>"
anriqmm,True,2019-01-14 12:04:00,0.36,"<div class=""MessageStreamView__body___2giLh""><div><span><a data-event=""click"" data-for=""cashTag"" data-tip=""AVGR"" href=""/symbol/AVGR"" id=""AVGR-150561707-625"">$AVGR</a></span> go go go</div></div>"
dustindougherty,True,2019-01-14 12:01:00,0.3476,"<div class=""MessageStreamView__body___2giLh""><div><span><a data-event=""click"" data-for=""cashTag"" data-tip=""AVGR"" href=""/symbol/AVGR"" id=""AVGR-150561215-628"">$AVGR</a></span> where did the shorts go? I want their money 😈</div></div>"
Neotrocity,True,2019-01-14 11:59:00,0.3474,"<div class=""MessageStreamView__body___2giLh""><div><span><a data-event=""click"" data-for=""cashTag"" data-tip=""AVGR"" href=""/symbol/AVGR"" id=""AVGR-150560893-631"">$AVGR</a></span> in with 10k at .35</div></div>"
Lennn84,True,2019-01-14 11:49:00,0.3483,"<div class=""MessageStreamView__body___2giLh""><div><span><a data-event=""click"" data-for=""cashTag"" data-tip=""AVGR"" href=""/symbol/AVGR"" id=""AVGR-150559505-640"">$AVGR</a></span> Let's go to .4+ !! 💥</div></div>"
Bulls_on_your_parade,True,2019-01-14 11:47:00,0.3501,"<div class=""MessageStreamView__body___2giLh""><div><span><a data-event=""click"" data-for=""cashTag"" data-tip=""SAEX"" href=""/symbol/SAEX"" id=""SAEX-150559263-646"">$SAEX</a></span> <span><a data-event=""click"" data-for=""cashTag"" data-tip=""MBOT"" href=""/symbol/MBOT"" id=""MBOT-150559263-647"">$MBOT</a></span> <span><a data-event=""click"" data-for=""cashTag"" data-tip=""AVGR"" href=""/symbol/AVGR"" id=""AVGR-150559263-648"">$AVGR</a></span> all good for me</div></div>"
RickkkyRail77777,True,2019-01-14 11:47:00,0.3501,"<div class=""MessageStreamView__body___2giLh""><div><span><a data-event=""click"" data-for=""cashTag"" data-tip=""AVGR"" href=""/symbol/AVGR"" id=""AVGR-150559250-651"">$AVGR</a></span> easy move to .40 from here with all the buying</div></div>"
topstockalerts,True,2019-01-14 11:46:00,0.35,"<div class=""MessageStreamView__body___2giLh""><div><span><a data-event=""click"" data-for=""cashTag"" data-tip=""AVGR"" href=""/symbol/AVGR"" id=""AVGR-150559037-654"">$AVGR</a></span> There she goes</div></div>"
TheDice,True,2019-01-14 11:45:00,0.354,"<div class=""MessageStreamView__body___2giLh""><div><span><a data-event=""click"" data-for=""cashTag"" data-tip=""AVGR"" href=""/symbol/AVGR"" id=""AVGR-150558943-657"">$AVGR</a></span> yes !!!!!!!!</div></div>"
Ladybug17,True,2019-01-14 11:44:00,0.3554,"<div class=""MessageStreamView__body___2giLh""><div><span><a data-event=""click"" data-for=""cashTag"" data-tip=""AVGR"" href=""/symbol/AVGR"" id=""AVGR-150558779-660"">$AVGR</a></span> Looking good</div></div>"
RickkkyRail77777,True,2019-01-14 11:44:00,0.3554,"<div class=""MessageStreamView__body___2giLh""><div><span><a data-event=""click"" data-for=""cashTag"" data-tip=""AVGR"" href=""/symbol/AVGR"" id=""AVGR-150558729-663"">$AVGR</a></span> BIG BIDS COMING IN</div></div>"
thedonutman,True,2019-01-14 11:43:00,0.3555,"<div class=""MessageStreamView__body___2giLh""><div><span><a data-event=""click"" data-for=""cashTag"" data-tip=""AVGR"" href=""/symbol/AVGR"" id=""AVGR-150558671-669"">$AVGR</a></span> has establish good barriers to keep others from entering this market.</div></div>"
RickkkyRail77777,True,2019-01-14 11:42:00,0.3533,"<div class=""MessageStreamView__body___2giLh""><div><span><a data-event=""click"" data-for=""cashTag"" data-tip=""AVGR"" href=""/symbol/AVGR"" id=""AVGR-150558540-672"">$AVGR</a></span> there she goes!</div></div>"
thedonutman,True,2019-01-14 11:42:00,0.3533,"<div class=""MessageStreamView__body___2giLh""><div><span><a data-event=""click"" data-for=""cashTag"" data-tip=""AVGR"" href=""/symbol/AVGR"" id=""AVGR-150558482-675"">$AVGR</a></span> got in this morning. Low shares outstanding. Did my homework over weekend.</div></div>"
Dman20200,True,2019-01-14 11:41:00,0.3527,"<div class=""MessageStreamView__body___2giLh""><div><span><a data-event=""click"" data-for=""cashTag"" data-tip=""AVGR"" href=""/symbol/AVGR"" id=""AVGR-150558298-678"">$AVGR</a></span> bingooo ✅🔥👈🏽🙏🏽📖</div></div>"
RickkkyRail77777,True,2019-01-14 11:40:00,0.3502,"<div class=""MessageStreamView__body___2giLh""><div><span><a data-event=""click"" data-for=""cashTag"" data-tip=""AVGR"" href=""/symbol/AVGR"" id=""AVGR-150558221-681"">$AVGR</a></span> .35 resistance has been taken out</div></div>"
Magellanpennies,True,2019-01-14 11:40:00,0.3502,"<div class=""MessageStreamView__body___2giLh""><div><span><a data-event=""click"" data-for=""cashTag"" data-tip=""AVGR"" href=""/symbol/AVGR"" id=""AVGR-150558199-684"">$AVGR</a></span> I'm on board!!!!! To the moon now!!!</div></div>"
jdhopper23,True,2019-01-14 11:40:00,0.3502,"<div class=""MessageStreamView__body___2giLh""><div><span><a data-event=""click"" data-for=""cashTag"" data-tip=""AVGR"" href=""/symbol/AVGR"" id=""AVGR-150558070-687"">$AVGR</a></span> I wonder if any major financial institutions are going to pick back up coverage of this soon?</div></div>"
donetta,True,2019-01-14 11:38:00,0.3467,"<div class=""MessageStreamView__body___2giLh""><div><span><a data-event=""click"" data-for=""cashTag"" data-tip=""AVGR"" href=""/symbol/AVGR"" id=""AVGR-150557853-690"">$AVGR</a></span> volume is getting beter</div></div>"
RickkkyRail77777,True,2019-01-14 11:37:00,0.3479,"<div class=""MessageStreamView__body___2giLh""><div><span><a data-event=""click"" data-for=""cashTag"" data-tip=""AVGR"" href=""/symbol/AVGR"" id=""AVGR-150557688-693"">$AVGR</a></span> SHES GOING!</div></div>"
jdhopper23,True,2019-01-14 11:33:00,0.3478,"<div class=""MessageStreamView__body___2giLh""><div><span><a data-event=""click"" data-for=""cashTag"" data-tip=""AVGR"" href=""/symbol/AVGR"" id=""AVGR-150557054-696"">$AVGR</a></span> About to take off, FDA approval coming soon!  I hope <span><a data-event=""click"" data-for=""cashTag"" data-tip=""SGMO"" href=""/symbol/SGMO"" id=""SGMO-150557054-697"">$SGMO</a></span> <span><a data-event=""click"" data-for=""cashTag"" data-tip=""CRSP"" href=""/symbol/CRSP"" id=""CRSP-150557054-698"">$CRSP</a></span> <span><a data-event=""click"" data-for=""cashTag"" data-tip=""EDIT"" href=""/symbol/EDIT"" id=""EDIT-150557054-699"">$EDIT</a></span> go soon also!  Easy back to $1+ post FDA approval!</div></div>"
RickkkyRail77777,True,2019-01-14 11:29:00,0.3475,"<div class=""MessageStreamView__body___2giLh""><div><span><a data-event=""click"" data-for=""cashTag"" data-tip=""AVGR"" href=""/symbol/AVGR"" id=""AVGR-150556508-702"">$AVGR</a></span> AVGR all over scanners, getting tons of attention</div></div>"
stockcloud,True,2019-01-14 11:27:00,0.3476,"<div class=""MessageStreamView__body___2giLh""><div><span><a data-event=""click"" data-for=""cashTag"" data-tip=""AVGR"" href=""/symbol/AVGR"" id=""AVGR-150556166-705"">$AVGR</a></span> -Called near BottomTimes.Picking up momentum - IMO - Nice Volume -Potential Reversal /Breakout with sustained Volume. Volatility Watch</div></div>"
westtxstocktalk,True,2019-01-14 11:27:00,0.3476,"<div class=""MessageStreamView__body___2giLh""><div><span><a data-event=""click"" data-for=""cashTag"" data-tip=""AVGR"" href=""/symbol/AVGR"" id=""AVGR-150556137-708"">$AVGR</a></span> Lets lush the volume!</div></div>"
onassis,True,2019-01-14 11:24:00,0.3483,"<div class=""MessageStreamView__body___2giLh""><div><span><a data-event=""click"" data-for=""cashTag"" data-tip=""AVGR"" href=""/symbol/AVGR"" id=""AVGR-150555754-711"">$AVGR</a></span> she is ready! Congrats who banked on<span><a data-event=""click"" data-for=""cashTag"" data-tip=""MBOT"" href=""/symbol/MBOT"" id=""MBOT-150555754-712"">$MBOT</a></span> what a monster move!</div></div>"
Dman20200,True,2019-01-14 11:24:00,0.3483,"<div class=""MessageStreamView__body___2giLh""><div><span><a data-event=""click"" data-for=""cashTag"" data-tip=""AVGR"" href=""/symbol/AVGR"" id=""AVGR-150555640-715"">$AVGR</a></span> my Analysis I had mentioned .40s coming son at .30/.31 looks like we heading in that direction this one of the most oversold IMO 📖</div></div>"
RickkkyRail77777,True,2019-01-14 11:22:00,0.3449,"<div class=""MessageStreamView__body___2giLh""><div><span><a data-event=""click"" data-for=""cashTag"" data-tip=""AVGR"" href=""/symbol/AVGR"" id=""AVGR-150555445-718"">$AVGR</a></span>.35 up reedy to explode</div></div>"
jcmangan,True,2019-01-14 11:21:00,0.3449,"<div class=""MessageStreamView__body___2giLh""><div><span><a data-event=""click"" data-for=""cashTag"" data-tip=""AVGR"" href=""/symbol/AVGR"" id=""AVGR-150555167-725"">$AVGR</a></span> and <span><a data-event=""click"" data-for=""cashTag"" data-tip=""TENX"" href=""/symbol/TENX"" id=""TENX-150555167-726"">$TENX</a></span> Potential big movers on a day like today</div></div>"
TheDice,True,2019-01-14 11:20:00,0.3443,"<div class=""MessageStreamView__body___2giLh""><div><span><a data-event=""click"" data-for=""cashTag"" data-tip=""AVGR"" href=""/symbol/AVGR"" id=""AVGR-150555031-729"">$AVGR</a></span> come on let’s do this !!!!!!!</div></div>"
RickkkyRail77777,True,2019-01-14 11:20:00,0.3443,"<div class=""MessageStreamView__body___2giLh""><div><span><a data-event=""click"" data-for=""cashTag"" data-tip=""AVGR"" href=""/symbol/AVGR"" id=""AVGR-150555016-732"">$AVGR</a></span> Huge bids building!!!!!!</div></div>"
Magellanpennies,True,2019-01-14 11:17:00,0.3401,"<div class=""MessageStreamView__body___2giLh""><div><span><a data-event=""click"" data-for=""cashTag"" data-tip=""AVGR"" href=""/symbol/AVGR"" id=""AVGR-150554558-735"">$AVGR</a></span> thinking about buying. Is an RS imminent here due to non compliance?</div></div>"
Luke42o,True,2019-01-14 11:12:00,0.3413,"<div class=""MessageStreamView__body___2giLh""><div><span><a data-event=""click"" data-for=""cashTag"" data-tip=""AVGR"" href=""/symbol/AVGR"" id=""AVGR-150553783-738"">$AVGR</a></span> good day for AVGR</div></div>"
jnasral,True,2019-01-14 10:56:00,0.3411,"<div class=""MessageStreamView__body___2giLh""><div><span><a data-event=""click"" data-for=""cashTag"" data-tip=""AVGR"" href=""/symbol/AVGR"" id=""AVGR-150551174-744"">$AVGR</a></span> Nice steady climb is always good.</div></div>"
onassis,True,2019-01-14 10:55:00,0.3408,"<div class=""MessageStreamView__body___2giLh""><div><span><a data-event=""click"" data-for=""cashTag"" data-tip=""AVGR"" href=""/symbol/AVGR"" id=""AVGR-150551022-750"">$AVGR</a></span> long!</div></div>"
RickkkyRail77777,True,2019-01-14 10:47:00,0.3451,"<div class=""MessageStreamView__body___2giLh""><div><span><a data-event=""click"" data-for=""cashTag"" data-tip=""AVGR"" href=""/symbol/AVGR"" id=""AVGR-150549701-756"">$AVGR</a></span> ABOUT TO EXPLODE! all over radars now</div></div>"
Lennn84,True,2019-01-14 10:46:00,0.345,"<div class=""MessageStreamView__body___2giLh""><div><span><a data-event=""click"" data-for=""cashTag"" data-tip=""AVGR"" href=""/symbol/AVGR"" id=""AVGR-150549583-759"">$AVGR</a></span> Looking good!! 💥</div></div>"
stockcloud,True,2019-01-14 10:43:00,0.3412,"<div class=""MessageStreamView__body___2giLh""><div><span><a data-event=""click"" data-for=""cashTag"" data-tip=""AVGR"" href=""/symbol/AVGR"" id=""AVGR-150549079-768"">$AVGR</a></span>  - Called near Bottom - Nice Reversal Trend -  Potential reversal/Breakout with sustained Volume/Momentum  Volatility Watch</div></div>"
RawlsRoyce,True,2019-01-14 10:43:00,0.3412,"<div class=""MessageStreamView__body___2giLh""><div><span><a data-event=""click"" data-for=""cashTag"" data-tip=""AVGR"" href=""/symbol/AVGR"" id=""AVGR-150548980-771"">$AVGR</a></span> 🔥🔥🔥</div></div>"
donetta,True,2019-01-14 10:37:00,0.3395,"<div class=""MessageStreamView__body___2giLh""><div><span><a data-event=""click"" data-for=""cashTag"" data-tip=""AVGR"" href=""/symbol/AVGR"" id=""AVGR-150548033-780"">$AVGR</a></span> nice squeeze coming</div></div>"
Nitrothugg,True,2019-01-14 10:19:00,0.3349,"<div class=""MessageStreamView__body___2giLh""><div><span><a data-event=""click"" data-for=""cashTag"" data-tip=""AVGR"" href=""/symbol/AVGR"" id=""AVGR-150545226-786"">$AVGR</a></span></div></div>"
Bubbajoejack1,True,2019-01-14 10:15:00,0.3301,"<div class=""MessageStreamView__body___2giLh""><div><span><a data-event=""click"" data-for=""cashTag"" data-tip=""AVGR"" href=""/symbol/AVGR"" id=""AVGR-150544468-792"">$AVGR</a></span> 800 k vol good start</div></div>"
TheDice,True,2019-01-14 10:12:00,0.335,"<div class=""MessageStreamView__body___2giLh""><div><span><a data-event=""click"" data-for=""cashTag"" data-tip=""AVGR"" href=""/symbol/AVGR"" id=""AVGR-150543892-795"">$AVGR</a></span> come on already let’s do this !!!!!!!</div></div>"
PapaSmurfVA,True,2019-01-14 10:06:00,0.3387,"<div class=""MessageStreamView__body___2giLh""><div><span><a data-event=""click"" data-for=""cashTag"" data-tip=""AVGR"" href=""/symbol/AVGR"" id=""AVGR-150542797-801"">$AVGR</a></span> More vol needed to push through .34. .38 above is the kicker</div></div>"
GodPlutus,True,2019-01-14 10:04:00,0.344,"<div class=""MessageStreamView__body___2giLh""><div><span><a data-event=""click"" data-for=""cashTag"" data-tip=""AVGR"" href=""/symbol/AVGR"" id=""AVGR-150542369-804"">$AVGR</a></span> Called it perfectly. Locked some profits here and letting the rest ride. Looking for more here.</div></div>"
Dman20200,True,2019-01-14 10:04:00,0.344,"<div class=""MessageStreamView__body___2giLh""><div><span><a data-event=""click"" data-for=""cashTag"" data-tip=""AVGR"" href=""/symbol/AVGR"" id=""AVGR-150542366-807"">$AVGR</a></span> looks like my 1st 💯 call of 2019 called it Bottom .18ish🙏🏽📖👈🏽👈🏽</div></div>"
memccarty,True,2019-01-14 10:04:00,0.344,"<div class=""MessageStreamView__body___2giLh""><div><span><a data-event=""click"" data-for=""cashTag"" data-tip=""AVGR"" href=""/symbol/AVGR"" id=""AVGR-150542340-810"">$AVGR</a></span> shorts will have to cover if this keeps up.</div></div>"
RawlsRoyce,True,2019-01-14 10:02:00,0.3379,"<div class=""MessageStreamView__body___2giLh""><div><span><a data-event=""click"" data-for=""cashTag"" data-tip=""AVGR"" href=""/symbol/AVGR"" id=""AVGR-150542099-816"">$AVGR</a></span> 👆🏻</div></div>"
Bubbajoejack1,True,2019-01-14 09:58:00,0.3341,"<div class=""MessageStreamView__body___2giLh""><div><span><a data-event=""click"" data-for=""cashTag"" data-tip=""AVGR"" href=""/symbol/AVGR"" id=""AVGR-150541375-819"">$AVGR</a></span> come on break .34</div></div>"
PapaSmurfVA,True,2019-01-14 09:55:00,0.33,"<div class=""MessageStreamView__body___2giLh""><div><span><a data-event=""click"" data-for=""cashTag"" data-tip=""AVGR"" href=""/symbol/AVGR"" id=""AVGR-150540921-822"">$AVGR</a></span> <span><a data-event=""click"" data-for=""cashTag"" data-tip=""MICT"" href=""/symbol/MICT"" id=""MICT-150540921-823"">$MICT</a></span> let's see</div></div>"
Bubbajoejack1,True,2019-01-14 09:42:00,0.3279,"<div class=""MessageStreamView__body___2giLh""><div><span><a data-event=""click"" data-for=""cashTag"" data-tip=""AVGR"" href=""/symbol/AVGR"" id=""AVGR-150538603-829"">$AVGR</a></span> I'm in</div></div>"
rotorhead60,True,2019-01-14 09:34:00,0.3294,"<div class=""MessageStreamView__body___2giLh""><div><span><a data-event=""click"" data-for=""cashTag"" data-tip=""AVGR"" href=""/symbol/AVGR"" id=""AVGR-150537188-832"">$AVGR</a></span> ok FDA. I need a “Chiefs Super Bowl in ATL Fund”......Engage.</div></div>"
PapaSmurfVA,True,2019-01-14 09:30:00,0.3341,"<div class=""MessageStreamView__body___2giLh""><div><span><a data-event=""click"" data-for=""cashTag"" data-tip=""AVGR"" href=""/symbol/AVGR"" id=""AVGR-150536754-835"">$AVGR</a></span> .58 let's break that .38-40. .34 still some resistance</div></div>"
donetta,True,2019-01-14 09:30:00,0.3341,"<div class=""MessageStreamView__body___2giLh""><div><span><a data-event=""click"" data-for=""cashTag"" data-tip=""AVGR"" href=""/symbol/AVGR"" id=""AVGR-150536645-838"">$AVGR</a></span> </div></div>"
