kabuli,False,2019-01-14 15:29:00,7.652,"<div class=""MessageStreamView__body___2giLh""><div><span><a data-event=""click"" data-for=""cashTag"" data-tip=""AXSM"" href=""/symbol/AXSM"" id=""AXSM-150592454-662"">$AXSM</a></span> Not That every coming catalyst news can be positive. 👌</div></div>"
FishisAllin,False,2019-01-14 14:57:00,7.634,"<div class=""MessageStreamView__body___2giLh""><div><span><a data-event=""click"" data-for=""cashTag"" data-tip=""AXSM"" href=""/symbol/AXSM"" id=""AXSM-150587018-675"">$AXSM</a></span> I wonder how long before the inevitable happens.</div></div>"
kabuli,False,2019-01-14 14:54:00,7.649,"<div class=""MessageStreamView__body___2giLh""><div><span><a data-event=""click"" data-for=""cashTag"" data-tip=""AXSM"" href=""/symbol/AXSM"" id=""AXSM-150586541-678"">$AXSM</a></span> On Friday it spiked even higher, ATM is still going on. 👍</div></div>"
No1Tr8dr,False,2019-01-14 14:53:00,7.663,"<div class=""MessageStreamView__body___2giLh""><div><span><a data-event=""click"" data-for=""cashTag"" data-tip=""AXSM"" href=""/symbol/AXSM"" id=""AXSM-150586390-681"">$AXSM</a></span> what are the odds for offering?</div></div>"
s0phisticatedtrdr,True,2019-01-14 14:50:00,7.692,"<div class=""MessageStreamView__body___2giLh""><div><span><a data-event=""click"" data-for=""cashTag"" data-tip=""AXSM"" href=""/symbol/AXSM"" id=""AXSM-150586011-684"">$AXSM</a></span> I am still waiting for the BIGGER squeeze. Haven't abandoned. Just keeping it to the side until it is day-trade-able, too! :)</div></div>"
NattyTwits,False,2019-01-14 14:50:00,7.692,"<div class=""MessageStreamView__body___2giLh""><div><span><a data-event=""click"" data-for=""cashTag"" data-tip=""AXSM"" href=""/symbol/AXSM"" id=""AXSM-150585924-687"">$AXSM</a></span> pathetic shix</div></div>"
xio8ups,False,2019-01-14 14:33:00,7.57,"<div class=""MessageStreamView__body___2giLh""><div><span><a data-event=""click"" data-for=""cashTag"" data-tip=""AXSM"" href=""/symbol/AXSM"" id=""AXSM-150583525-699"">$AXSM</a></span> No real point in watching till after the 18th see ya guys.</div></div>"
Mahi_Mahi,False,2019-01-14 14:20:00,7.543,"<div class=""MessageStreamView__body___2giLh""><div><span><a data-event=""click"" data-for=""cashTag"" data-tip=""AXSM"" href=""/symbol/AXSM"" id=""AXSM-150581617-707"">$AXSM</a></span> We are still here and adding, its just a matter of time before its back to 3.00</div></div>"
xio8ups,False,2019-01-14 13:30:00,7.429,"<div class=""MessageStreamView__body___2giLh""><div><span><a data-event=""click"" data-for=""cashTag"" data-tip=""AXSM"" href=""/symbol/AXSM"" id=""AXSM-150573918-720"">$AXSM</a></span> sucsh a scam company</div></div>"
Vmr330,True,2019-01-14 13:23:00,7.406,"<div class=""MessageStreamView__body___2giLh""><div><span><a data-event=""click"" data-for=""cashTag"" data-tip=""AXSM"" href=""/symbol/AXSM"" id=""AXSM-150572896-726"">$AXSM</a></span> need volume to push it up again</div></div>"
Olikoman,True,2019-01-14 12:36:00,7.532,"<div class=""MessageStreamView__body___2giLh""><div><span><a data-event=""click"" data-for=""cashTag"" data-tip=""AXSM"" href=""/symbol/AXSM"" id=""AXSM-150566325-738"">$AXSM</a></span> NICE DAY AND READY TO POP WITH SOME NEWS</div></div>"
moh7777885,True,2019-01-14 12:33:00,7.548,"<div class=""MessageStreamView__body___2giLh""><div><span><a data-event=""click"" data-for=""cashTag"" data-tip=""AXSM"" href=""/symbol/AXSM"" id=""AXSM-150565903-741"">$AXSM</a></span> holding up interesting</div></div>"
YFin42,True,2019-01-14 12:04:00,7.429,"<div class=""MessageStreamView__body___2giLh""><div><span><a data-event=""click"" data-for=""cashTag"" data-tip=""AXSM"" href=""/symbol/AXSM"" id=""AXSM-150561725-744"">$AXSM</a></span> Hmm, 🤔.  Thought this was guaranteed to be back down to $3.00 by now?  At least, that’s what I was told.  Just wait until next PR.</div></div>"
mahkum,False,2019-01-14 11:29:00,7.445,"<div class=""MessageStreamView__body___2giLh""><div><span><a data-event=""click"" data-for=""cashTag"" data-tip=""AXSM"" href=""/symbol/AXSM"" id=""AXSM-150556489-759"">$AXSM</a></span> When the sell off starts this is going to be nasty..gap fill down to 3 easy!</div></div>"
xio8ups,False,2019-01-14 11:10:00,7.45,"<div class=""MessageStreamView__body___2giLh""><div><span><a data-event=""click"" data-for=""cashTag"" data-tip=""AXSM"" href=""/symbol/AXSM"" id=""AXSM-150553422-762"">$AXSM</a></span> pump new bag holders. Drop Pump some more bags. Droppp. CRASHHHHHHHHHHHH Rinse and repeat</div></div>"
CypresssTwits,True,2019-01-14 10:49:00,7.493,"<div class=""MessageStreamView__body___2giLh""><div><span><a data-event=""click"" data-for=""cashTag"" data-tip=""MBOT"" href=""/symbol/MBOT"" id=""MBOT-150549974-765"">$MBOT</a></span> this is how a real stock trades not a scam like <span><a data-event=""click"" data-for=""cashTag"" data-tip=""AXSM"" href=""/symbol/AXSM"" id=""AXSM-150549974-766"">$AXSM</a></span></div></div>"
PandaPrada,False,2019-01-14 10:29:00,7.665,"<div class=""MessageStreamView__body___2giLh""><div><span><a data-event=""click"" data-for=""cashTag"" data-tip=""AXSM"" href=""/symbol/AXSM"" id=""AXSM-150546718-784"">$AXSM</a></span> ASS</div></div>"
Aholdup,True,2019-01-14 10:24:00,7.609,"<div class=""MessageStreamView__body___2giLh""><div><span><a data-event=""click"" data-for=""cashTag"" data-tip=""AXSM"" href=""/symbol/AXSM"" id=""AXSM-150546024-787"">$AXSM</a></span> Gonna pop?</div></div>"
Aholdup,True,2019-01-14 10:18:00,7.655,"<div class=""MessageStreamView__body___2giLh""><div><span><a data-event=""click"" data-for=""cashTag"" data-tip=""AXSM"" href=""/symbol/AXSM"" id=""AXSM-150545028-793"">$AXSM</a></span> $7.69</div></div>"
xio8ups,False,2019-01-14 10:17:00,7.683,"<div class=""MessageStreamView__body___2giLh""><div><span><a data-event=""click"" data-for=""cashTag"" data-tip=""AXSM"" href=""/symbol/AXSM"" id=""AXSM-150544925-796"">$AXSM</a></span> trying so hard to keep above $7.5 range lol</div></div>"
Aholdup,True,2019-01-14 10:16:00,7.65,"<div class=""MessageStreamView__body___2giLh""><div><span><a data-event=""click"" data-for=""cashTag"" data-tip=""AXSM"" href=""/symbol/AXSM"" id=""AXSM-150544751-799"">$AXSM</a></span> $7.65</div></div>"
WatchThePullBack,False,2019-01-14 10:12:00,7.55,"<div class=""MessageStreamView__body___2giLh""><div><span><a data-event=""click"" data-for=""cashTag"" data-tip=""AXSM"" href=""/symbol/AXSM"" id=""AXSM-150544014-805"">$AXSM</a></span> still waiting</div></div>"
autographic,True,2019-01-14 09:53:00,7.555,"<div class=""MessageStreamView__body___2giLh""><div><span><a data-event=""click"" data-for=""cashTag"" data-tip=""AXSM"" href=""/symbol/AXSM"" id=""AXSM-150540472-817"">$AXSM</a></span> Liftoff !</div></div>"
No1Tr8dr,False,2019-01-14 09:49:00,7.516,"<div class=""MessageStreamView__body___2giLh""><div><span><a data-event=""click"" data-for=""cashTag"" data-tip=""AXSM"" href=""/symbol/AXSM"" id=""AXSM-150539796-823"">$AXSM</a></span> total annoying pos...seriously who´s buying into this trash?</div></div>"
autographic,True,2019-01-14 09:46:00,7.452,"<div class=""MessageStreamView__body___2giLh""><div><span><a data-event=""click"" data-for=""cashTag"" data-tip=""AXSM"" href=""/symbol/AXSM"" id=""AXSM-150539222-826"">$AXSM</a></span>  nice candle</div></div>"
