LiveTradePro,True,2019-01-14 15:00:00,352.774,"<div class=""MessageStreamView__body___2giLh""><div><span><a data-event=""click"" data-for=""cashTag"" data-tip=""BA"" href=""/symbol/BA"" id=""BA-150587514-325"">$BA</a></span> Another solid (3rd day) above its 200 day moving average.</div></div>"
lara,True,2019-01-14 12:59:00,350.54,"<div class=""MessageStreamView__body___2giLh""><div><span><a data-event=""click"" data-for=""cashTag"" data-tip=""BA"" href=""/symbol/BA"" id=""BA-150569419-331"">$BA</a></span> <span><a data-event=""click"" data-for=""cashTag"" data-tip=""CMI"" href=""/symbol/CMI"" id=""CMI-150569419-332"">$CMI</a></span> <span><a data-event=""click"" data-for=""cashTag"" data-tip=""DE"" href=""/symbol/DE"" id=""DE-150569419-333"">$DE</a></span> <span><a data-event=""click"" data-for=""cashTag"" data-tip=""CAT"" href=""/symbol/CAT"" id=""CAT-150569419-334"">$CAT</a></span> bullish <a data-event=""click"" href=""https://www.cnbc.com/2019/01/14/cramer-says-the-bear-market-ended-on-christmas-eve.html"" rel=""noopener nofollow"" target=""_blank"">cnbc.com/2019/01/14/cramer-...</a></div></div>"
TI7812,True,2019-01-14 12:58:00,350.684,"<div class=""MessageStreamView__body___2giLh""><div><span><a data-event=""click"" data-for=""cashTag"" data-tip=""AIRI"" href=""/symbol/AIRI"" id=""AIRI-150569289-337"">$AIRI</a></span> Defense upgrades in 2019 (<span><a data-event=""click"" data-for=""cashTag"" data-tip=""LMT"" href=""/symbol/LMT"" id=""LMT-150569289-338"">$LMT</a></span>, <span><a data-event=""click"" data-for=""cashTag"" data-tip=""NOC"" href=""/symbol/NOC"" id=""NOC-150569289-339"">$NOC</a></span>, <span><a data-event=""click"" data-for=""cashTag"" data-tip=""BA"" href=""/symbol/BA"" id=""BA-150569289-340"">$BA</a></span>, <span><a data-event=""click"" data-for=""cashTag"" data-tip=""AJRD"" href=""/symbol/AJRD"" id=""AJRD-150569289-341"">$AJRD</a></span>, will help <span><a data-event=""click"" data-for=""cashTag"" data-tip=""AIRI"" href=""/symbol/AIRI"" id=""AIRI-150569289-342"">$AIRI</a></span> when proof &amp; guidance of rev growth and positive EBITDA are provided</div></div>"
BrokenArrows,True,2019-01-14 10:50:00,348.705,"<div class=""MessageStreamView__body___2giLh""><div><span><a data-event=""click"" data-for=""cashTag"" data-tip=""BA"" href=""/symbol/BA"" id=""BA-150550172-365"">$BA</a></span> ..</div></div>"
Danny__Porush,False,2019-01-14 10:46:00,349.083,"<div class=""MessageStreamView__body___2giLh""><div><span><a data-event=""click"" data-for=""cashTag"" data-tip=""SPY"" href=""/symbol/SPY"" id=""SPY-150549493-368"">$SPY</a></span> Gov shutdown now holding up <span><a data-event=""click"" data-for=""cashTag"" data-tip=""BA"" href=""/symbol/BA"" id=""BA-150549493-369"">$BA</a></span> approvals</div></div>"
BeersAndStocks,True,2019-01-14 10:26:00,349.195,"<div class=""MessageStreamView__body___2giLh""><div><span><a data-event=""click"" data-for=""cashTag"" data-tip=""BA"" href=""/symbol/BA"" id=""BA-150546336-372"">$BA</a></span> $365 here we come. Markets a little shaky but this is a great stock</div></div>"
dunko,True,2019-01-14 09:33:00,347.478,"<div class=""MessageStreamView__body___2giLh""><div><span><a data-event=""click"" data-for=""cashTag"" data-tip=""BA"" href=""/symbol/BA"" id=""BA-150537038-404"">$BA</a></span> $361.56</div></div>"
