LowercaseCapital,True,2019-01-14 15:38:00,26.385,"<div class=""MessageStreamView__body___2giLh""><div><span><a data-event=""click"" data-for=""cashTag"" data-tip=""BAC"" href=""/symbol/BAC"" id=""BAC-150593779-1389"">$BAC</a></span> <span><a data-event=""click"" data-for=""cashTag"" data-tip=""JPM"" href=""/symbol/JPM"" id=""JPM-150593779-1390"">$JPM</a></span> <span><a data-event=""click"" data-for=""cashTag"" data-tip=""WFC"" href=""/symbol/WFC"" id=""WFC-150593779-1391"">$WFC</a></span> got some lotto calls for earnings.</div></div>"
TradeWithBen,True,2019-01-14 15:36:00,26.365,"<div class=""MessageStreamView__body___2giLh""><div><span><a data-event=""click"" data-for=""cashTag"" data-tip=""JPM"" href=""/symbol/JPM"" id=""JPM-150593607-1394"">$JPM</a></span> <span><a data-event=""click"" data-for=""cashTag"" data-tip=""BAC"" href=""/symbol/BAC"" id=""BAC-150593607-1395"">$BAC</a></span> <span><a data-event=""click"" data-for=""cashTag"" data-tip=""C"" href=""/symbol/C"" id=""C-150593607-1396"">$C</a></span> Got a ""Buy"" signal on J.P since last week. Previous Buy signal the stock went up +$11 after. Will see what ER will bring.</div></div>"
Bromleyc4,True,2019-01-14 15:18:00,26.345,"<div class=""MessageStreamView__body___2giLh""><div><span><a data-event=""click"" data-for=""cashTag"" data-tip=""BAC"" href=""/symbol/BAC"" id=""BAC-150590610-1402"">$BAC</a></span> Should have a good earnings could we see an increase or decrease? 27 or 25?</div></div>"
hotcheetohstakis,True,2019-01-14 15:15:00,26.329,"<div class=""MessageStreamView__body___2giLh""><div><span><a data-event=""click"" data-for=""cashTag"" data-tip=""BAC"" href=""/symbol/BAC"" id=""BAC-150589974-1405"">$BAC</a></span> 3/15 to $31 calls.. am I dreaming??</div></div>"
Johnny_Greenjeans,True,2019-01-14 15:07:00,26.375,"<div class=""MessageStreamView__body___2giLh""><div><span><a data-event=""click"" data-for=""cashTag"" data-tip=""BAC"" href=""/symbol/BAC"" id=""BAC-150588703-1408"">$BAC</a></span> only reason I’m holding is my faith in the Oracle</div></div>"
jdcalls1,True,2019-01-14 15:03:00,26.365,"<div class=""MessageStreamView__body___2giLh""><div><span><a data-event=""click"" data-for=""cashTag"" data-tip=""BAC"" href=""/symbol/BAC"" id=""BAC-150587960-1419"">$BAC</a></span> Do we brk todays double top?  Then fill 12.06.18 gap?</div></div>"
eri26,True,2019-01-14 13:47:00,26.426,"<div class=""MessageStreamView__body___2giLh""><div><span><a data-event=""click"" data-for=""cashTag"" data-tip=""BAC"" href=""/symbol/BAC"" id=""BAC-150576577-1440"">$BAC</a></span> how we feeling about earnings guys?</div></div>"
mylotto,True,2019-01-14 13:16:00,26.439,"<div class=""MessageStreamView__body___2giLh""><div><span><a data-event=""click"" data-for=""cashTag"" data-tip=""KNX"" href=""/symbol/KNX"" id=""KNX-150571976-1458"">$KNX</a></span> <span><a data-event=""click"" data-for=""cashTag"" data-tip=""F"" href=""/symbol/F"" id=""F-150571976-1459"">$F</a></span> <span><a data-event=""click"" data-for=""cashTag"" data-tip=""BAC"" href=""/symbol/BAC"" id=""BAC-150571976-1460"">$BAC</a></span> <span><a data-event=""click"" data-for=""cashTag"" data-tip=""WMT"" href=""/symbol/WMT"" id=""WMT-150571976-1461"">$WMT</a></span> keep going <span><a data-event=""click"" data-for=""cashTag"" data-tip=""PYPL"" href=""/symbol/PYPL"" id=""PYPL-150571976-1462"">$PYPL</a></span> and <span><a data-event=""click"" data-for=""cashTag"" data-tip=""BOTZ"" href=""/symbol/BOTZ"" id=""BOTZ-150571976-1463"">$BOTZ</a></span> trying lets see green today</div></div>"
Soloflight,True,2019-01-14 13:12:00,26.435,"<div class=""MessageStreamView__body___2giLh""><div><span><a data-event=""click"" data-for=""cashTag"" data-tip=""BAC"" href=""/symbol/BAC"" id=""BAC-150571368-1478"">$BAC</a></span> hoping UK parliament rejects the Brexit vote tomorrow. Banks will have a rally of the month...!!!</div></div>"
Soloflight,True,2019-01-14 13:00:00,26.407,"<div class=""MessageStreamView__body___2giLh""><div><span><a data-event=""click"" data-for=""cashTag"" data-tip=""BAC"" href=""/symbol/BAC"" id=""BAC-150569633-1481"">$BAC</a></span> now holding 200 calls for March 15 strike price 28... going to make $$$</div></div>"
atm2010,True,2019-01-14 12:58:00,26.433,"<div class=""MessageStreamView__body___2giLh""><div><span><a data-event=""click"" data-for=""cashTag"" data-tip=""BAC"" href=""/symbol/BAC"" id=""BAC-150569369-1484"">$BAC</a></span> Grabbed some after <span><a data-event=""click"" data-for=""cashTag"" data-tip=""C"" href=""/symbol/C"" id=""C-150569369-1485"">$C</a></span> set the tone.</div></div>"
jdcalls1,True,2019-01-14 12:57:00,26.443,"<div class=""MessageStreamView__body___2giLh""><div><span><a data-event=""click"" data-for=""cashTag"" data-tip=""BAC"" href=""/symbol/BAC"" id=""BAC-150569155-1488"">$BAC</a></span> we are in the GAP from 12/6/18, still positive on Daily</div></div>"
sleekOptions,True,2019-01-14 12:52:00,26.413,"<div class=""MessageStreamView__body___2giLh""><div><a data-event=""click"" href=""/topic/Update"">#Update</a>(1)  <span><a data-event=""click"" data-for=""cashTag"" data-tip=""BAC"" href=""/symbol/BAC"" id=""BAC-150568391-1491"">$BAC</a></span> Jan-18 22 Calls Up +31%.  since alerted on: Jan 04.</div></div>"
Tradeworx,True,2019-01-14 12:50:00,26.406,"<div class=""MessageStreamView__body___2giLh""><div><span><a data-event=""click"" data-for=""cashTag"" data-tip=""SPY"" href=""/symbol/SPY"" id=""SPY-150568143-1494"">$SPY</a></span> ill be honest with you I think <span><a data-event=""click"" data-for=""cashTag"" data-tip=""BAC"" href=""/symbol/BAC"" id=""BAC-150568143-1495"">$BAC</a></span> <span><a data-event=""click"" data-for=""cashTag"" data-tip=""JPM"" href=""/symbol/JPM"" id=""JPM-150568143-1496"">$JPM</a></span> will be better than <span><a data-event=""click"" data-for=""cashTag"" data-tip=""GS"" href=""/symbol/GS"" id=""GS-150568143-1497"">$GS</a></span> and <span><a data-event=""click"" data-for=""cashTag"" data-tip=""WFC"" href=""/symbol/WFC"" id=""WFC-150568143-1498"">$WFC</a></span> this quarter</div></div>"
MrNazar,True,2019-01-14 12:44:00,26.423,"<div class=""MessageStreamView__body___2giLh""><div><span><a data-event=""click"" data-for=""cashTag"" data-tip=""AMD"" href=""/symbol/AMD"" id=""AMD-150567393-1511"">$AMD</a></span> solid day for a red market
<span><a data-event=""click"" data-for=""cashTag"" data-tip=""BAC"" href=""/symbol/BAC"" id=""BAC-150567393-1512"">$BAC</a></span> cant wait to cash my calls
<span><a data-event=""click"" data-for=""cashTag"" data-tip=""SQ"" href=""/symbol/SQ"" id=""SQ-150567393-1513"">$SQ</a></span>  disappointing in this guy but still very bullish
<span><a data-event=""click"" data-for=""cashTag"" data-tip=""CHK"" href=""/symbol/CHK"" id=""CHK-150567393-1514"">$CHK</a></span> lets get back $3</div></div>"
ASM,True,2019-01-14 12:21:00,26.388,"<div class=""MessageStreamView__body___2giLh""><div>Boy oh boy how do the bears answer BANKS just going into a parabolic breakout here !?!? <span><a data-event=""click"" data-for=""cashTag"" data-tip=""SPY"" href=""/symbol/SPY"" id=""SPY-150564247-1537"">$SPY</a></span> <span><a data-event=""click"" data-for=""cashTag"" data-tip=""QQQ"" href=""/symbol/QQQ"" id=""QQQ-150564247-1538"">$QQQ</a></span> <span><a data-event=""click"" data-for=""cashTag"" data-tip=""XLF"" href=""/symbol/XLF"" id=""XLF-150564247-1539"">$XLF</a></span> <span><a data-event=""click"" data-for=""cashTag"" data-tip=""C"" href=""/symbol/C"" id=""C-150564247-1540"">$C</a></span> <span><a data-event=""click"" data-for=""cashTag"" data-tip=""GS"" href=""/symbol/GS"" id=""GS-150564247-1541"">$GS</a></span> <span><a data-event=""click"" data-for=""cashTag"" data-tip=""BAC"" href=""/symbol/BAC"" id=""BAC-150564247-1542"">$BAC</a></span></div></div>"
esrouter,True,2019-01-14 11:55:00,26.25,"<div class=""MessageStreamView__body___2giLh""><div><span><a data-event=""click"" data-for=""cashTag"" data-tip=""C"" href=""/symbol/C"" id=""C-150560426-1609"">$C</a></span> Shorts need to realize this bank onslaught is just beginning. <span><a data-event=""click"" data-for=""cashTag"" data-tip=""JPM"" href=""/symbol/JPM"" id=""JPM-150560426-1610"">$JPM</a></span> and <span><a data-event=""click"" data-for=""cashTag"" data-tip=""WFC"" href=""/symbol/WFC"" id=""WFC-150560426-1611"">$WFC</a></span> tomorrow. Followed by <span><a data-event=""click"" data-for=""cashTag"" data-tip=""BAC"" href=""/symbol/BAC"" id=""BAC-150560426-1612"">$BAC</a></span>, <span><a data-event=""click"" data-for=""cashTag"" data-tip=""GS"" href=""/symbol/GS"" id=""GS-150560426-1613"">$GS</a></span>, <span><a data-event=""click"" data-for=""cashTag"" data-tip=""USB"" href=""/symbol/USB"" id=""USB-150560426-1614"">$USB</a></span> Wednesday</div></div>"
TheWolfofworld,True,2019-01-14 11:43:00,26.266,"<div class=""MessageStreamView__body___2giLh""><div><span><a data-event=""click"" data-for=""cashTag"" data-tip=""PCG"" href=""/symbol/PCG"" id=""PCG-150558574-1617"">$PCG</a></span> <span><a data-event=""click"" data-for=""cashTag"" data-tip=""BAC"" href=""/symbol/BAC"" id=""BAC-150558574-1618"">$BAC</a></span> maintains  a buy ?</div></div>"
ShootinRopesII,True,2019-01-14 11:18:00,26.09,"<div class=""MessageStreamView__body___2giLh""><div><span><a data-event=""click"" data-for=""cashTag"" data-tip=""BAC"" href=""/symbol/BAC"" id=""BAC-150554712-1642"">$BAC</a></span> I think we should see support and a turn around. Too much long term buying occurring.</div></div>"
ShootinRopesII,True,2019-01-14 10:35:00,26.269,"<div class=""MessageStreamView__body___2giLh""><div><span><a data-event=""click"" data-for=""cashTag"" data-tip=""BAC"" href=""/symbol/BAC"" id=""BAC-150547643-1665"">$BAC</a></span> I've had a lot of success with BAC! Great Bank</div></div>"
BeCOYOS,True,2019-01-14 10:34:00,26.263,"<div class=""MessageStreamView__body___2giLh""><div><span><a data-event=""click"" data-for=""cashTag"" data-tip=""BAC"" href=""/symbol/BAC"" id=""BAC-150547427-1668"">$BAC</a></span> Strong going into earnings</div></div>"
jdcalls1,True,2019-01-14 10:23:00,26.26,"<div class=""MessageStreamView__body___2giLh""><div><span><a data-event=""click"" data-for=""cashTag"" data-tip=""BAC"" href=""/symbol/BAC"" id=""BAC-150545884-1677"">$BAC</a></span>, my PUTS look good. (short puts)!</div></div>"
post,True,2019-01-14 10:16:00,26.326,"<div class=""MessageStreamView__body___2giLh""><div><span><a data-event=""click"" data-for=""cashTag"" data-tip=""BAC"" href=""/symbol/BAC"" id=""BAC-150544749-1691"">$BAC</a></span>  Nice!</div></div>"
JosephMM,True,2019-01-14 10:16:00,26.326,"<div class=""MessageStreamView__body___2giLh""><div><span><a data-event=""click"" data-for=""cashTag"" data-tip=""BAC"" href=""/symbol/BAC"" id=""BAC-150544736-1694"">$BAC</a></span> yummy so far.</div></div>"
ApexFreak,True,2019-01-14 10:15:00,26.361,"<div class=""MessageStreamView__body___2giLh""><div><span><a data-event=""click"" data-for=""cashTag"" data-tip=""BAC"" href=""/symbol/BAC"" id=""BAC-150544506-1697"">$BAC</a></span> going to be a great week bulls. My calls are flying</div></div>"
mattandy1018,True,2019-01-14 10:13:00,26.34,"<div class=""MessageStreamView__body___2giLh""><div><span><a data-event=""click"" data-for=""cashTag"" data-tip=""BAC"" href=""/symbol/BAC"" id=""BAC-150544133-1700"">$BAC</a></span> $28</div></div>"
George_Devore,True,2019-01-14 10:05:00,26.185,"<div class=""MessageStreamView__body___2giLh""><div><span><a data-event=""click"" data-for=""cashTag"" data-tip=""BAC"" href=""/symbol/BAC"" id=""BAC-150542656-1713"">$BAC</a></span> $28+ EOW if all banks have good ER</div></div>"
FlynancialAnalyst,True,2019-01-14 10:02:00,26.113,"<div class=""MessageStreamView__body___2giLh""><div><span><a data-event=""click"" data-for=""cashTag"" data-tip=""XLF"" href=""/symbol/XLF"" id=""XLF-150541999-1716"">$XLF</a></span> Banks multiple daily closes at highs provides good support here for long 

<span><a data-event=""click"" data-for=""cashTag"" data-tip=""FAS"" href=""/symbol/FAS"" id=""FAS-150541999-1717"">$FAS</a></span> <span><a data-event=""click"" data-for=""cashTag"" data-tip=""KRE"" href=""/symbol/KRE"" id=""KRE-150541999-1718"">$KRE</a></span> <span><a data-event=""click"" data-for=""cashTag"" data-tip=""C"" href=""/symbol/C"" id=""C-150541999-1719"">$C</a></span> <span><a data-event=""click"" data-for=""cashTag"" data-tip=""BAC"" href=""/symbol/BAC"" id=""BAC-150541999-1720"">$BAC</a></span></div></div>"
ApexFreak,True,2019-01-14 09:54:00,26.071,"<div class=""MessageStreamView__body___2giLh""><div><span><a data-event=""click"" data-for=""cashTag"" data-tip=""C"" href=""/symbol/C"" id=""C-150540662-1726"">$C</a></span> <span><a data-event=""click"" data-for=""cashTag"" data-tip=""BAC"" href=""/symbol/BAC"" id=""BAC-150540662-1727"">$BAC</a></span> <span><a data-event=""click"" data-for=""cashTag"" data-tip=""JPM"" href=""/symbol/JPM"" id=""JPM-150540662-1728"">$JPM</a></span> <span><a data-event=""click"" data-for=""cashTag"" data-tip=""WFC"" href=""/symbol/WFC"" id=""WFC-150540662-1729"">$WFC</a></span> big banks bucking the red markets 👍</div></div>"
Naguara,True,2019-01-14 09:53:00,26.075,"<div class=""MessageStreamView__body___2giLh""><div><span><a data-event=""click"" data-for=""cashTag"" data-tip=""BAC"" href=""/symbol/BAC"" id=""BAC-150540534-1732"">$BAC</a></span> Ha.. called it..</div></div>"
MWM,True,2019-01-14 09:50:00,25.967,"<div class=""MessageStreamView__body___2giLh""><div><span><a data-event=""click"" data-for=""cashTag"" data-tip=""GE"" href=""/symbol/GE"" id=""GE-150539936-1735"">$GE</a></span> I loaded $9.50 calls for .04. Looks like <span><a data-event=""click"" data-for=""cashTag"" data-tip=""XLF"" href=""/symbol/XLF"" id=""XLF-150539936-1736"">$XLF</a></span> <span><a data-event=""click"" data-for=""cashTag"" data-tip=""BAC"" href=""/symbol/BAC"" id=""BAC-150539936-1737"">$BAC</a></span> <span><a data-event=""click"" data-for=""cashTag"" data-tip=""C"" href=""/symbol/C"" id=""C-150539936-1738"">$C</a></span> Financials are going to do well this week. Load <span><a data-event=""click"" data-for=""cashTag"" data-tip=""GE"" href=""/symbol/GE"" id=""GE-150539936-1739"">$GE</a></span>!</div></div>"
stk_gainz,True,2019-01-14 09:40:00,26.051,"<div class=""MessageStreamView__body___2giLh""><div><span><a data-event=""click"" data-for=""cashTag"" data-tip=""BAC"" href=""/symbol/BAC"" id=""BAC-150538290-1748"">$BAC</a></span> nice red to green</div></div>"
frrrl,True,2019-01-14 09:40:00,26.051,"<div class=""MessageStreamView__body___2giLh""><div><span><a data-event=""click"" data-for=""cashTag"" data-tip=""BAC"" href=""/symbol/BAC"" id=""BAC-150538251-1756"">$BAC</a></span> anytime a bank can increase it’s earnings per share without bond trading is very bullish.  Ie. C</div></div>"
