curtisb414,False,2019-01-14 15:51:00,15.356,"<div class=""MessageStreamView__body___2giLh""><div><span><a data-event=""click"" data-for=""cashTag"" data-tip=""BBBY"" href=""/symbol/BBBY"" id=""BBBY-150596024-1041"">$BBBY</a></span> Who keeps trying to turn this into a dip? Just let it die.</div></div>"
Mike_V,False,2019-01-14 15:47:00,15.345,"<div class=""MessageStreamView__body___2giLh""><div><span><a data-event=""click"" data-for=""cashTag"" data-tip=""BBBY"" href=""/symbol/BBBY"" id=""BBBY-150595410-1050"">$BBBY</a></span> Realize or not, this is bad for bulls.
This is up over 30% since last wednsday..
On what?  It will fall this week...</div></div>"
phuaman,False,2019-01-14 15:25:00,15.302,"<div class=""MessageStreamView__body___2giLh""><div><span><a data-event=""click"" data-for=""cashTag"" data-tip=""BBBY"" href=""/symbol/BBBY"" id=""BBBY-150591753-1064"">$BBBY</a></span> KEEP SHORTING</div></div>"
OptimalGeek,True,2019-01-14 15:25:00,15.302,"<div class=""MessageStreamView__body___2giLh""><div><span><a data-event=""click"" data-for=""cashTag"" data-tip=""BBBY"" href=""/symbol/BBBY"" id=""BBBY-150591724-1067"">$BBBY</a></span> this stock is just way too strong I have 500 stocks wish did not sold the 633 earlier Bearish can’t get this stock down today.</div></div>"
passiontrader1,False,2019-01-14 15:17:00,15.34,"<div class=""MessageStreamView__body___2giLh""><div><span><a data-event=""click"" data-for=""cashTag"" data-tip=""BBBY"" href=""/symbol/BBBY"" id=""BBBY-150590423-1070"">$BBBY</a></span> 'AI' kicking in again -no chance today it to drop I think</div></div>"
wellmaybenow,False,2019-01-14 15:17:00,15.34,"<div class=""MessageStreamView__body___2giLh""><div><span><a data-event=""click"" data-for=""cashTag"" data-tip=""BBBY"" href=""/symbol/BBBY"" id=""BBBY-150590366-1073"">$BBBY</a></span> Way Overbought, that's why in is Cliff Diving this last hour</div></div>"
napoleonDD,False,2019-01-14 15:09:00,15.345,"<div class=""MessageStreamView__body___2giLh""><div><span><a data-event=""click"" data-for=""cashTag"" data-tip=""BBBY"" href=""/symbol/BBBY"" id=""BBBY-150588912-1079"">$BBBY</a></span>  The AI that was trading this 💩💩 back and fort need charge 😂..(coffee break)!</div></div>"
Neifesis,False,2019-01-14 15:05:00,15.364,"<div class=""MessageStreamView__body___2giLh""><div><span><a data-event=""click"" data-for=""cashTag"" data-tip=""BBBY"" href=""/symbol/BBBY"" id=""BBBY-150588352-1094"">$BBBY</a></span> <span class=""UserProfileLink__container___2JY3s""><a data-event=""click"" href=""/engmerc"" id=""user-profile-engmerc-1547602291592-1095"">@engmerc</a></span> its unrealized. Be patient. $16-17 is possible but the inevitable will happen.</div></div>"
engmerc,False,2019-01-14 15:02:00,15.375,"<div class=""MessageStreamView__body___2giLh""><div><span><a data-event=""click"" data-for=""cashTag"" data-tip=""BBBY"" href=""/symbol/BBBY"" id=""BBBY-150587879-1101"">$BBBY</a></span> can't believe my eyes.. my losses lessened</div></div>"
Leon_inc,False,2019-01-14 14:59:00,15.405,"<div class=""MessageStreamView__body___2giLh""><div><span><a data-event=""click"" data-for=""cashTag"" data-tip=""BBBY"" href=""/symbol/BBBY"" id=""BBBY-150587445-1104"">$BBBY</a></span> waiting for the robots to find the red button</div></div>"
curtisb414,False,2019-01-14 14:57:00,15.405,"<div class=""MessageStreamView__body___2giLh""><div><span><a data-event=""click"" data-for=""cashTag"" data-tip=""BBBY"" href=""/symbol/BBBY"" id=""BBBY-150587014-1113"">$BBBY</a></span> I'm not believing it until it passes 14.80.</div></div>"
Mike_V,False,2019-01-14 14:48:00,15.524,"<div class=""MessageStreamView__body___2giLh""><div><span><a data-event=""click"" data-for=""cashTag"" data-tip=""BBBY"" href=""/symbol/BBBY"" id=""BBBY-150585678-1125"">$BBBY</a></span> Say what you want... This will end bad this week... $14 if you're lucky</div></div>"
KionAir,False,2019-01-14 14:45:00,15.537,"<div class=""MessageStreamView__body___2giLh""><div><span><a data-event=""click"" data-for=""cashTag"" data-tip=""BBBY"" href=""/symbol/BBBY"" id=""BBBY-150585248-1131"">$BBBY</a></span> That's your signal....a big green volume bar taken out by a big red volume bar....</div></div>"
Leon_inc,False,2019-01-14 14:42:00,15.585,"<div class=""MessageStreamView__body___2giLh""><div><span><a data-event=""click"" data-for=""cashTag"" data-tip=""BBBY"" href=""/symbol/BBBY"" id=""BBBY-150584739-1134"">$BBBY</a></span> pretty soon institutions will dump and cut their losses. This is a gift of an exit for a company going to 0 within the next 6 years.</div></div>"
WolfOfLocustSt,False,2019-01-14 14:41:00,15.6,"<div class=""MessageStreamView__body___2giLh""><div><span><a data-event=""click"" data-for=""cashTag"" data-tip=""BBBY"" href=""/symbol/BBBY"" id=""BBBY-150584553-1137"">$BBBY</a></span> 3rd day in a row it rallied, looking to enter with short position tomorrow.</div></div>"
P2Player,False,2019-01-14 14:40:00,15.604,"<div class=""MessageStreamView__body___2giLh""><div><span><a data-event=""click"" data-for=""cashTag"" data-tip=""BBBY"" href=""/symbol/BBBY"" id=""BBBY-150584441-1140"">$BBBY</a></span> covered and took my losses, can’t fight momentum, regardless if it’s machine or human. I’ll be back.</div></div>"
CaptainJack72,False,2019-01-14 14:40:00,15.604,"<div class=""MessageStreamView__body___2giLh""><div><span><a data-event=""click"" data-for=""cashTag"" data-tip=""BBBY"" href=""/symbol/BBBY"" id=""BBBY-150584393-1143"">$BBBY</a></span> So if this hits 16, 17, 18, 19.. are the bulls here trying to say this B&amp;M that beat by a penny has no ceiling? Maybe a 100 by EOW 😂</div></div>"
engmerc,False,2019-01-14 14:38:00,15.585,"<div class=""MessageStreamView__body___2giLh""><div><span><a data-event=""click"" data-for=""cashTag"" data-tip=""BBBY"" href=""/symbol/BBBY"" id=""BBBY-150584141-1155"">$BBBY</a></span> as it crossed 15.57 ..I think about time to put our tail between our legs and leave the field with some bitchy whimpering noises</div></div>"
calzone949,False,2019-01-14 14:35:00,15.545,"<div class=""MessageStreamView__body___2giLh""><div><span><a data-event=""click"" data-for=""cashTag"" data-tip=""BBBY"" href=""/symbol/BBBY"" id=""BBBY-150583716-1161"">$BBBY</a></span> the fact that this is up 2% today is beyond me. Garbage company....amazon effect at its finest.</div></div>"
wellmaybenow,False,2019-01-14 14:27:00,15.498,"<div class=""MessageStreamView__body___2giLh""><div><span><a data-event=""click"" data-for=""cashTag"" data-tip=""BBBY"" href=""/symbol/BBBY"" id=""BBBY-150582591-1167"">$BBBY</a></span> I'll buy at Best Price! 10.80</div></div>"
wellmaybenow,False,2019-01-14 14:26:00,15.507,"<div class=""MessageStreamView__body___2giLh""><div><span><a data-event=""click"" data-for=""cashTag"" data-tip=""BBBY"" href=""/symbol/BBBY"" id=""BBBY-150582452-1173"">$BBBY</a></span> It's way overbought at this point way way overbought! Stocks lose ground alot more than the gain it. That's why over 90 percent Lose !</div></div>"
wellmaybenow,False,2019-01-14 14:18:00,15.515,"<div class=""MessageStreamView__body___2giLh""><div><span><a data-event=""click"" data-for=""cashTag"" data-tip=""BBBY"" href=""/symbol/BBBY"" id=""BBBY-150581302-1188"">$BBBY</a></span> <a data-event=""click"" href=""https://stocktwits.com/news/9246797/bed-bath-beyond-rallies-after-q3-print-but-analysts-arent-buying-it-bbby"" rel=""noopener nofollow"" target=""_blank"">stocktwits.com/news/9246797...</a></div></div>"
OptimalGeek,True,2019-01-14 14:14:00,15.526,"<div class=""MessageStreamView__body___2giLh""><div><span><a data-event=""click"" data-for=""cashTag"" data-tip=""BBBY"" href=""/symbol/BBBY"" id=""BBBY-150580734-1191"">$BBBY</a></span> if this break 15.57 this is going up $2</div></div>"
yidarmy,False,2019-01-14 14:11:00,15.515,"<div class=""MessageStreamView__body___2giLh""><div><span><a data-event=""click"" data-for=""cashTag"" data-tip=""BBBY"" href=""/symbol/BBBY"" id=""BBBY-150580331-1197"">$BBBY</a></span> Serious question, who shops here anymore? This reminds me of the Circuit City of home products. Just order it on Amazon. Easy short</div></div>"
wellmaybenow,False,2019-01-14 14:11:00,15.515,"<div class=""MessageStreamView__body___2giLh""><div><span><a data-event=""click"" data-for=""cashTag"" data-tip=""BBBY"" href=""/symbol/BBBY"" id=""BBBY-150580242-1200"">$BBBY</a></span> </div></div>"
pelvic_thruster69,True,2019-01-14 14:10:00,15.53,"<div class=""MessageStreamView__body___2giLh""><div><span><a data-event=""click"" data-for=""cashTag"" data-tip=""BBBY"" href=""/symbol/BBBY"" id=""BBBY-150580143-1203"">$BBBY</a></span> This stock is the future</div></div>"
Mike_V,False,2019-01-14 14:06:00,15.525,"<div class=""MessageStreamView__body___2giLh""><div><span><a data-event=""click"" data-for=""cashTag"" data-tip=""BBBY"" href=""/symbol/BBBY"" id=""BBBY-150579538-1219"">$BBBY</a></span> How irrational is this going to get today.  This duck is up roughly 35% since last Wednesday..  This move is unsustainable
Greeeeeed!</div></div>"
wellmaybenow,False,2019-01-14 13:56:00,15.547,"<div class=""MessageStreamView__body___2giLh""><div><span><a data-event=""click"" data-for=""cashTag"" data-tip=""BBBY"" href=""/symbol/BBBY"" id=""BBBY-150577852-1231"">$BBBY</a></span> 14 then 12 then 10's again!!! Count on it!</div></div>"
MrWallStreet09,True,2019-01-14 13:55:00,15.55,"<div class=""MessageStreamView__body___2giLh""><div><span><a data-event=""click"" data-for=""cashTag"" data-tip=""BBBY"" href=""/symbol/BBBY"" id=""BBBY-150577775-1234"">$BBBY</a></span> will never see $14 again</div></div>"
MrWallStreet09,True,2019-01-14 13:52:00,15.522,"<div class=""MessageStreamView__body___2giLh""><div><span><a data-event=""click"" data-for=""cashTag"" data-tip=""BBBY"" href=""/symbol/BBBY"" id=""BBBY-150577355-1237"">$BBBY</a></span> so strong</div></div>"
wellmaybenow,False,2019-01-14 13:44:00,15.545,"<div class=""MessageStreamView__body___2giLh""><div><span><a data-event=""click"" data-for=""cashTag"" data-tip=""BBBY"" href=""/symbol/BBBY"" id=""BBBY-150576081-1243"">$BBBY</a></span> Double Top from yesterday! lol</div></div>"
engmerc,False,2019-01-14 13:40:00,15.544,"<div class=""MessageStreamView__body___2giLh""><div><span><a data-event=""click"" data-for=""cashTag"" data-tip=""BBBY"" href=""/symbol/BBBY"" id=""BBBY-150575474-1246"">$BBBY</a></span> if this crosses 15.57 we , the bears are f'ed</div></div>"
wellmaybenow,False,2019-01-14 13:40:00,15.544,"<div class=""MessageStreamView__body___2giLh""><div><span><a data-event=""click"" data-for=""cashTag"" data-tip=""BBBY"" href=""/symbol/BBBY"" id=""BBBY-150575390-1249"">$BBBY</a></span>  Declined gross margin and net margin expose deep operational problems.</div></div>"
NP44,False,2019-01-14 13:39:00,15.535,"<div class=""MessageStreamView__body___2giLh""><div><span><a data-event=""click"" data-for=""cashTag"" data-tip=""BBBY"" href=""/symbol/BBBY"" id=""BBBY-150575308-1252"">$BBBY</a></span> Anyone double downing on their PUTs?</div></div>"
KionAir,False,2019-01-14 13:37:00,15.55,"<div class=""MessageStreamView__body___2giLh""><div><span><a data-event=""click"" data-for=""cashTag"" data-tip=""BBBY"" href=""/symbol/BBBY"" id=""BBBY-150574929-1261"">$BBBY</a></span> This is the reality: Bed Bath &amp; Beyond: Honest Translation Of Q3 Results <a data-event=""click"" href=""https://seekingalpha.com/article/4233239?source=ansh"" rel=""noopener nofollow"" target=""_blank"">seekingalpha.com/article/42...</a> <span><a data-event=""click"" data-for=""cashTag"" data-tip=""BBBY"" href=""/symbol/BBBY"" id=""BBBY-150574929-1262"">$BBBY</a></span>
This move? Just machines and manipulation</div></div>"
wellmaybenow,False,2019-01-14 13:36:00,15.538,"<div class=""MessageStreamView__body___2giLh""><div><span><a data-event=""click"" data-for=""cashTag"" data-tip=""BBBY"" href=""/symbol/BBBY"" id=""BBBY-150574754-1265"">$BBBY</a></span> Getting ready to take a Cliff Fall ! Look out Below...low..low....</div></div>"
wellmaybenow,False,2019-01-14 13:32:00,15.495,"<div class=""MessageStreamView__body___2giLh""><div><span><a data-event=""click"" data-for=""cashTag"" data-tip=""BBBY"" href=""/symbol/BBBY"" id=""BBBY-150574198-1274"">$BBBY</a></span> 3rd day in a row...going down like all of them do after a 2 to 3 day push... No volume.. same vol as usual.. lol</div></div>"
WinWitMe,False,2019-01-14 13:31:00,15.499,"<div class=""MessageStreamView__body___2giLh""><div><span><a data-event=""click"" data-for=""cashTag"" data-tip=""BBBY"" href=""/symbol/BBBY"" id=""BBBY-150573990-1283"">$BBBY</a></span> up 40% since Christmas 😂 on a  garbage company. Going BK 2025</div></div>"
wellmaybenow,False,2019-01-14 13:29:00,15.499,"<div class=""MessageStreamView__body___2giLh""><div><span><a data-event=""click"" data-for=""cashTag"" data-tip=""BBBY"" href=""/symbol/BBBY"" id=""BBBY-150573745-1286"">$BBBY</a></span> 28,000 share Sale lined up at 15.52 LOL</div></div>"
wellmaybenow,False,2019-01-14 13:28:00,15.495,"<div class=""MessageStreamView__body___2giLh""><div><span><a data-event=""click"" data-for=""cashTag"" data-tip=""BBBY"" href=""/symbol/BBBY"" id=""BBBY-150573601-1289"">$BBBY</a></span> Back to 10.80's from here?</div></div>"
wellmaybenow,False,2019-01-14 13:27:00,15.502,"<div class=""MessageStreamView__body___2giLh""><div><span><a data-event=""click"" data-for=""cashTag"" data-tip=""BBBY"" href=""/symbol/BBBY"" id=""BBBY-150573477-1292"">$BBBY</a></span> Level 2 says it's not going up from here..lol</div></div>"
MrWallStreet09,True,2019-01-14 13:22:00,15.475,"<div class=""MessageStreamView__body___2giLh""><div><span><a data-event=""click"" data-for=""cashTag"" data-tip=""BBBY"" href=""/symbol/BBBY"" id=""BBBY-150572784-1298"">$BBBY</a></span> That’s why your working 9-5 keep shorting ❤️😘 lunch time soon</div></div>"
Whostolemygold,False,2019-01-14 13:22:00,15.475,"<div class=""MessageStreamView__body___2giLh""><div><span><a data-event=""click"" data-for=""cashTag"" data-tip=""BBBY"" href=""/symbol/BBBY"" id=""BBBY-150572762-1301"">$BBBY</a></span> this thing is gonna come tumbling down...</div></div>"
MrWallStreet09,True,2019-01-14 13:20:00,15.5,"<div class=""MessageStreamView__body___2giLh""><div><span><a data-event=""click"" data-for=""cashTag"" data-tip=""BBBY"" href=""/symbol/BBBY"" id=""BBBY-150572499-1313"">$BBBY</a></span> Cover chumps your feeding my bad habits</div></div>"
MrWallStreet09,True,2019-01-14 13:20:00,15.5,"<div class=""MessageStreamView__body___2giLh""><div><span><a data-event=""click"" data-for=""cashTag"" data-tip=""BBBY"" href=""/symbol/BBBY"" id=""BBBY-150572421-1319"">$BBBY</a></span> Oh what a night late December  back when we were $20</div></div>"
wellmaybenow,False,2019-01-14 13:16:00,15.48,"<div class=""MessageStreamView__body___2giLh""><div><span><a data-event=""click"" data-for=""cashTag"" data-tip=""BBBY"" href=""/symbol/BBBY"" id=""BBBY-150571977-1328"">$BBBY</a></span> Get ready for the Fall! lol</div></div>"
Cctabgursky,True,2019-01-14 13:15:00,15.489,"<div class=""MessageStreamView__body___2giLh""><div><span><a data-event=""click"" data-for=""cashTag"" data-tip=""BBBY"" href=""/symbol/BBBY"" id=""BBBY-150571875-1337"">$BBBY</a></span> cover or perish</div></div>"
Danny__Porush,False,2019-01-14 13:13:00,15.498,"<div class=""MessageStreamView__body___2giLh""><div><span><a data-event=""click"" data-for=""cashTag"" data-tip=""BBBY"" href=""/symbol/BBBY"" id=""BBBY-150571616-1343"">$BBBY</a></span> HOD into rug pull</div></div>"
Cats123456,False,2019-01-14 13:05:00,15.38,"<div class=""MessageStreamView__body___2giLh""><div><span><a data-event=""click"" data-for=""cashTag"" data-tip=""BBBY"" href=""/symbol/BBBY"" id=""BBBY-150570329-1370"">$BBBY</a></span> why is a retail stock sucking up money just cuz they said next year looks less bad than thought xD</div></div>"
wellmaybenow,False,2019-01-14 13:03:00,15.4,"<div class=""MessageStreamView__body___2giLh""><div><span><a data-event=""click"" data-for=""cashTag"" data-tip=""BBBY"" href=""/symbol/BBBY"" id=""BBBY-150570124-1373"">$BBBY</a></span> Up 20 percent since not so great earnings.. won't hold heavily shorted now.. look it up</div></div>"
wellmaybenow,False,2019-01-14 12:55:00,15.381,"<div class=""MessageStreamView__body___2giLh""><div><span><a data-event=""click"" data-for=""cashTag"" data-tip=""BBBY"" href=""/symbol/BBBY"" id=""BBBY-150568963-1385"">$BBBY</a></span> Algo city here...who is the s.a. that thought up computer generated B.s. ?</div></div>"
Mike_V,False,2019-01-14 12:53:00,15.373,"<div class=""MessageStreamView__body___2giLh""><div><span><a data-event=""click"" data-for=""cashTag"" data-tip=""BBBY"" href=""/symbol/BBBY"" id=""BBBY-150568589-1388"">$BBBY</a></span> Sideways action sucks</div></div>"
Mike_V,False,2019-01-14 12:52:00,15.377,"<div class=""MessageStreamView__body___2giLh""><div><span><a data-event=""click"" data-for=""cashTag"" data-tip=""BBBY"" href=""/symbol/BBBY"" id=""BBBY-150568459-1394"">$BBBY</a></span> How longer can they hold the fat girl up..</div></div>"
apeed,False,2019-01-14 12:52:00,15.377,"<div class=""MessageStreamView__body___2giLh""><div><span><a data-event=""click"" data-for=""cashTag"" data-tip=""BBBY"" href=""/symbol/BBBY"" id=""BBBY-150568449-1397"">$BBBY</a></span> </div></div>"
curtisb414,False,2019-01-14 12:49:00,15.355,"<div class=""MessageStreamView__body___2giLh""><div><span><a data-event=""click"" data-for=""cashTag"" data-tip=""BBBY"" href=""/symbol/BBBY"" id=""BBBY-150567986-1400"">$BBBY</a></span>  Is everyone just holding this and not selling? Because no one is buying from what I see.</div></div>"
phuaman,False,2019-01-14 12:43:00,15.377,"<div class=""MessageStreamView__body___2giLh""><div><span><a data-event=""click"" data-for=""cashTag"" data-tip=""BBBY"" href=""/symbol/BBBY"" id=""BBBY-150567155-1403"">$BBBY</a></span> what a joke lol</div></div>"
MrWallStreet09,True,2019-01-14 12:41:00,15.381,"<div class=""MessageStreamView__body___2giLh""><div><span><a data-event=""click"" data-for=""cashTag"" data-tip=""BBBY"" href=""/symbol/BBBY"" id=""BBBY-150566926-1406"">$BBBY</a></span> ok all in let’s
Go $20</div></div>"
GoodInvestor,False,2019-01-14 12:26:00,15.349,"<div class=""MessageStreamView__body___2giLh""><div><span><a data-event=""click"" data-for=""cashTag"" data-tip=""BBBY"" href=""/symbol/BBBY"" id=""BBBY-150564984-1424"">$BBBY</a></span> worst stock ever</div></div>"
shortlover91,False,2019-01-14 12:19:00,15.425,"<div class=""MessageStreamView__body___2giLh""><div><span><a data-event=""click"" data-for=""cashTag"" data-tip=""BBBY"" href=""/symbol/BBBY"" id=""BBBY-150563931-1430"">$BBBY</a></span> not worried will close short if it breaks resistance, but for now bearish Asf</div></div>"
phuaman,False,2019-01-14 12:11:00,15.372,"<div class=""MessageStreamView__body___2giLh""><div><span><a data-event=""click"" data-for=""cashTag"" data-tip=""BBBY"" href=""/symbol/BBBY"" id=""BBBY-150562729-1442"">$BBBY</a></span> what’s so special of this stock not falling like the rest of them? M&amp;A rumors?</div></div>"
wellmaybenow,False,2019-01-14 12:07:00,15.356,"<div class=""MessageStreamView__body___2giLh""><div><span><a data-event=""click"" data-for=""cashTag"" data-tip=""BBBY"" href=""/symbol/BBBY"" id=""BBBY-150562088-1451"">$BBBY</a></span> What is the reason for this still holding up ? <a data-event=""click"" href=""https://stocktwits.com/news/9246797/bed-bath-beyond-rallies-after-q3-print-but-analysts-arent-buying-it-bbby"" rel=""noopener nofollow"" target=""_blank"">stocktwits.com/news/9246797...</a></div></div>"
Danny__Porush,False,2019-01-14 12:04:00,15.35,"<div class=""MessageStreamView__body___2giLh""><div><span><a data-event=""click"" data-for=""cashTag"" data-tip=""BBBY"" href=""/symbol/BBBY"" id=""BBBY-150561690-1454"">$BBBY</a></span> I can think of smarter things to do than invest here...</div></div>"
MonkeyBiznas,False,2019-01-14 11:58:00,15.315,"<div class=""MessageStreamView__body___2giLh""><div><span><a data-event=""click"" data-for=""cashTag"" data-tip=""BBBY"" href=""/symbol/BBBY"" id=""BBBY-150560839-1457"">$BBBY</a></span> they are trying their darndest to hold this up, crazy</div></div>"
GoodInvestor,False,2019-01-14 11:58:00,15.315,"<div class=""MessageStreamView__body___2giLh""><div><span><a data-event=""click"" data-for=""cashTag"" data-tip=""BBBY"" href=""/symbol/BBBY"" id=""BBBY-150560828-1460"">$BBBY</a></span></div></div>"
Stockformoney,False,2019-01-14 11:53:00,15.3,"<div class=""MessageStreamView__body___2giLh""><div><span><a data-event=""click"" data-for=""cashTag"" data-tip=""BBBY"" href=""/symbol/BBBY"" id=""BBBY-150560148-1473"">$BBBY</a></span> the clock is ticking</div></div>"
mikepike25,False,2019-01-14 11:51:00,15.33,"<div class=""MessageStreamView__body___2giLh""><div><span><a data-event=""click"" data-for=""cashTag"" data-tip=""BBBY"" href=""/symbol/BBBY"" id=""BBBY-150559943-1479"">$BBBY</a></span> this pig is stuck in the mud</div></div>"
wellmaybenow,False,2019-01-14 11:48:00,15.352,"<div class=""MessageStreamView__body___2giLh""><div><span><a data-event=""click"" data-for=""cashTag"" data-tip=""BBBY"" href=""/symbol/BBBY"" id=""BBBY-150559362-1482"">$BBBY</a></span> Needs to test 14.84-5 May go down hard after that</div></div>"
MrWallStreet09,True,2019-01-14 11:42:00,15.4,"<div class=""MessageStreamView__body___2giLh""><div><span><a data-event=""click"" data-for=""cashTag"" data-tip=""BBBY"" href=""/symbol/BBBY"" id=""BBBY-150558432-1489"">$BBBY</a></span> Bullish maybe on this one looks strong</div></div>"
wellmaybenow,False,2019-01-14 11:36:00,15.37,"<div class=""MessageStreamView__body___2giLh""><div><span><a data-event=""click"" data-for=""cashTag"" data-tip=""BBBY"" href=""/symbol/BBBY"" id=""BBBY-150557536-1498"">$BBBY</a></span> 14.85 will be a good test on rather it will go lower to 14.20s</div></div>"
Mike_V,False,2019-01-14 11:34:00,15.39,"<div class=""MessageStreamView__body___2giLh""><div><span><a data-event=""click"" data-for=""cashTag"" data-tip=""BBBY"" href=""/symbol/BBBY"" id=""BBBY-150557279-1501"">$BBBY</a></span> How many tops so far?</div></div>"
wellmaybenow,False,2019-01-14 11:33:00,15.401,"<div class=""MessageStreamView__body___2giLh""><div><span><a data-event=""click"" data-for=""cashTag"" data-tip=""BBBY"" href=""/symbol/BBBY"" id=""BBBY-150557023-1504"">$BBBY</a></span> 18k sale lined up on level 2 now..lol</div></div>"
Danny__Porush,False,2019-01-14 11:30:00,15.363,"<div class=""MessageStreamView__body___2giLh""><div><span><a data-event=""click"" data-for=""cashTag"" data-tip=""BBBY"" href=""/symbol/BBBY"" id=""BBBY-150556669-1510"">$BBBY</a></span> </div></div>"
wellmaybenow,False,2019-01-14 11:28:00,15.393,"<div class=""MessageStreamView__body___2giLh""><div><span><a data-event=""click"" data-for=""cashTag"" data-tip=""BBBY"" href=""/symbol/BBBY"" id=""BBBY-150556378-1513"">$BBBY</a></span> Nothing has changed , <a data-event=""click"" href=""https://stocktwits.com/news/9247124/i-will-not-get-involved-in-bed-bath-beyond-stock-bbby"" rel=""noopener nofollow"" target=""_blank"">stocktwits.com/news/9247124...</a></div></div>"
passiontrader1,False,2019-01-14 11:28:00,15.393,"<div class=""MessageStreamView__body___2giLh""><div><span><a data-event=""click"" data-for=""cashTag"" data-tip=""BBBY"" href=""/symbol/BBBY"" id=""BBBY-150556309-1519"">$BBBY</a></span> BIG FISH IS NOT YET OUT!</div></div>"
MonkeyBiznas,False,2019-01-14 11:28:00,15.393,"<div class=""MessageStreamView__body___2giLh""><div><span><a data-event=""click"" data-for=""cashTag"" data-tip=""BBBY"" href=""/symbol/BBBY"" id=""BBBY-150556304-1522"">$BBBY</a></span> short again for a swing $15.4</div></div>"
vsatani,True,2019-01-14 11:28:00,15.393,"<div class=""MessageStreamView__body___2giLh""><div><span><a data-event=""click"" data-for=""cashTag"" data-tip=""BBBY"" href=""/symbol/BBBY"" id=""BBBY-150556290-1525"">$BBBY</a></span> looks like it is going to 16+ today.</div></div>"
Mike_V,False,2019-01-14 11:25:00,15.322,"<div class=""MessageStreamView__body___2giLh""><div><span><a data-event=""click"" data-for=""cashTag"" data-tip=""BBBY"" href=""/symbol/BBBY"" id=""BBBY-150555899-1531"">$BBBY</a></span> Closing under $15 today..  13's by thursday</div></div>"
wellmaybenow,False,2019-01-14 11:24:00,15.305,"<div class=""MessageStreamView__body___2giLh""><div><span><a data-event=""click"" data-for=""cashTag"" data-tip=""BBBY"" href=""/symbol/BBBY"" id=""BBBY-150555776-1534"">$BBBY</a></span> 12 by eow!</div></div>"
atxdude,False,2019-01-14 11:24:00,15.305,"<div class=""MessageStreamView__body___2giLh""><div><span><a data-event=""click"" data-for=""cashTag"" data-tip=""BBBY"" href=""/symbol/BBBY"" id=""BBBY-150555636-1537"">$BBBY</a></span> this thing is holding off bear attacks somebody take it down already</div></div>"
shortlover91,False,2019-01-14 11:23:00,15.29,"<div class=""MessageStreamView__body___2giLh""><div><span><a data-event=""click"" data-for=""cashTag"" data-tip=""BBBY"" href=""/symbol/BBBY"" id=""BBBY-150555513-1543"">$BBBY</a></span> so much resistance there is not even funny i dont see it breaking bulls... sorry</div></div>"
YoungTraderTRX,False,2019-01-14 11:18:00,15.264,"<div class=""MessageStreamView__body___2giLh""><div><span><a data-event=""click"" data-for=""cashTag"" data-tip=""BBBY"" href=""/symbol/BBBY"" id=""BBBY-150554720-1552"">$BBBY</a></span> still holding my short ... looking for more</div></div>"
phuaman,False,2019-01-14 11:15:00,15.227,"<div class=""MessageStreamView__body___2giLh""><div><span><a data-event=""click"" data-for=""cashTag"" data-tip=""BBBY"" href=""/symbol/BBBY"" id=""BBBY-150554245-1564"">$BBBY</a></span> bears 🐻 are in control now</div></div>"
shortlover91,False,2019-01-14 11:15:00,15.227,"<div class=""MessageStreamView__body___2giLh""><div><span><a data-event=""click"" data-for=""cashTag"" data-tip=""BBBY"" href=""/symbol/BBBY"" id=""BBBY-150554183-1570"">$BBBY</a></span> Nice....</div></div>"
mydixiewreckt,False,2019-01-14 11:09:00,15.315,"<div class=""MessageStreamView__body___2giLh""><div><span><a data-event=""click"" data-for=""cashTag"" data-tip=""BBBY"" href=""/symbol/BBBY"" id=""BBBY-150553306-1582"">$BBBY</a></span> tried another short at 15.40, but gotta a SHORT(pun) leash on it, this is one cheap slippery box of chocolates</div></div>"
wellmaybenow,False,2019-01-14 11:09:00,15.315,"<div class=""MessageStreamView__body___2giLh""><div><span><a data-event=""click"" data-for=""cashTag"" data-tip=""BBBY"" href=""/symbol/BBBY"" id=""BBBY-150553299-1585"">$BBBY</a></span> Sales lining up now on Level 2</div></div>"
Mike_V,False,2019-01-14 11:08:00,15.332,"<div class=""MessageStreamView__body___2giLh""><div><span><a data-event=""click"" data-for=""cashTag"" data-tip=""BBBY"" href=""/symbol/BBBY"" id=""BBBY-150553209-1588"">$BBBY</a></span> Stop the madness</div></div>"
shortlover91,False,2019-01-14 11:05:00,15.359,"<div class=""MessageStreamView__body___2giLh""><div><span><a data-event=""click"" data-for=""cashTag"" data-tip=""BBBY"" href=""/symbol/BBBY"" id=""BBBY-150552682-1594"">$BBBY</a></span> Covering short at 14.60$ in the next few days, will be looking to get back in after a few days. broke a important trend-line</div></div>"
wellmaybenow,False,2019-01-14 10:53:00,15.365,"<div class=""MessageStreamView__body___2giLh""><div><span><a data-event=""click"" data-for=""cashTag"" data-tip=""BBBY"" href=""/symbol/BBBY"" id=""BBBY-150550715-1600"">$BBBY</a></span> <a data-event=""click"" href=""https://stocktwits.com/news/9246797/bed-bath-beyond-rallies-after-q3-print-but-analysts-arent-buying-it-bbby"" rel=""noopener nofollow"" target=""_blank"">stocktwits.com/news/9246797...</a></div></div>"
wellmaybenow,False,2019-01-14 10:52:00,15.37,"<div class=""MessageStreamView__body___2giLh""><div><span><a data-event=""click"" data-for=""cashTag"" data-tip=""BBBY"" href=""/symbol/BBBY"" id=""BBBY-150550525-1606"">$BBBY</a></span> Rsi too high!~</div></div>"
napoleonDD,False,2019-01-14 10:52:00,15.37,"<div class=""MessageStreamView__body___2giLh""><div><span><a data-event=""click"" data-for=""cashTag"" data-tip=""BBBY"" href=""/symbol/BBBY"" id=""BBBY-150550515-1609"">$BBBY</a></span> what’s holding this up 🤦‍♂️! I hope this 💩 won’t get a short squeeshittt!! We’re toast ! Lol</div></div>"
wellmaybenow,False,2019-01-14 10:51:00,15.385,"<div class=""MessageStreamView__body___2giLh""><div><span><a data-event=""click"" data-for=""cashTag"" data-tip=""BBBY"" href=""/symbol/BBBY"" id=""BBBY-150550375-1612"">$BBBY</a></span> Who thinks this will fill the gap back down to 12.31 ?</div></div>"
Mike_V,False,2019-01-14 10:48:00,15.389,"<div class=""MessageStreamView__body___2giLh""><div><span><a data-event=""click"" data-for=""cashTag"" data-tip=""BBBY"" href=""/symbol/BBBY"" id=""BBBY-150549922-1615"">$BBBY</a></span> 14 or less by eow</div></div>"
Mike_V,False,2019-01-14 10:48:00,15.389,"<div class=""MessageStreamView__body___2giLh""><div><span><a data-event=""click"" data-for=""cashTag"" data-tip=""BBBY"" href=""/symbol/BBBY"" id=""BBBY-150549847-1618"">$BBBY</a></span> Ridiculous..</div></div>"
roiratpd81,False,2019-01-14 10:44:00,15.353,"<div class=""MessageStreamView__body___2giLh""><div><span><a data-event=""click"" data-for=""cashTag"" data-tip=""BBBY"" href=""/symbol/BBBY"" id=""BBBY-150549203-1621"">$BBBY</a></span> unsustainable as we all know</div></div>"
wellmaybenow,False,2019-01-14 10:38:00,15.342,"<div class=""MessageStreamView__body___2giLh""><div><span><a data-event=""click"" data-for=""cashTag"" data-tip=""BBBY"" href=""/symbol/BBBY"" id=""BBBY-150548219-1630"">$BBBY</a></span> 14.08 First real support then 12.22</div></div>"
mikepike25,False,2019-01-14 10:37:00,15.356,"<div class=""MessageStreamView__body___2giLh""><div><span><a data-event=""click"" data-for=""cashTag"" data-tip=""BBBY"" href=""/symbol/BBBY"" id=""BBBY-150548041-1633"">$BBBY</a></span> covered PM and I'm shorting again</div></div>"
engmerc,False,2019-01-14 10:37:00,15.356,"<div class=""MessageStreamView__body___2giLh""><div><span><a data-event=""click"" data-for=""cashTag"" data-tip=""BBBY"" href=""/symbol/BBBY"" id=""BBBY-150547978-1636"">$BBBY</a></span> so why level 2 on think or swim app is so thin on this garbage pos</div></div>"
mikepike25,False,2019-01-14 10:33:00,15.31,"<div class=""MessageStreamView__body___2giLh""><div><span><a data-event=""click"" data-for=""cashTag"" data-tip=""BBBY"" href=""/symbol/BBBY"" id=""BBBY-150547298-1642"">$BBBY</a></span> they can't keep this trash up</div></div>"
phuaman,False,2019-01-14 10:29:00,15.346,"<div class=""MessageStreamView__body___2giLh""><div><span><a data-event=""click"" data-for=""cashTag"" data-tip=""BBBY"" href=""/symbol/BBBY"" id=""BBBY-150546745-1648"">$BBBY</a></span> wow at soon it drop to 15.28-15.29 algo machine are buying in to keep this garbage alive</div></div>"
wellmaybenow,False,2019-01-14 10:28:00,15.338,"<div class=""MessageStreamView__body___2giLh""><div><span><a data-event=""click"" data-for=""cashTag"" data-tip=""BBBY"" href=""/symbol/BBBY"" id=""BBBY-150546624-1651"">$BBBY</a></span> Back to 12 Now?</div></div>"
passiontrader1,False,2019-01-14 10:21:00,15.319,"<div class=""MessageStreamView__body___2giLh""><div><span><a data-event=""click"" data-for=""cashTag"" data-tip=""BBBY"" href=""/symbol/BBBY"" id=""BBBY-150545491-1660"">$BBBY</a></span>  we have to wait for the bigfish to finish their game. hope it will happen today</div></div>"
st0cktits,True,2019-01-14 10:18:00,15.331,"<div class=""MessageStreamView__body___2giLh""><div><span><a data-event=""click"" data-for=""cashTag"" data-tip=""BBBY"" href=""/symbol/BBBY"" id=""BBBY-150545066-1666"">$BBBY</a></span> lol okay gonna try to fill that Sept gap?</div></div>"
CaptainJack72,False,2019-01-14 10:16:00,15.338,"<div class=""MessageStreamView__body___2giLh""><div><span><a data-event=""click"" data-for=""cashTag"" data-tip=""BBBY"" href=""/symbol/BBBY"" id=""BBBY-150544599-1669"">$BBBY</a></span> Not falling for the head fake. Seen it too many times. Holding my Puts.</div></div>"
CPAYYYY,False,2019-01-14 10:15:00,15.37,"<div class=""MessageStreamView__body___2giLh""><div><span><a data-event=""click"" data-for=""cashTag"" data-tip=""BBBY"" href=""/symbol/BBBY"" id=""BBBY-150544463-1678"">$BBBY</a></span> When is the rug pull?</div></div>"
Armarium,True,2019-01-14 10:14:00,15.378,"<div class=""MessageStreamView__body___2giLh""><div><span><a data-event=""click"" data-for=""cashTag"" data-tip=""BBBY"" href=""/symbol/BBBY"" id=""BBBY-150544404-1684"">$BBBY</a></span> Resistance<span class=""UserProfileLink__container___2JY3s""><a data-event=""click"" href=""/15"" id=""user-profile-15-1547602299279-1685"">@15</a></span>.4... if we go up from here then we will see more upside.. if not then the stock will run out of steam and decline</div></div>"
Danny__Porush,False,2019-01-14 10:14:00,15.378,"<div class=""MessageStreamView__body___2giLh""><div><span><a data-event=""click"" data-for=""cashTag"" data-tip=""BBBY"" href=""/symbol/BBBY"" id=""BBBY-150544377-1688"">$BBBY</a></span> Overbought, down from here</div></div>"
Armarium,True,2019-01-14 10:12:00,15.384,"<div class=""MessageStreamView__body___2giLh""><div><span><a data-event=""click"" data-for=""cashTag"" data-tip=""BBBY"" href=""/symbol/BBBY"" id=""BBBY-150543878-1694"">$BBBY</a></span> Daily Options News expected more upside today</div></div>"
Mike_V,False,2019-01-14 10:04:00,15.372,"<div class=""MessageStreamView__body___2giLh""><div><span><a data-event=""click"" data-for=""cashTag"" data-tip=""BBBY"" href=""/symbol/BBBY"" id=""BBBY-150542461-1715"">$BBBY</a></span> Overbought across the board..</div></div>"
NormalPerson,False,2019-01-14 10:04:00,15.372,"<div class=""MessageStreamView__body___2giLh""><div><span><a data-event=""click"" data-for=""cashTag"" data-tip=""BBBY"" href=""/symbol/BBBY"" id=""BBBY-150542390-1718"">$BBBY</a></span> looks like MM want to push this above 16... I think it will drop after that. below 13 by EOM.</div></div>"
passiontrader1,False,2019-01-14 10:01:00,15.385,"<div class=""MessageStreamView__body___2giLh""><div><span><a data-event=""click"" data-for=""cashTag"" data-tip=""BBBY"" href=""/symbol/BBBY"" id=""BBBY-150541845-1724"">$BBBY</a></span> stock market is not for rational thinkers</div></div>"
MonkFx,False,2019-01-14 10:00:00,15.379,"<div class=""MessageStreamView__body___2giLh""><div><span><a data-event=""click"" data-for=""cashTag"" data-tip=""BBBY"" href=""/symbol/BBBY"" id=""BBBY-150541762-1727"">$BBBY</a></span> from there</div></div>"
Leon_inc,False,2019-01-14 09:58:00,15.322,"<div class=""MessageStreamView__body___2giLh""><div><span><a data-event=""click"" data-for=""cashTag"" data-tip=""BBBY"" href=""/symbol/BBBY"" id=""BBBY-150541478-1733"">$BBBY</a></span> an example of where algos mess with a stock for the short term. LT things will correct themselves. Might take till next earnings tho</div></div>"
Mike_V,False,2019-01-14 09:55:00,15.367,"<div class=""MessageStreamView__body___2giLh""><div><span><a data-event=""click"" data-for=""cashTag"" data-tip=""BBBY"" href=""/symbol/BBBY"" id=""BBBY-150540801-1745"">$BBBY</a></span> Trapping more buyers, while the big guys are shorting..</div></div>"
Armarium,True,2019-01-14 09:53:00,15.328,"<div class=""MessageStreamView__body___2giLh""><div><span><a data-event=""click"" data-for=""cashTag"" data-tip=""BBBY"" href=""/symbol/BBBY"" id=""BBBY-150540544-1757"">$BBBY</a></span> $15.6-$15.7 today if not higher...</div></div>"
morningrunning,False,2019-01-14 09:53:00,15.328,"<div class=""MessageStreamView__body___2giLh""><div><span><a data-event=""click"" data-for=""cashTag"" data-tip=""BBBY"" href=""/symbol/BBBY"" id=""BBBY-150540426-1760"">$BBBY</a></span> as I said, the Algos pushed it green. Ridiculous</div></div>"
phuaman,False,2019-01-14 09:51:00,15.142,"<div class=""MessageStreamView__body___2giLh""><div><span><a data-event=""click"" data-for=""cashTag"" data-tip=""BBBY"" href=""/symbol/BBBY"" id=""BBBY-150540095-1772"">$BBBY</a></span> seriously this is easily $14 stock</div></div>"
Mike_V,False,2019-01-14 09:50:00,15.128,"<div class=""MessageStreamView__body___2giLh""><div><span><a data-event=""click"" data-for=""cashTag"" data-tip=""BBBY"" href=""/symbol/BBBY"" id=""BBBY-150539968-1775"">$BBBY</a></span> She's gonna die out today into eow</div></div>"
Mike_V,False,2019-01-14 09:49:00,15.114,"<div class=""MessageStreamView__body___2giLh""><div><span><a data-event=""click"" data-for=""cashTag"" data-tip=""BBBY"" href=""/symbol/BBBY"" id=""BBBY-150539809-1778"">$BBBY</a></span> Turn the machines off and this drops like an anchor</div></div>"
CaptainJack72,False,2019-01-14 09:44:00,15.06,"<div class=""MessageStreamView__body___2giLh""><div><span><a data-event=""click"" data-for=""cashTag"" data-tip=""BBBY"" href=""/symbol/BBBY"" id=""BBBY-150538930-1796"">$BBBY</a></span> Steam for this one runs out by this afternoon, then it slowly bleeds out for a couple days.</div></div>"
Mike_V,False,2019-01-14 09:40:00,15.051,"<div class=""MessageStreamView__body___2giLh""><div><span><a data-event=""click"" data-for=""cashTag"" data-tip=""BBBY"" href=""/symbol/BBBY"" id=""BBBY-150538160-1811"">$BBBY</a></span> What is holdling this turkey up?
Drop it already</div></div>"
morningrunning,False,2019-01-14 09:37:00,15.108,"<div class=""MessageStreamView__body___2giLh""><div><span><a data-event=""click"" data-for=""cashTag"" data-tip=""BBBY"" href=""/symbol/BBBY"" id=""BBBY-150537760-1817"">$BBBY</a></span> algos are on a buying frenzy, they are pushing up stocks that have no business being pushed up, it’s about to push this green</div></div>"
YoungTraderTRX,False,2019-01-14 09:35:00,14.982,"<div class=""MessageStreamView__body___2giLh""><div><span><a data-event=""click"" data-for=""cashTag"" data-tip=""BBBY"" href=""/symbol/BBBY"" id=""BBBY-150537519-1823"">$BBBY</a></span> spy looking weak</div></div>"
YoungTraderTRX,False,2019-01-14 09:34:00,14.925,"<div class=""MessageStreamView__body___2giLh""><div><span><a data-event=""click"" data-for=""cashTag"" data-tip=""BBBY"" href=""/symbol/BBBY"" id=""BBBY-150537240-1826"">$BBBY</a></span> holding for under $13</div></div>"
SalmanAziz,False,2019-01-14 09:32:00,14.908,"<div class=""MessageStreamView__body___2giLh""><div><span><a data-event=""click"" data-for=""cashTag"" data-tip=""BBBY"" href=""/symbol/BBBY"" id=""BBBY-150536990-1832"">$BBBY</a></span> looks like this one is headed for 13 bucks.</div></div>"
