sniffTheCash,True,2019-01-14 15:54:00,2.265,"<div class=""MessageStreamView__body___2giLh""><div><span><a data-event=""click"" data-for=""cashTag"" data-tip=""BIOC"" href=""/symbol/BIOC"" id=""BIOC-150596607-2072"">$BIOC</a></span> margin calls goin to come
In 🤫 🤭</div></div>"
humour,False,2019-01-14 15:53:00,2.3,"<div class=""MessageStreamView__body___2giLh""><div><span><a data-event=""click"" data-for=""cashTag"" data-tip=""BIOC"" href=""/symbol/BIOC"" id=""BIOC-150596530-2075"">$BIOC</a></span> Don't chase. Tons of bagholders already learned this lesson</div></div>"
spherehere,True,2019-01-14 15:53:00,2.3,"<div class=""MessageStreamView__body___2giLh""><div><span><a data-event=""click"" data-for=""cashTag"" data-tip=""MBOT"" href=""/symbol/MBOT"" id=""MBOT-150596415-2081"">$MBOT</a></span> <span><a data-event=""click"" data-for=""cashTag"" data-tip=""BIOC"" href=""/symbol/BIOC"" id=""BIOC-150596415-2082"">$BIOC</a></span> <span><a data-event=""click"" data-for=""cashTag"" data-tip=""LMFA"" href=""/symbol/LMFA"" id=""LMFA-150596415-2083"">$LMFA</a></span> next runner?  Public Float: 1.40 M 52 Week Range 1.00 - 25.70</div></div>"
mbarelorenzo,True,2019-01-14 15:53:00,2.3,"<div class=""MessageStreamView__body___2giLh""><div>Today hottest 🔥stocks 📈 
<span><a data-event=""click"" data-for=""cashTag"" data-tip=""MBOT"" href=""/symbol/MBOT"" id=""MBOT-150596363-2086"">$MBOT</a></span>
<span><a data-event=""click"" data-for=""cashTag"" data-tip=""BIOC"" href=""/symbol/BIOC"" id=""BIOC-150596363-2087"">$BIOC</a></span>
<span><a data-event=""click"" data-for=""cashTag"" data-tip=""PED"" href=""/symbol/PED"" id=""PED-150596363-2088"">$PED</a></span>
<span><a data-event=""click"" data-for=""cashTag"" data-tip=""SBOT"" href=""/symbol/SBOT"" id=""SBOT-150596363-2089"">$SBOT</a></span>
<span><a data-event=""click"" data-for=""cashTag"" data-tip=""VVUS"" href=""/symbol/VVUS"" id=""VVUS-150596363-2090"">$VVUS</a></span>
<span><a data-event=""click"" data-for=""cashTag"" data-tip=""HTBX"" href=""/symbol/HTBX"" id=""HTBX-150596363-2091"">$HTBX</a></span>
<span><a data-event=""click"" data-for=""cashTag"" data-tip=""BOXL"" href=""/symbol/BOXL"" id=""BOXL-150596363-2092"">$BOXL</a></span>
<span><a data-event=""click"" data-for=""cashTag"" data-tip=""CODX"" href=""/symbol/CODX"" id=""CODX-150596363-2093"">$CODX</a></span>
<span><a data-event=""click"" data-for=""cashTag"" data-tip=""STAF"" href=""/symbol/STAF"" id=""STAF-150596363-2094"">$STAF</a></span>
<span><a data-event=""click"" data-for=""cashTag"" data-tip=""NBEV"" href=""/symbol/NBEV"" id=""NBEV-150596363-2095"">$NBEV</a></span> 
Good job all</div></div>"
stockemup45,True,2019-01-14 15:47:00,2.286,"<div class=""MessageStreamView__body___2giLh""><div><span><a data-event=""click"" data-for=""cashTag"" data-tip=""DHCP"" href=""/symbol/DHCP"" id=""DHCP-150595362-2122"">$DHCP</a></span> <span><a data-event=""click"" data-for=""cashTag"" data-tip=""IPCI"" href=""/symbol/IPCI"" id=""IPCI-150595362-2123"">$IPCI</a></span> and <span><a data-event=""click"" data-for=""cashTag"" data-tip=""TNXP"" href=""/symbol/TNXP"" id=""TNXP-150595362-2124"">$TNXP</a></span> All have very beautiful charts. <span><a data-event=""click"" data-for=""cashTag"" data-tip=""MBOT"" href=""/symbol/MBOT"" id=""MBOT-150595362-2125"">$MBOT</a></span> and <span><a data-event=""click"" data-for=""cashTag"" data-tip=""BIOC"" href=""/symbol/BIOC"" id=""BIOC-150595362-2126"">$BIOC</a></span> should take a look</div></div>"
je_mange_des_patates,True,2019-01-14 15:47:00,2.286,"<div class=""MessageStreamView__body___2giLh""><div><span><a data-event=""click"" data-for=""cashTag"" data-tip=""FLKS"" href=""/symbol/FLKS"" id=""FLKS-150595313-2129"">$FLKS</a></span> hope will bounce like <span><a data-event=""click"" data-for=""cashTag"" data-tip=""BIOC"" href=""/symbol/BIOC"" id=""BIOC-150595313-2130"">$BIOC</a></span> <span><a data-event=""click"" data-for=""cashTag"" data-tip=""MBOT"" href=""/symbol/MBOT"" id=""MBOT-150595313-2131"">$MBOT</a></span></div></div>"
movingfast77,True,2019-01-14 15:46:00,2.286,"<div class=""MessageStreamView__body___2giLh""><div><span><a data-event=""click"" data-for=""cashTag"" data-tip=""BIOC"" href=""/symbol/BIOC"" id=""BIOC-150595255-2134"">$BIOC</a></span> and  <span><a data-event=""click"" data-for=""cashTag"" data-tip=""TMO"" href=""/symbol/TMO"" id=""TMO-150595255-2135"">$TMO</a></span>  DEAL IMMINENT  BIG $$$$</div></div>"
mosconi,True,2019-01-14 15:46:00,2.286,"<div class=""MessageStreamView__body___2giLh""><div><span><a data-event=""click"" data-for=""cashTag"" data-tip=""IMTE"" href=""/symbol/IMTE"" id=""IMTE-150595169-2138"">$IMTE</a></span> could squeeze bigger than <span><a data-event=""click"" data-for=""cashTag"" data-tip=""BIOC"" href=""/symbol/BIOC"" id=""BIOC-150595169-2139"">$BIOC</a></span> and <span><a data-event=""click"" data-for=""cashTag"" data-tip=""MBOT"" href=""/symbol/MBOT"" id=""MBOT-150595169-2140"">$MBOT</a></span>, as shorts are hiding in this name with a super-low 300k float</div></div>"
powermike,False,2019-01-14 15:45:00,2.328,"<div class=""MessageStreamView__body___2giLh""><div><span><a data-event=""click"" data-for=""cashTag"" data-tip=""BIOC"" href=""/symbol/BIOC"" id=""BIOC-150595062-2146"">$BIOC</a></span> mothafacka, i owned it always went down POS</div></div>"
johnv345,True,2019-01-14 15:45:00,2.328,"<div class=""MessageStreamView__body___2giLh""><div><span><a data-event=""click"" data-for=""cashTag"" data-tip=""BIOC"" href=""/symbol/BIOC"" id=""BIOC-150594979-2149"">$BIOC</a></span> halt poppppp.</div></div>"
sniffTheCash,True,2019-01-14 15:44:00,2.328,"<div class=""MessageStreamView__body___2giLh""><div><span><a data-event=""click"" data-for=""cashTag"" data-tip=""BIOC"" href=""/symbol/BIOC"" id=""BIOC-150594913-2152"">$BIOC</a></span> Next <span><a data-event=""click"" data-for=""cashTag"" data-tip=""MBOT"" href=""/symbol/MBOT"" id=""MBOT-150594913-2153"">$MBOT</a></span></div></div>"
LoOseMoNeY,True,2019-01-14 15:44:00,2.328,"<div class=""MessageStreamView__body___2giLh""><div><span><a data-event=""click"" data-for=""cashTag"" data-tip=""BIOC"" href=""/symbol/BIOC"" id=""BIOC-150594907-2156"">$BIOC</a></span> Just wow this is special... Resistance at $3 but if it can break through $4.50 is possible</div></div>"
evranic,True,2019-01-14 15:44:00,2.328,"<div class=""MessageStreamView__body___2giLh""><div><span><a data-event=""click"" data-for=""cashTag"" data-tip=""LMFA"" href=""/symbol/LMFA"" id=""LMFA-150594902-2159"">$LMFA</a></span> Alright guys. Your homework assignment is to find a friend who made money on <span><a data-event=""click"" data-for=""cashTag"" data-tip=""MBOT"" href=""/symbol/MBOT"" id=""MBOT-150594902-2160"">$MBOT</a></span> and <span><a data-event=""click"" data-for=""cashTag"" data-tip=""BIOC"" href=""/symbol/BIOC"" id=""BIOC-150594902-2161"">$BIOC</a></span> today and tell them to buy <span><a data-event=""click"" data-for=""cashTag"" data-tip=""LMFA"" href=""/symbol/LMFA"" id=""LMFA-150594902-2162"">$LMFA</a></span>!</div></div>"
WinnipegTrader,True,2019-01-14 15:43:00,2.297,"<div class=""MessageStreamView__body___2giLh""><div><span><a data-event=""click"" data-for=""cashTag"" data-tip=""SBOT"" href=""/symbol/SBOT"" id=""SBOT-150594599-2176"">$SBOT</a></span> these low floaters are money today <span><a data-event=""click"" data-for=""cashTag"" data-tip=""MBOT"" href=""/symbol/MBOT"" id=""MBOT-150594599-2177"">$MBOT</a></span> <span><a data-event=""click"" data-for=""cashTag"" data-tip=""BIOC"" href=""/symbol/BIOC"" id=""BIOC-150594599-2178"">$BIOC</a></span></div></div>"
johnv345,True,2019-01-14 15:43:00,2.297,"<div class=""MessageStreamView__body___2giLh""><div><span><a data-event=""click"" data-for=""cashTag"" data-tip=""BIOC"" href=""/symbol/BIOC"" id=""BIOC-150594584-2181"">$BIOC</a></span> next big leg see 3.</div></div>"
livlife549,True,2019-01-14 15:42:00,2.275,"<div class=""MessageStreamView__body___2giLh""><div><span><a data-event=""click"" data-for=""cashTag"" data-tip=""BIOC"" href=""/symbol/BIOC"" id=""BIOC-150594557-2187"">$BIOC</a></span> its alive</div></div>"
Ohreo,True,2019-01-14 15:42:00,2.275,"<div class=""MessageStreamView__body___2giLh""><div><span><a data-event=""click"" data-for=""cashTag"" data-tip=""BIOC"" href=""/symbol/BIOC"" id=""BIOC-150594544-2190"">$BIOC</a></span> Like I said, undervalued.</div></div>"
tudorbalea,True,2019-01-14 15:42:00,2.275,"<div class=""MessageStreamView__body___2giLh""><div><span><a data-event=""click"" data-for=""cashTag"" data-tip=""BIOC"" href=""/symbol/BIOC"" id=""BIOC-150594494-2193"">$BIOC</a></span> im in</div></div>"
phucdo116,True,2019-01-14 15:42:00,2.275,"<div class=""MessageStreamView__body___2giLh""><div><span><a data-event=""click"" data-for=""cashTag"" data-tip=""BIOC"" href=""/symbol/BIOC"" id=""BIOC-150594474-2196"">$BIOC</a></span> back on running, here is your chance</div></div>"
topstockalerts,True,2019-01-14 15:42:00,2.275,"<div class=""MessageStreamView__body___2giLh""><div>Top Movers:

<span><a data-event=""click"" data-for=""cashTag"" data-tip=""NBEV"" href=""/symbol/NBEV"" id=""NBEV-150594441-2199"">$NBEV</a></span> <span><a data-event=""click"" data-for=""cashTag"" data-tip=""CGC"" href=""/symbol/CGC"" id=""CGC-150594441-2200"">$CGC</a></span> <span><a data-event=""click"" data-for=""cashTag"" data-tip=""CRON"" href=""/symbol/CRON"" id=""CRON-150594441-2201"">$CRON</a></span> <span><a data-event=""click"" data-for=""cashTag"" data-tip=""AAC"" href=""/symbol/AAC"" id=""AAC-150594441-2202"">$AAC</a></span> <span><a data-event=""click"" data-for=""cashTag"" data-tip=""BIOC"" href=""/symbol/BIOC"" id=""BIOC-150594441-2203"">$BIOC</a></span> <span><a data-event=""click"" data-for=""cashTag"" data-tip=""PED"" href=""/symbol/PED"" id=""PED-150594441-2204"">$PED</a></span> <span><a data-event=""click"" data-for=""cashTag"" data-tip=""RNN"" href=""/symbol/RNN"" id=""RNN-150594441-2205"">$RNN</a></span> <span><a data-event=""click"" data-for=""cashTag"" data-tip=""USAT"" href=""/symbol/USAT"" id=""USAT-150594441-2206"">$USAT</a></span> <span><a data-event=""click"" data-for=""cashTag"" data-tip=""CFMS"" href=""/symbol/CFMS"" id=""CFMS-150594441-2207"">$CFMS</a></span> <span><a data-event=""click"" data-for=""cashTag"" data-tip=""TLRY"" href=""/symbol/TLRY"" id=""TLRY-150594441-2208"">$TLRY</a></span> <span><a data-event=""click"" data-for=""cashTag"" data-tip=""VVUS"" href=""/symbol/VVUS"" id=""VVUS-150594441-2209"">$VVUS</a></span> <span><a data-event=""click"" data-for=""cashTag"" data-tip=""SSLJ"" href=""/symbol/SSLJ"" id=""SSLJ-150594441-2210"">$SSLJ</a></span> <span><a data-event=""click"" data-for=""cashTag"" data-tip=""FTFT"" href=""/symbol/FTFT"" id=""FTFT-150594441-2211"">$FTFT</a></span> <span><a data-event=""click"" data-for=""cashTag"" data-tip=""ABAC"" href=""/symbol/ABAC"" id=""ABAC-150594441-2212"">$ABAC</a></span> <span><a data-event=""click"" data-for=""cashTag"" data-tip=""MBOT"" href=""/symbol/MBOT"" id=""MBOT-150594441-2213"">$MBOT</a></span> <span><a data-event=""click"" data-for=""cashTag"" data-tip=""BOXL"" href=""/symbol/BOXL"" id=""BOXL-150594441-2214"">$BOXL</a></span> <span><a data-event=""click"" data-for=""cashTag"" data-tip=""CODX"" href=""/symbol/CODX"" id=""CODX-150594441-2215"">$CODX</a></span> <span><a data-event=""click"" data-for=""cashTag"" data-tip=""CAPR"" href=""/symbol/CAPR"" id=""CAPR-150594441-2216"">$CAPR</a></span></div></div>"
sniffTheCash,True,2019-01-14 15:40:00,2.227,"<div class=""MessageStreamView__body___2giLh""><div><span><a data-event=""click"" data-for=""cashTag"" data-tip=""BIOC"" href=""/symbol/BIOC"" id=""BIOC-150594231-2222"">$BIOC</a></span> lets goo</div></div>"
ChiTownMidway,True,2019-01-14 15:39:00,2.235,"<div class=""MessageStreamView__body___2giLh""><div><span><a data-event=""click"" data-for=""cashTag"" data-tip=""BIOC"" href=""/symbol/BIOC"" id=""BIOC-150593977-2225"">$BIOC</a></span> T1 halt now!</div></div>"
phucdo116,True,2019-01-14 15:37:00,2.15,"<div class=""MessageStreamView__body___2giLh""><div><span><a data-event=""click"" data-for=""cashTag"" data-tip=""BIOC"" href=""/symbol/BIOC"" id=""BIOC-150593677-2228"">$BIOC</a></span> buying at the dip</div></div>"
SerialStockGains,True,2019-01-14 15:34:00,2.157,"<div class=""MessageStreamView__body___2giLh""><div><span><a data-event=""click"" data-for=""cashTag"" data-tip=""BIOC"" href=""/symbol/BIOC"" id=""BIOC-150593226-2244"">$BIOC</a></span> if we get news AH, this will gap significant ly tomorrow</div></div>"
SerialStockGains,True,2019-01-14 15:33:00,2.261,"<div class=""MessageStreamView__body___2giLh""><div><span><a data-event=""click"" data-for=""cashTag"" data-tip=""BIOC"" href=""/symbol/BIOC"" id=""BIOC-150593095-2251"">$BIOC</a></span> expected .. profit takers and stop losses triggered. Still a multi-day runner IMO.</div></div>"
SerialTrader72,True,2019-01-14 15:33:00,2.261,"<div class=""MessageStreamView__body___2giLh""><div><span><a data-event=""click"" data-for=""cashTag"" data-tip=""BIOC"" href=""/symbol/BIOC"" id=""BIOC-150593070-2254"">$BIOC</a></span> omg pump and dump?</div></div>"
Ch65,True,2019-01-14 15:33:00,2.261,"<div class=""MessageStreamView__body___2giLh""><div><span><a data-event=""click"" data-for=""cashTag"" data-tip=""BIOC"" href=""/symbol/BIOC"" id=""BIOC-150593049-2257"">$BIOC</a></span> i think we will get some after hour news with biocept liquid biopsy and Thermal Fisher collaboration.</div></div>"
samwallstreet1,True,2019-01-14 15:33:00,2.261,"<div class=""MessageStreamView__body___2giLh""><div>Big money play stock I'm green in <span><a data-event=""click"" data-for=""cashTag"" data-tip=""MBOT"" href=""/symbol/MBOT"" id=""MBOT-150592984-2260"">$MBOT</a></span> <span><a data-event=""click"" data-for=""cashTag"" data-tip=""NBEV"" href=""/symbol/NBEV"" id=""NBEV-150592984-2261"">$NBEV</a></span> <span><a data-event=""click"" data-for=""cashTag"" data-tip=""BIOC"" href=""/symbol/BIOC"" id=""BIOC-150592984-2262"">$BIOC</a></span> let's go baby power hour is officially on</div></div>"
BishBish,True,2019-01-14 15:32:00,2.27,"<div class=""MessageStreamView__body___2giLh""><div><span><a data-event=""click"" data-for=""cashTag"" data-tip=""RTTR"" href=""/symbol/RTTR"" id=""RTTR-150592902-2265"">$RTTR</a></span> In here off <span><a data-event=""click"" data-for=""cashTag"" data-tip=""BIOC"" href=""/symbol/BIOC"" id=""BIOC-150592902-2266"">$BIOC</a></span></div></div>"
SpikerST,True,2019-01-14 15:32:00,2.27,"<div class=""MessageStreamView__body___2giLh""><div><span><a data-event=""click"" data-for=""cashTag"" data-tip=""YOGA"" href=""/symbol/YOGA"" id=""YOGA-150592820-2269"">$YOGA</a></span> 590 watchers on here. Low float, it can run a couple 100% 🤣🤣 the nex <span><a data-event=""click"" data-for=""cashTag"" data-tip=""BIOC"" href=""/symbol/BIOC"" id=""BIOC-150592820-2270"">$BIOC</a></span> qnd <span><a data-event=""click"" data-for=""cashTag"" data-tip=""MBOT"" href=""/symbol/MBOT"" id=""MBOT-150592820-2271"">$MBOT</a></span></div></div>"
StockAlerts77,True,2019-01-14 15:30:00,2.57,"<div class=""MessageStreamView__body___2giLh""><div>Watching into the close:

<span><a data-event=""click"" data-for=""cashTag"" data-tip=""SBOT"" href=""/symbol/SBOT"" id=""SBOT-150592596-2277"">$SBOT</a></span> <span><a data-event=""click"" data-for=""cashTag"" data-tip=""OMED"" href=""/symbol/OMED"" id=""OMED-150592596-2278"">$OMED</a></span> <span><a data-event=""click"" data-for=""cashTag"" data-tip=""BIOC"" href=""/symbol/BIOC"" id=""BIOC-150592596-2279"">$BIOC</a></span> <span><a data-event=""click"" data-for=""cashTag"" data-tip=""VVUS"" href=""/symbol/VVUS"" id=""VVUS-150592596-2280"">$VVUS</a></span> <span><a data-event=""click"" data-for=""cashTag"" data-tip=""VXRT"" href=""/symbol/VXRT"" id=""VXRT-150592596-2281"">$VXRT</a></span> <span><a data-event=""click"" data-for=""cashTag"" data-tip=""MBOT"" href=""/symbol/MBOT"" id=""MBOT-150592596-2282"">$MBOT</a></span></div></div>"
johnv345,True,2019-01-14 15:30:00,2.57,"<div class=""MessageStreamView__body___2giLh""><div><span><a data-event=""click"" data-for=""cashTag"" data-tip=""BIOC"" href=""/symbol/BIOC"" id=""BIOC-150592504-2285"">$BIOC</a></span> dont jump ship to soon this thing can keep going .</div></div>"
phucdo116,True,2019-01-14 15:29:00,2.6,"<div class=""MessageStreamView__body___2giLh""><div><span><a data-event=""click"" data-for=""cashTag"" data-tip=""BIOC"" href=""/symbol/BIOC"" id=""BIOC-150592476-2288"">$BIOC</a></span> will break resistance at $3</div></div>"
VTAlum,True,2019-01-14 15:29:00,2.6,"<div class=""MessageStreamView__body___2giLh""><div><span><a data-event=""click"" data-for=""cashTag"" data-tip=""MBOT"" href=""/symbol/MBOT"" id=""MBOT-150592421-2291"">$MBOT</a></span> <span><a data-event=""click"" data-for=""cashTag"" data-tip=""BIOC"" href=""/symbol/BIOC"" id=""BIOC-150592421-2292"">$BIOC</a></span> <span><a data-event=""click"" data-for=""cashTag"" data-tip=""AYTU"" href=""/symbol/AYTU"" id=""AYTU-150592421-2293"">$AYTU</a></span> The beauty of low float stocks. AYTU your up next.</div></div>"
lilpump_er,True,2019-01-14 15:28:00,2.668,"<div class=""MessageStreamView__body___2giLh""><div><span><a data-event=""click"" data-for=""cashTag"" data-tip=""BIOC"" href=""/symbol/BIOC"" id=""BIOC-150592285-2299"">$BIOC</a></span> incoming next leg up?</div></div>"
SerialStockGains,True,2019-01-14 15:28:00,2.668,"<div class=""MessageStreamView__body___2giLh""><div><span><a data-event=""click"" data-for=""cashTag"" data-tip=""MBOT"" href=""/symbol/MBOT"" id=""MBOT-150592218-2308"">$MBOT</a></span> is at $10 , <span><a data-event=""click"" data-for=""cashTag"" data-tip=""BIOC"" href=""/symbol/BIOC"" id=""BIOC-150592218-2309"">$BIOC</a></span> is at $2.7 and  just getting started. Still has much room to run IMO.</div></div>"
meiraviv,True,2019-01-14 15:28:00,2.668,"<div class=""MessageStreamView__body___2giLh""><div><span><a data-event=""click"" data-for=""cashTag"" data-tip=""BIOC"" href=""/symbol/BIOC"" id=""BIOC-150592189-2312"">$BIOC</a></span> <span><a data-event=""click"" data-for=""cashTag"" data-tip=""MBOT"" href=""/symbol/MBOT"" id=""MBOT-150592189-2313"">$MBOT</a></span>  And next madness <span><a data-event=""click"" data-for=""cashTag"" data-tip=""AYTU"" href=""/symbol/AYTU"" id=""AYTU-150592189-2314"">$AYTU</a></span></div></div>"
LongGod,True,2019-01-14 15:28:00,2.668,"<div class=""MessageStreamView__body___2giLh""><div><span><a data-event=""click"" data-for=""cashTag"" data-tip=""BIOC"" href=""/symbol/BIOC"" id=""BIOC-150592185-2317"">$BIOC</a></span> forming another bullish flag, i took out 2/3 size here</div></div>"
s0phisticatedtrdr,True,2019-01-14 15:27:00,2.693,"<div class=""MessageStreamView__body___2giLh""><div><span><a data-event=""click"" data-for=""cashTag"" data-tip=""BIOC"" href=""/symbol/BIOC"" id=""BIOC-150592088-2320"">$BIOC</a></span> I chased at 2.69. :D 3.23 (-5% maybe)</div></div>"
SerialTrader72,True,2019-01-14 15:27:00,2.693,"<div class=""MessageStreamView__body___2giLh""><div><span><a data-event=""click"" data-for=""cashTag"" data-tip=""BIOC"" href=""/symbol/BIOC"" id=""BIOC-150592005-2328"">$BIOC</a></span> let´s break 4$</div></div>"
MaliWar,True,2019-01-14 15:27:00,2.693,"<div class=""MessageStreamView__body___2giLh""><div><span><a data-event=""click"" data-for=""cashTag"" data-tip=""BIOC"" href=""/symbol/BIOC"" id=""BIOC-150591985-2331"">$BIOC</a></span> chart looks like <span><a data-event=""click"" data-for=""cashTag"" data-tip=""RHE"" href=""/symbol/RHE"" id=""RHE-150591985-2332"">$RHE</a></span> chart</div></div>"
SerialStockGains,True,2019-01-14 15:26:00,2.7,"<div class=""MessageStreamView__body___2giLh""><div><span><a data-event=""click"" data-for=""cashTag"" data-tip=""BIOC"" href=""/symbol/BIOC"" id=""BIOC-150591974-2335"">$BIOC</a></span> not selling as this is a multi-purpose runner. I won't be surprised if they drop news AH.</div></div>"
stocksMania,True,2019-01-14 15:26:00,2.7,"<div class=""MessageStreamView__body___2giLh""><div><span><a data-event=""click"" data-for=""cashTag"" data-tip=""BIOC"" href=""/symbol/BIOC"" id=""BIOC-150591922-2342"">$BIOC</a></span> loking this</div></div>"
CatDog38,True,2019-01-14 15:26:00,2.7,"<div class=""MessageStreamView__body___2giLh""><div><span><a data-event=""click"" data-for=""cashTag"" data-tip=""BIOC"" href=""/symbol/BIOC"" id=""BIOC-150591903-2345"">$BIOC</a></span> </div></div>"
phucdo116,True,2019-01-14 15:26:00,2.7,"<div class=""MessageStreamView__body___2giLh""><div><span><a data-event=""click"" data-for=""cashTag"" data-tip=""BIOC"" href=""/symbol/BIOC"" id=""BIOC-150591897-2348"">$BIOC</a></span> volume looking amazing, this keep going until tomorrow</div></div>"
jnasral,True,2019-01-14 15:25:00,2.653,"<div class=""MessageStreamView__body___2giLh""><div><span><a data-event=""click"" data-for=""cashTag"" data-tip=""LMFA"" href=""/symbol/LMFA"" id=""LMFA-150591806-2351"">$LMFA</a></span> Make like <span><a data-event=""click"" data-for=""cashTag"" data-tip=""MBOT"" href=""/symbol/MBOT"" id=""MBOT-150591806-2352"">$MBOT</a></span> and <span><a data-event=""click"" data-for=""cashTag"" data-tip=""BIOC"" href=""/symbol/BIOC"" id=""BIOC-150591806-2353"">$BIOC</a></span>!</div></div>"
Ads4,True,2019-01-14 15:25:00,2.653,"<div class=""MessageStreamView__body___2giLh""><div><span><a data-event=""click"" data-for=""cashTag"" data-tip=""BIOC"" href=""/symbol/BIOC"" id=""BIOC-150591775-2356"">$BIOC</a></span> now is the time to get in!!!  Gonna hit $5.00!</div></div>"
StockProGilb,True,2019-01-14 15:25:00,2.653,"<div class=""MessageStreamView__body___2giLh""><div><span><a data-event=""click"" data-for=""cashTag"" data-tip=""BIOC"" href=""/symbol/BIOC"" id=""BIOC-150591676-2368"">$BIOC</a></span> I just missed this one. This is a perfect pennant breakout on the 30 min. Congrats to everyone who caught it early.</div></div>"
ThePants,True,2019-01-14 15:24:00,2.643,"<div class=""MessageStreamView__body___2giLh""><div><span><a data-event=""click"" data-for=""cashTag"" data-tip=""BIOC"" href=""/symbol/BIOC"" id=""BIOC-150591644-2379"">$BIOC</a></span> beast mode</div></div>"
topstockalerts,True,2019-01-14 15:24:00,2.643,"<div class=""MessageStreamView__body___2giLh""><div><span><a data-event=""click"" data-for=""cashTag"" data-tip=""BIOC"" href=""/symbol/BIOC"" id=""BIOC-150591611-2382"">$BIOC</a></span> strong volume coming in</div></div>"
AZOZ,True,2019-01-14 15:24:00,2.643,"<div class=""MessageStreamView__body___2giLh""><div><span><a data-event=""click"" data-for=""cashTag"" data-tip=""BIOC"" href=""/symbol/BIOC"" id=""BIOC-150591605-2385"">$BIOC</a></span>  crazy move
Banked</div></div>"
BullishTradings,True,2019-01-14 15:24:00,2.643,"<div class=""MessageStreamView__body___2giLh""><div><span><a data-event=""click"" data-for=""cashTag"" data-tip=""BIOC"" href=""/symbol/BIOC"" id=""BIOC-150591588-2388"">$BIOC</a></span> <span><a data-event=""click"" data-for=""cashTag"" data-tip=""MBOT"" href=""/symbol/MBOT"" id=""MBOT-150591588-2389"">$MBOT</a></span> the beauty of low-float stocks</div></div>"
Aalomari,True,2019-01-14 15:24:00,2.643,"<div class=""MessageStreamView__body___2giLh""><div><span><a data-event=""click"" data-for=""cashTag"" data-tip=""BIOC"" href=""/symbol/BIOC"" id=""BIOC-150591578-2392"">$BIOC</a></span> </div></div>"
SerialTrader72,True,2019-01-14 15:24:00,2.643,"<div class=""MessageStreamView__body___2giLh""><div><span><a data-event=""click"" data-for=""cashTag"" data-tip=""BIOC"" href=""/symbol/BIOC"" id=""BIOC-150591529-2398"">$BIOC</a></span> nice</div></div>"
movingfast77,True,2019-01-14 15:24:00,2.643,"<div class=""MessageStreamView__body___2giLh""><div><span><a data-event=""click"" data-for=""cashTag"" data-tip=""BIOC"" href=""/symbol/BIOC"" id=""BIOC-150591497-2409"">$BIOC</a></span> trading resumed</div></div>"
stockemup45,True,2019-01-14 15:24:00,2.643,"<div class=""MessageStreamView__body___2giLh""><div><span><a data-event=""click"" data-for=""cashTag"" data-tip=""MBOT"" href=""/symbol/MBOT"" id=""MBOT-150591493-2412"">$MBOT</a></span> LOOK AT <span><a data-event=""click"" data-for=""cashTag"" data-tip=""BIOC"" href=""/symbol/BIOC"" id=""BIOC-150591493-2413"">$BIOC</a></span> up 200% 😵</div></div>"
johnv345,True,2019-01-14 15:23:00,2.737,"<div class=""MessageStreamView__body___2giLh""><div><span><a data-event=""click"" data-for=""cashTag"" data-tip=""BIOC"" href=""/symbol/BIOC"" id=""BIOC-150591391-2430"">$BIOC</a></span> 3.3.5</div></div>"
PLATINUM_TRADES,True,2019-01-14 15:23:00,2.737,"<div class=""MessageStreamView__body___2giLh""><div><span><a data-event=""click"" data-for=""cashTag"" data-tip=""BIOC"" href=""/symbol/BIOC"" id=""BIOC-150591352-2436"">$BIOC</a></span> now you know why they seek me. This was easy. Break $3.00 and $3.25 next. 👍👍👍👍</div></div>"
movingfast77,True,2019-01-14 15:23:00,2.737,"<div class=""MessageStreamView__body___2giLh""><div><span><a data-event=""click"" data-for=""cashTag"" data-tip=""BIOC"" href=""/symbol/BIOC"" id=""BIOC-150591348-2439"">$BIOC</a></span> bioc has a history of 1000% 2 day gains,  I rode it from 90 cents to $10 twice</div></div>"
H20oO,True,2019-01-14 15:23:00,2.737,"<div class=""MessageStreamView__body___2giLh""><div><span><a data-event=""click"" data-for=""cashTag"" data-tip=""MBOT"" href=""/symbol/MBOT"" id=""MBOT-150591341-2445"">$MBOT</a></span> and <span><a data-event=""click"" data-for=""cashTag"" data-tip=""BIOC"" href=""/symbol/BIOC"" id=""BIOC-150591341-2446"">$BIOC</a></span> LOLOLOLOL</div></div>"
onassis,True,2019-01-14 15:23:00,2.737,"<div class=""MessageStreamView__body___2giLh""><div><span><a data-event=""click"" data-for=""cashTag"" data-tip=""BIOC"" href=""/symbol/BIOC"" id=""BIOC-150591340-2449"">$BIOC</a></span> Jesus!</div></div>"
SerialTrader72,True,2019-01-14 15:23:00,2.737,"<div class=""MessageStreamView__body___2giLh""><div><span><a data-event=""click"" data-for=""cashTag"" data-tip=""BIOC"" href=""/symbol/BIOC"" id=""BIOC-150591327-2452"">$BIOC</a></span> 3$ told ya</div></div>"
cranmer00,True,2019-01-14 15:23:00,2.737,"<div class=""MessageStreamView__body___2giLh""><div><span><a data-event=""click"" data-for=""cashTag"" data-tip=""BIOC"" href=""/symbol/BIOC"" id=""BIOC-150591315-2455"">$BIOC</a></span> YEEEEE HAWWWW Cowboys!! from 1$ Break buy alert to BOOOOM SHAKA LAKA 150%+ potential 

<span><a data-event=""click"" data-for=""cashTag"" data-tip=""CPST"" href=""/symbol/CPST"" id=""CPST-150591315-2456"">$CPST</a></span> Has news this morning Fiyyyya

<span><a data-event=""click"" data-for=""cashTag"" data-tip=""NXTD"" href=""/symbol/NXTD"" id=""NXTD-150591315-2457"">$NXTD</a></span> 1$ b</div></div>"
LongGod,True,2019-01-14 15:22:00,2.767,"<div class=""MessageStreamView__body___2giLh""><div><span><a data-event=""click"" data-for=""cashTag"" data-tip=""BIOC"" href=""/symbol/BIOC"" id=""BIOC-150591280-2460"">$BIOC</a></span> not even close to <span><a data-event=""click"" data-for=""cashTag"" data-tip=""MBOT"" href=""/symbol/MBOT"" id=""MBOT-150591280-2461"">$MBOT</a></span> levels yet</div></div>"
Slingshot,True,2019-01-14 15:22:00,2.767,"<div class=""MessageStreamView__body___2giLh""><div><span><a data-event=""click"" data-for=""cashTag"" data-tip=""BIOC"" href=""/symbol/BIOC"" id=""BIOC-150591244-2464"">$BIOC</a></span>  Rolling the 4 ball for close tonight</div></div>"
SerialStockGains,True,2019-01-14 15:22:00,2.767,"<div class=""MessageStreamView__body___2giLh""><div><span><a data-event=""click"" data-for=""cashTag"" data-tip=""BIOC"" href=""/symbol/BIOC"" id=""BIOC-150591242-2467"">$BIOC</a></span> non-stop halts</div></div>"
SerialStockGains,True,2019-01-14 15:22:00,2.767,"<div class=""MessageStreamView__body___2giLh""><div><span><a data-event=""click"" data-for=""cashTag"" data-tip=""BIOC"" href=""/symbol/BIOC"" id=""BIOC-150591203-2476"">$BIOC</a></span> HALT<a data-event=""click"" href=""/topic/3"">#3</a> coming up!!!</div></div>"
movingfast77,True,2019-01-14 15:22:00,2.767,"<div class=""MessageStreamView__body___2giLh""><div><span><a data-event=""click"" data-for=""cashTag"" data-tip=""BIOC"" href=""/symbol/BIOC"" id=""BIOC-150591179-2482"">$BIOC</a></span></div></div>"
topstockalerts,True,2019-01-14 15:22:00,2.767,"<div class=""MessageStreamView__body___2giLh""><div><span><a data-event=""click"" data-for=""cashTag"" data-tip=""BIOC"" href=""/symbol/BIOC"" id=""BIOC-150591166-2485"">$BIOC</a></span> What a move!</div></div>"
2wired2trade,True,2019-01-14 15:22:00,2.767,"<div class=""MessageStreamView__body___2giLh""><div>Pretty interesting day today, two pennies on fire 🔥 <span><a data-event=""click"" data-for=""cashTag"" data-tip=""MBOT"" href=""/symbol/MBOT"" id=""MBOT-150591131-2494"">$MBOT</a></span> <span><a data-event=""click"" data-for=""cashTag"" data-tip=""BIOC"" href=""/symbol/BIOC"" id=""BIOC-150591131-2495"">$BIOC</a></span></div></div>"
Slingshot,True,2019-01-14 15:22:00,2.767,"<div class=""MessageStreamView__body___2giLh""><div><span><a data-event=""click"" data-for=""cashTag"" data-tip=""BIOC"" href=""/symbol/BIOC"" id=""BIOC-150591112-2498"">$BIOC</a></span> 2.74 after 2nd HALT 2.63 2.56 2.50</div></div>"
WinnipegTrader,True,2019-01-14 15:21:00,2.603,"<div class=""MessageStreamView__body___2giLh""><div><span><a data-event=""click"" data-for=""cashTag"" data-tip=""BIOC"" href=""/symbol/BIOC"" id=""BIOC-150591102-2501"">$BIOC</a></span> here weeee goooooo!</div></div>"
phucdo116,True,2019-01-14 15:21:00,2.603,"<div class=""MessageStreamView__body___2giLh""><div><span><a data-event=""click"" data-for=""cashTag"" data-tip=""BIOC"" href=""/symbol/BIOC"" id=""BIOC-150591080-2511"">$BIOC</a></span> volume still going everyone</div></div>"
NYC_Urbanista,True,2019-01-14 15:21:00,2.603,"<div class=""MessageStreamView__body___2giLh""><div><span><a data-event=""click"" data-for=""cashTag"" data-tip=""BIOC"" href=""/symbol/BIOC"" id=""BIOC-150591056-2514"">$BIOC</a></span> Are we halted again 😬</div></div>"
SerialTrader72,True,2019-01-14 15:21:00,2.603,"<div class=""MessageStreamView__body___2giLh""><div><span><a data-event=""click"" data-for=""cashTag"" data-tip=""BIOC"" href=""/symbol/BIOC"" id=""BIOC-150591050-2517"">$BIOC</a></span> 2.75$</div></div>"
je_mange_des_patates,True,2019-01-14 15:21:00,2.603,"<div class=""MessageStreamView__body___2giLh""><div><span><a data-event=""click"" data-for=""cashTag"" data-tip=""BIOC"" href=""/symbol/BIOC"" id=""BIOC-150591019-2525"">$BIOC</a></span> what a pump</div></div>"
SerialTrader72,True,2019-01-14 15:20:00,2.603,"<div class=""MessageStreamView__body___2giLh""><div><span><a data-event=""click"" data-for=""cashTag"" data-tip=""BIOC"" href=""/symbol/BIOC"" id=""BIOC-150590908-2528"">$BIOC</a></span> push push push</div></div>"
SerialStockGains,True,2019-01-14 15:20:00,2.603,"<div class=""MessageStreamView__body___2giLh""><div><span><a data-event=""click"" data-for=""cashTag"" data-tip=""BIOC"" href=""/symbol/BIOC"" id=""BIOC-150590901-2531"">$BIOC</a></span> also get into <span><a data-event=""click"" data-for=""cashTag"" data-tip=""VXRT"" href=""/symbol/VXRT"" id=""VXRT-150590901-2532"">$VXRT</a></span> <span><a data-event=""click"" data-for=""cashTag"" data-tip=""CATB"" href=""/symbol/CATB"" id=""CATB-150590901-2533"">$CATB</a></span> <span><a data-event=""click"" data-for=""cashTag"" data-tip=""TROV"" href=""/symbol/TROV"" id=""TROV-150590901-2534"">$TROV</a></span> <span><a data-event=""click"" data-for=""cashTag"" data-tip=""RTTR"" href=""/symbol/RTTR"" id=""RTTR-150590901-2535"">$RTTR</a></span> . These are certain to fly soon!!!</div></div>"
AZOZ,True,2019-01-14 15:20:00,2.603,"<div class=""MessageStreamView__body___2giLh""><div><span><a data-event=""click"" data-for=""cashTag"" data-tip=""BIOC"" href=""/symbol/BIOC"" id=""BIOC-150590877-2538"">$BIOC</a></span> big win if you followed my call earlier today
Congrats longs and followers!</div></div>"
WinnipegTrader,True,2019-01-14 15:20:00,2.603,"<div class=""MessageStreamView__body___2giLh""><div><span><a data-event=""click"" data-for=""cashTag"" data-tip=""BIOC"" href=""/symbol/BIOC"" id=""BIOC-150590825-2548"">$BIOC</a></span> shorts are trapped hard here</div></div>"
ggfinance,True,2019-01-14 15:20:00,2.603,"<div class=""MessageStreamView__body___2giLh""><div><span><a data-event=""click"" data-for=""cashTag"" data-tip=""BIOC"" href=""/symbol/BIOC"" id=""BIOC-150590823-2551"">$BIOC</a></span> fml</div></div>"
Slingshot,True,2019-01-14 15:20:00,2.603,"<div class=""MessageStreamView__body___2giLh""><div><span><a data-event=""click"" data-for=""cashTag"" data-tip=""BIOC"" href=""/symbol/BIOC"" id=""BIOC-150590817-2554"">$BIOC</a></span> 2 HALTS ............ 0 NEWS</div></div>"
2wired2trade,True,2019-01-14 15:19:00,2.603,"<div class=""MessageStreamView__body___2giLh""><div><span><a data-event=""click"" data-for=""cashTag"" data-tip=""BIOC"" href=""/symbol/BIOC"" id=""BIOC-150590746-2557"">$BIOC</a></span> halted?</div></div>"
SerialTrader72,True,2019-01-14 15:19:00,2.603,"<div class=""MessageStreamView__body___2giLh""><div><span><a data-event=""click"" data-for=""cashTag"" data-tip=""BIOC"" href=""/symbol/BIOC"" id=""BIOC-150590622-2570"">$BIOC</a></span> pumpers went in ;)</div></div>"
movingfast77,True,2019-01-14 15:18:00,2.603,"<div class=""MessageStreamView__body___2giLh""><div><span><a data-event=""click"" data-for=""cashTag"" data-tip=""BIOC"" href=""/symbol/BIOC"" id=""BIOC-150590551-2576"">$BIOC</a></span> listen. I been here 4 years BIG DEAL</div></div>"
topstockalerts,True,2019-01-14 15:18:00,2.603,"<div class=""MessageStreamView__body___2giLh""><div><span><a data-event=""click"" data-for=""cashTag"" data-tip=""BIOC"" href=""/symbol/BIOC"" id=""BIOC-150590514-2582"">$BIOC</a></span> There she goes!</div></div>"
ACInvestorBlog,True,2019-01-14 15:18:00,2.603,"<div class=""MessageStreamView__body___2giLh""><div>Wow <span><a data-event=""click"" data-for=""cashTag"" data-tip=""BIOC"" href=""/symbol/BIOC"" id=""BIOC-150590466-2588"">$BIOC</a></span> took profits. What a day !!! Keeping my eyes on <span><a data-event=""click"" data-for=""cashTag"" data-tip=""OMED"" href=""/symbol/OMED"" id=""OMED-150590466-2589"">$OMED</a></span> <span><a data-event=""click"" data-for=""cashTag"" data-tip=""SBOT"" href=""/symbol/SBOT"" id=""SBOT-150590466-2590"">$SBOT</a></span> <span><a data-event=""click"" data-for=""cashTag"" data-tip=""VXRT"" href=""/symbol/VXRT"" id=""VXRT-150590466-2591"">$VXRT</a></span> <span><a data-event=""click"" data-for=""cashTag"" data-tip=""OGEN"" href=""/symbol/OGEN"" id=""OGEN-150590466-2592"">$OGEN</a></span> now (SMALL BIO CAPS). Im long in all</div></div>"
SerialTrader72,True,2019-01-14 15:18:00,2.603,"<div class=""MessageStreamView__body___2giLh""><div><span><a data-event=""click"" data-for=""cashTag"" data-tip=""BIOC"" href=""/symbol/BIOC"" id=""BIOC-150590451-2595"">$BIOC</a></span> 3$ after halt!</div></div>"
bostonxtrader,True,2019-01-14 15:17:00,2.603,"<div class=""MessageStreamView__body___2giLh""><div><span><a data-event=""click"" data-for=""cashTag"" data-tip=""BIOC"" href=""/symbol/BIOC"" id=""BIOC-150590395-2614"">$BIOC</a></span> shorts are getting crushed -- next time you think of shorting a low float stock thing million times.</div></div>"
lilpump_er,True,2019-01-14 15:17:00,2.603,"<div class=""MessageStreamView__body___2giLh""><div><span><a data-event=""click"" data-for=""cashTag"" data-tip=""BIOC"" href=""/symbol/BIOC"" id=""BIOC-150590381-2617"">$BIOC</a></span> WHEN DO I SELL! When do I sell!!</div></div>"
Vinny_Calls,False,2019-01-14 15:17:00,2.603,"<div class=""MessageStreamView__body___2giLh""><div><span><a data-event=""click"" data-for=""cashTag"" data-tip=""BIOC"" href=""/symbol/BIOC"" id=""BIOC-150590364-2620"">$BIOC</a></span> y’all should run... dat pump got you thinking ya smart! hahahahaha</div></div>"
SerialTrader72,True,2019-01-14 15:17:00,2.603,"<div class=""MessageStreamView__body___2giLh""><div><span><a data-event=""click"" data-for=""cashTag"" data-tip=""BIOC"" href=""/symbol/BIOC"" id=""BIOC-150590353-2623"">$BIOC</a></span> slap that ask!</div></div>"
BojackHorsemanOG,True,2019-01-14 15:17:00,2.603,"<div class=""MessageStreamView__body___2giLh""><div><span><a data-event=""click"" data-for=""cashTag"" data-tip=""BIOC"" href=""/symbol/BIOC"" id=""BIOC-150590348-2626"">$BIOC</a></span> buy buy buy</div></div>"
BojackHorsemanOG,True,2019-01-14 15:17:00,2.603,"<div class=""MessageStreamView__body___2giLh""><div><span><a data-event=""click"" data-for=""cashTag"" data-tip=""BIOC"" href=""/symbol/BIOC"" id=""BIOC-150590328-2632"">$BIOC</a></span> why the jump</div></div>"
SerialTrader72,True,2019-01-14 15:17:00,2.603,"<div class=""MessageStreamView__body___2giLh""><div><span><a data-event=""click"" data-for=""cashTag"" data-tip=""BIOC"" href=""/symbol/BIOC"" id=""BIOC-150590323-2635"">$BIOC</a></span> pump it</div></div>"
SerialStockGains,True,2019-01-14 15:17:00,2.603,"<div class=""MessageStreamView__body___2giLh""><div><span><a data-event=""click"" data-for=""cashTag"" data-tip=""BIOC"" href=""/symbol/BIOC"" id=""BIOC-150590316-2638"">$BIOC</a></span> WOOOOOWWW!!!!!!!!</div></div>"
BarterTrades,True,2019-01-14 15:17:00,2.603,"<div class=""MessageStreamView__body___2giLh""><div><span><a data-event=""click"" data-for=""cashTag"" data-tip=""CODX"" href=""/symbol/CODX"" id=""CODX-150590302-2644"">$CODX</a></span> looking for HOD!! <span><a data-event=""click"" data-for=""cashTag"" data-tip=""BIOC"" href=""/symbol/BIOC"" id=""BIOC-150590302-2645"">$BIOC</a></span> halted again</div></div>"
SerialTrader72,True,2019-01-14 15:17:00,2.603,"<div class=""MessageStreamView__body___2giLh""><div><span><a data-event=""click"" data-for=""cashTag"" data-tip=""BIOC"" href=""/symbol/BIOC"" id=""BIOC-150590299-2648"">$BIOC</a></span> halted again</div></div>"
Slingshot,True,2019-01-14 15:17:00,2.603,"<div class=""MessageStreamView__body___2giLh""><div><span><a data-event=""click"" data-for=""cashTag"" data-tip=""BIOC"" href=""/symbol/BIOC"" id=""BIOC-150590281-2657"">$BIOC</a></span> 2nd HALT</div></div>"
SerialTrader72,True,2019-01-14 15:17:00,2.603,"<div class=""MessageStreamView__body___2giLh""><div><span><a data-event=""click"" data-for=""cashTag"" data-tip=""BIOC"" href=""/symbol/BIOC"" id=""BIOC-150590262-2660"">$BIOC</a></span> another short squeeze</div></div>"
brbpab94,True,2019-01-14 15:16:00,2.418,"<div class=""MessageStreamView__body___2giLh""><div><span><a data-event=""click"" data-for=""cashTag"" data-tip=""BIOC"" href=""/symbol/BIOC"" id=""BIOC-150590260-2663"">$BIOC</a></span> what happened???</div></div>"
stockcloud,True,2019-01-14 15:16:00,2.418,"<div class=""MessageStreamView__body___2giLh""><div><span><a data-event=""click"" data-for=""cashTag"" data-tip=""BIOC"" href=""/symbol/BIOC"" id=""BIOC-150590244-2669"">$BIOC</a></span> - Called near Bottom / Laso Week -  Nice Study Results / Excellent GAINS  - Potential Over 100% GAINSwith sustained Volume</div></div>"
johnv345,True,2019-01-14 15:16:00,2.418,"<div class=""MessageStreamView__body___2giLh""><div><span><a data-event=""click"" data-for=""cashTag"" data-tip=""BIOC"" href=""/symbol/BIOC"" id=""BIOC-150590241-2672"">$BIOC</a></span> 3 incoming quick.</div></div>"
PLATINUM_TRADES,True,2019-01-14 15:16:00,2.418,"<div class=""MessageStreamView__body___2giLh""><div><span><a data-event=""click"" data-for=""cashTag"" data-tip=""BIOC"" href=""/symbol/BIOC"" id=""BIOC-150590189-2685"">$BIOC</a></span> I told u $2.00 break now wait for $3.00. Let's see how she runs 👍👍👍👍</div></div>"
movingfast77,True,2019-01-14 15:16:00,2.418,"<div class=""MessageStreamView__body___2giLh""><div><span><a data-event=""click"" data-for=""cashTag"" data-tip=""BIOC"" href=""/symbol/BIOC"" id=""BIOC-150590188-2688"">$BIOC</a></span> don't sell hold over 5</div></div>"
PocketRockets,True,2019-01-14 15:16:00,2.418,"<div class=""MessageStreamView__body___2giLh""><div><span><a data-event=""click"" data-for=""cashTag"" data-tip=""TNXP"" href=""/symbol/TNXP"" id=""TNXP-150590183-2691"">$TNXP</a></span> Low float mania guys. <span><a data-event=""click"" data-for=""cashTag"" data-tip=""MBOT"" href=""/symbol/MBOT"" id=""MBOT-150590183-2692"">$MBOT</a></span> , now <span><a data-event=""click"" data-for=""cashTag"" data-tip=""BIOC"" href=""/symbol/BIOC"" id=""BIOC-150590183-2693"">$BIOC</a></span> , next is tnxp</div></div>"
Slingshot,True,2019-01-14 15:16:00,2.418,"<div class=""MessageStreamView__body___2giLh""><div><span><a data-event=""click"" data-for=""cashTag"" data-tip=""BIOC"" href=""/symbol/BIOC"" id=""BIOC-150590152-2696"">$BIOC</a></span> 2.42</div></div>"
movingfast77,True,2019-01-14 15:16:00,2.418,"<div class=""MessageStreamView__body___2giLh""><div><span><a data-event=""click"" data-for=""cashTag"" data-tip=""BIOC"" href=""/symbol/BIOC"" id=""BIOC-150590134-2724"">$BIOC</a></span> 50k buys at  $2.40</div></div>"
SerialTrader72,True,2019-01-14 15:16:00,2.418,"<div class=""MessageStreamView__body___2giLh""><div><span><a data-event=""click"" data-for=""cashTag"" data-tip=""BIOC"" href=""/symbol/BIOC"" id=""BIOC-150590127-2727"">$BIOC</a></span> 4$ very soon</div></div>"
movingfast77,True,2019-01-14 15:15:00,2.094,"<div class=""MessageStreamView__body___2giLh""><div><span><a data-event=""click"" data-for=""cashTag"" data-tip=""BIOC"" href=""/symbol/BIOC"" id=""BIOC-150590017-2739"">$BIOC</a></span> BIG NEWS LEAK, IF YOU SELL YOU MISS OUT ON  $10-$25</div></div>"
SerialTrader72,True,2019-01-14 15:15:00,2.094,"<div class=""MessageStreamView__body___2giLh""><div><span><a data-event=""click"" data-for=""cashTag"" data-tip=""BIOC"" href=""/symbol/BIOC"" id=""BIOC-150590011-2742"">$BIOC</a></span> amazing</div></div>"
Nursejamee,True,2019-01-14 15:15:00,2.094,"<div class=""MessageStreamView__body___2giLh""><div><span><a data-event=""click"" data-for=""cashTag"" data-tip=""BIOC"" href=""/symbol/BIOC"" id=""BIOC-150589932-2753"">$BIOC</a></span> I missed MBOT but caught this one!</div></div>"
tachylon,True,2019-01-14 15:15:00,2.094,"<div class=""MessageStreamView__body___2giLh""><div><span><a data-event=""click"" data-for=""cashTag"" data-tip=""BIOC"" href=""/symbol/BIOC"" id=""BIOC-150589928-2756"">$BIOC</a></span> what a late Xmas present 💲💲💲💲</div></div>"
lilpump_er,True,2019-01-14 15:14:00,1.885,"<div class=""MessageStreamView__body___2giLh""><div><span><a data-event=""click"" data-for=""cashTag"" data-tip=""BIOC"" href=""/symbol/BIOC"" id=""BIOC-150589884-2759"">$BIOC</a></span> how long is the halt</div></div>"
phucdo116,True,2019-01-14 15:14:00,1.885,"<div class=""MessageStreamView__body___2giLh""><div><span><a data-event=""click"" data-for=""cashTag"" data-tip=""BIOC"" href=""/symbol/BIOC"" id=""BIOC-150589856-2762"">$BIOC</a></span> on firee yalll</div></div>"
ThePants,True,2019-01-14 15:14:00,1.885,"<div class=""MessageStreamView__body___2giLh""><div><span><a data-event=""click"" data-for=""cashTag"" data-tip=""BIOC"" href=""/symbol/BIOC"" id=""BIOC-150589816-2765"">$BIOC</a></span> they should just let it rip</div></div>"
movingfast77,True,2019-01-14 15:14:00,1.885,"<div class=""MessageStreamView__body___2giLh""><div><span><a data-event=""click"" data-for=""cashTag"" data-tip=""BIOC"" href=""/symbol/BIOC"" id=""BIOC-150589784-2768"">$BIOC</a></span> NEWS VERY SOON,  BIG DEAL</div></div>"
PLATINUM_TRADES,True,2019-01-14 15:13:00,1.885,"<div class=""MessageStreamView__body___2giLh""><div><span><a data-event=""click"" data-for=""cashTag"" data-tip=""BIOC"" href=""/symbol/BIOC"" id=""BIOC-150589718-2771"">$BIOC</a></span> this could run fast. Watch it go 👍👍👍👍</div></div>"
movingfast77,True,2019-01-14 15:12:00,1.885,"<div class=""MessageStreamView__body___2giLh""><div><span><a data-event=""click"" data-for=""cashTag"" data-tip=""BIOC"" href=""/symbol/BIOC"" id=""BIOC-150589546-2784"">$BIOC</a></span> up over 100%  where are all the ahole bears</div></div>"
LongGod,True,2019-01-14 15:12:00,1.885,"<div class=""MessageStreamView__body___2giLh""><div><span><a data-event=""click"" data-for=""cashTag"" data-tip=""BIOC"" href=""/symbol/BIOC"" id=""BIOC-150589514-2787"">$BIOC</a></span> imagine <span><a data-event=""click"" data-for=""cashTag"" data-tip=""MBOT"" href=""/symbol/MBOT"" id=""MBOT-150589514-2788"">$MBOT</a></span> but on an even smaller scale</div></div>"
johnv345,True,2019-01-14 15:12:00,1.885,"<div class=""MessageStreamView__body___2giLh""><div><span><a data-event=""click"" data-for=""cashTag"" data-tip=""BIOC"" href=""/symbol/BIOC"" id=""BIOC-150589458-2797"">$BIOC</a></span> letssss goo 2.5!</div></div>"
BarterTrades,True,2019-01-14 15:12:00,1.885,"<div class=""MessageStreamView__body___2giLh""><div><span><a data-event=""click"" data-for=""cashTag"" data-tip=""BIOC"" href=""/symbol/BIOC"" id=""BIOC-150589441-2800"">$BIOC</a></span> halted, watching <span><a data-event=""click"" data-for=""cashTag"" data-tip=""CODX"" href=""/symbol/CODX"" id=""CODX-150589441-2801"">$CODX</a></span> still holding up. Potential sympathy play</div></div>"
SerialStockGains,True,2019-01-14 15:12:00,1.885,"<div class=""MessageStreamView__body___2giLh""><div><span><a data-event=""click"" data-for=""cashTag"" data-tip=""BIOC"" href=""/symbol/BIOC"" id=""BIOC-150589395-2804"">$BIOC</a></span> HALTED!!! BANZAAAIIII!!!!!</div></div>"
Nursejamee,True,2019-01-14 15:11:00,1.885,"<div class=""MessageStreamView__body___2giLh""><div><span><a data-event=""click"" data-for=""cashTag"" data-tip=""BIOC"" href=""/symbol/BIOC"" id=""BIOC-150589390-2807"">$BIOC</a></span> wow</div></div>"
topstockalerts,True,2019-01-14 15:11:00,1.885,"<div class=""MessageStreamView__body___2giLh""><div>Top Gainers:

<span><a data-event=""click"" data-for=""cashTag"" data-tip=""MBOT"" href=""/symbol/MBOT"" id=""MBOT-150589382-2810"">$MBOT</a></span> <span><a data-event=""click"" data-for=""cashTag"" data-tip=""PED"" href=""/symbol/PED"" id=""PED-150589382-2811"">$PED</a></span> <span><a data-event=""click"" data-for=""cashTag"" data-tip=""FTFT"" href=""/symbol/FTFT"" id=""FTFT-150589382-2812"">$FTFT</a></span> <span><a data-event=""click"" data-for=""cashTag"" data-tip=""BIOC"" href=""/symbol/BIOC"" id=""BIOC-150589382-2813"">$BIOC</a></span> <span><a data-event=""click"" data-for=""cashTag"" data-tip=""VVUS"" href=""/symbol/VVUS"" id=""VVUS-150589382-2814"">$VVUS</a></span> <span><a data-event=""click"" data-for=""cashTag"" data-tip=""CGC"" href=""/symbol/CGC"" id=""CGC-150589382-2815"">$CGC</a></span> <span><a data-event=""click"" data-for=""cashTag"" data-tip=""ABAC"" href=""/symbol/ABAC"" id=""ABAC-150589382-2816"">$ABAC</a></span> <span><a data-event=""click"" data-for=""cashTag"" data-tip=""INVE"" href=""/symbol/INVE"" id=""INVE-150589382-2817"">$INVE</a></span> <span><a data-event=""click"" data-for=""cashTag"" data-tip=""NBEV"" href=""/symbol/NBEV"" id=""NBEV-150589382-2818"">$NBEV</a></span> <span><a data-event=""click"" data-for=""cashTag"" data-tip=""BRQS"" href=""/symbol/BRQS"" id=""BRQS-150589382-2819"">$BRQS</a></span> <span><a data-event=""click"" data-for=""cashTag"" data-tip=""CODX"" href=""/symbol/CODX"" id=""CODX-150589382-2820"">$CODX</a></span> <span><a data-event=""click"" data-for=""cashTag"" data-tip=""RNN"" href=""/symbol/RNN"" id=""RNN-150589382-2821"">$RNN</a></span> <span><a data-event=""click"" data-for=""cashTag"" data-tip=""NBEV"" href=""/symbol/NBEV"" id=""NBEV-150589382-2822"">$NBEV</a></span> <span><a data-event=""click"" data-for=""cashTag"" data-tip=""AAC"" href=""/symbol/AAC"" id=""AAC-150589382-2823"">$AAC</a></span> <span><a data-event=""click"" data-for=""cashTag"" data-tip=""TLRY"" href=""/symbol/TLRY"" id=""TLRY-150589382-2824"">$TLRY</a></span> <span><a data-event=""click"" data-for=""cashTag"" data-tip=""MPO"" href=""/symbol/MPO"" id=""MPO-150589382-2825"">$MPO</a></span> <span><a data-event=""click"" data-for=""cashTag"" data-tip=""GCI"" href=""/symbol/GCI"" id=""GCI-150589382-2826"">$GCI</a></span> <span><a data-event=""click"" data-for=""cashTag"" data-tip=""CRON"" href=""/symbol/CRON"" id=""CRON-150589382-2827"">$CRON</a></span> <span><a data-event=""click"" data-for=""cashTag"" data-tip=""USAT"" href=""/symbol/USAT"" id=""USAT-150589382-2828"">$USAT</a></span> <span><a data-event=""click"" data-for=""cashTag"" data-tip=""BOXL"" href=""/symbol/BOXL"" id=""BOXL-150589382-2829"">$BOXL</a></span></div></div>"
Slingshot,True,2019-01-14 15:11:00,1.885,"<div class=""MessageStreamView__body___2giLh""><div><span><a data-event=""click"" data-for=""cashTag"" data-tip=""BIOC"" href=""/symbol/BIOC"" id=""BIOC-150589322-2832"">$BIOC</a></span> 5 min halt</div></div>"
Yaaz,True,2019-01-14 15:11:00,1.885,"<div class=""MessageStreamView__body___2giLh""><div><span><a data-event=""click"" data-for=""cashTag"" data-tip=""SAEX"" href=""/symbol/SAEX"" id=""SAEX-150589286-2835"">$SAEX</a></span> is moving <span><a data-event=""click"" data-for=""cashTag"" data-tip=""BIOC"" href=""/symbol/BIOC"" id=""BIOC-150589286-2836"">$BIOC</a></span> <span><a data-event=""click"" data-for=""cashTag"" data-tip=""MBOT"" href=""/symbol/MBOT"" id=""MBOT-150589286-2837"">$MBOT</a></span></div></div>"
movingfast77,True,2019-01-14 15:11:00,1.885,"<div class=""MessageStreamView__body___2giLh""><div><span><a data-event=""click"" data-for=""cashTag"" data-tip=""BIOC"" href=""/symbol/BIOC"" id=""BIOC-150589266-2840"">$BIOC</a></span> $10 tomorrow,  $25 end of month</div></div>"
TradingKingEric,True,2019-01-14 15:10:00,1.885,"<div class=""MessageStreamView__body___2giLh""><div><span><a data-event=""click"" data-for=""cashTag"" data-tip=""BIOC"" href=""/symbol/BIOC"" id=""BIOC-150589200-2854"">$BIOC</a></span>
Halted!</div></div>"
movingfast77,True,2019-01-14 15:10:00,1.885,"<div class=""MessageStreamView__body___2giLh""><div><span><a data-event=""click"" data-for=""cashTag"" data-tip=""BIOC"" href=""/symbol/BIOC"" id=""BIOC-150589162-2863"">$BIOC</a></span> BID IS HIGHER THAN ASK</div></div>"
lilpump_er,True,2019-01-14 15:10:00,1.885,"<div class=""MessageStreamView__body___2giLh""><div><span><a data-event=""click"" data-for=""cashTag"" data-tip=""BIOC"" href=""/symbol/BIOC"" id=""BIOC-150589138-2872"">$BIOC</a></span> HALTED😂😂🤑</div></div>"
StockAlerts77,True,2019-01-14 15:10:00,1.885,"<div class=""MessageStreamView__body___2giLh""><div><span><a data-event=""click"" data-for=""cashTag"" data-tip=""BIOC"" href=""/symbol/BIOC"" id=""BIOC-150589099-2878"">$BIOC</a></span> halted on way up. Keep watch</div></div>"
s0phisticatedtrdr,True,2019-01-14 15:09:00,1.741,"<div class=""MessageStreamView__body___2giLh""><div><span><a data-event=""click"" data-for=""cashTag"" data-tip=""BIOC"" href=""/symbol/BIOC"" id=""BIOC-150589036-2887"">$BIOC</a></span> Congratulations! :) Just watching. Put my money in MBOT.</div></div>"
WinnipegTrader,True,2019-01-14 15:09:00,1.741,"<div class=""MessageStreamView__body___2giLh""><div><span><a data-event=""click"" data-for=""cashTag"" data-tip=""BIOC"" href=""/symbol/BIOC"" id=""BIOC-150589033-2890"">$BIOC</a></span> monster move here!</div></div>"
movingfast77,True,2019-01-14 15:09:00,1.741,"<div class=""MessageStreamView__body___2giLh""><div><span><a data-event=""click"" data-for=""cashTag"" data-tip=""BIOC"" href=""/symbol/BIOC"" id=""BIOC-150589009-2893"">$BIOC</a></span> $5 tomorrow</div></div>"
movingfast77,True,2019-01-14 15:09:00,1.741,"<div class=""MessageStreamView__body___2giLh""><div><span><a data-event=""click"" data-for=""cashTag"" data-tip=""BIOC"" href=""/symbol/BIOC"" id=""BIOC-150588913-2896"">$BIOC</a></span> where TWA and the other idiot bears</div></div>"
FREEDISCORDINBIO,True,2019-01-14 15:08:00,1.625,"<div class=""MessageStreamView__body___2giLh""><div><span><a data-event=""click"" data-for=""cashTag"" data-tip=""BIOC"" href=""/symbol/BIOC"" id=""BIOC-150588816-2902"">$BIOC</a></span> - Boom baby nice quick trade 30% in 3 minutes doesnt get any better. Join us</div></div>"
Slingshot,True,2019-01-14 15:08:00,1.625,"<div class=""MessageStreamView__body___2giLh""><div><span><a data-event=""click"" data-for=""cashTag"" data-tip=""BIOC"" href=""/symbol/BIOC"" id=""BIOC-150588785-2905"">$BIOC</a></span>  PT 2.59</div></div>"
Nursejamee,True,2019-01-14 15:07:00,1.59,"<div class=""MessageStreamView__body___2giLh""><div><span><a data-event=""click"" data-for=""cashTag"" data-tip=""BIOC"" href=""/symbol/BIOC"" id=""BIOC-150588711-2912"">$BIOC</a></span> holy moly we movin </div></div>"
movingfast77,True,2019-01-14 15:06:00,1.53,"<div class=""MessageStreamView__body___2giLh""><div><span><a data-event=""click"" data-for=""cashTag"" data-tip=""BIOC"" href=""/symbol/BIOC"" id=""BIOC-150588453-2924"">$BIOC</a></span> DEAL NEAR  $10 SOON  , holders Will be REWARDED</div></div>"
WinnipegTrader,True,2019-01-14 15:04:00,1.393,"<div class=""MessageStreamView__body___2giLh""><div><span><a data-event=""click"" data-for=""cashTag"" data-tip=""BIOC"" href=""/symbol/BIOC"" id=""BIOC-150588217-2927"">$BIOC</a></span> volume coming in now</div></div>"
LongGod,True,2019-01-14 15:04:00,1.393,"<div class=""MessageStreamView__body___2giLh""><div><span><a data-event=""click"" data-for=""cashTag"" data-tip=""BIOC"" href=""/symbol/BIOC"" id=""BIOC-150588188-2930"">$BIOC</a></span> been calling this..</div></div>"
Nursejamee,True,2019-01-14 15:02:00,1.301,"<div class=""MessageStreamView__body___2giLh""><div><span><a data-event=""click"" data-for=""cashTag"" data-tip=""BIOC"" href=""/symbol/BIOC"" id=""BIOC-150587898-2945"">$BIOC</a></span> lets see what PH brings.</div></div>"
FREEDISCORDINBIO,True,2019-01-14 15:01:00,1.277,"<div class=""MessageStreamView__body___2giLh""><div><span><a data-event=""click"" data-for=""cashTag"" data-tip=""BIOC"" href=""/symbol/BIOC"" id=""BIOC-150587700-2948"">$BIOC</a></span> - Chart high watch here flagging</div></div>"
johnv345,True,2019-01-14 14:39:00,1.251,"<div class=""MessageStreamView__body___2giLh""><div><span><a data-event=""click"" data-for=""cashTag"" data-tip=""BIOC"" href=""/symbol/BIOC"" id=""BIOC-150584271-2982"">$BIOC</a></span> this thing breaks 1.35 we going ststraight to 2.</div></div>"
johnv345,True,2019-01-14 14:28:00,1.223,"<div class=""MessageStreamView__body___2giLh""><div><span><a data-event=""click"" data-for=""cashTag"" data-tip=""BIOC"" href=""/symbol/BIOC"" id=""BIOC-150582758-2985"">$BIOC</a></span> heres comes da boom.</div></div>"
SerialStockGains,True,2019-01-14 14:24:00,1.213,"<div class=""MessageStreamView__body___2giLh""><div><span><a data-event=""click"" data-for=""cashTag"" data-tip=""BIOC"" href=""/symbol/BIOC"" id=""BIOC-150582174-2988"">$BIOC</a></span> expecting a run over $7+ mark it!</div></div>"
stockcloud,True,2019-01-14 14:21:00,1.206,"<div class=""MessageStreamView__body___2giLh""><div><span><a data-event=""click"" data-for=""cashTag"" data-tip=""BIOC"" href=""/symbol/BIOC"" id=""BIOC-150581671-2991"">$BIOC</a></span> - Called Last Week  - Nice Reversal - Excellent GAINS - Strength Remains. VOlatility Watch</div></div>"
LongGod,True,2019-01-14 14:18:00,1.216,"<div class=""MessageStreamView__body___2giLh""><div><span><a data-event=""click"" data-for=""cashTag"" data-tip=""BIOC"" href=""/symbol/BIOC"" id=""BIOC-150581357-2994"">$BIOC</a></span> perfect consolidation range</div></div>"
dror76,True,2019-01-14 14:16:00,1.22,"<div class=""MessageStreamView__body___2giLh""><div><span><a data-event=""click"" data-for=""cashTag"" data-tip=""BIOC"" href=""/symbol/BIOC"" id=""BIOC-150581037-2997"">$BIOC</a></span> looking good for a swing here imo</div></div>"
johnv345,True,2019-01-14 14:05:00,1.196,"<div class=""MessageStreamView__body___2giLh""><div><span><a data-event=""click"" data-for=""cashTag"" data-tip=""BIOC"" href=""/symbol/BIOC"" id=""BIOC-150579344-3003"">$BIOC</a></span> the next <span><a data-event=""click"" data-for=""cashTag"" data-tip=""MBOT"" href=""/symbol/MBOT"" id=""MBOT-150579344-3004"">$MBOT</a></span> dont miss it.</div></div>"
johnv345,True,2019-01-14 14:03:00,1.21,"<div class=""MessageStreamView__body___2giLh""><div><span><a data-event=""click"" data-for=""cashTag"" data-tip=""BIOC"" href=""/symbol/BIOC"" id=""BIOC-150578956-3010"">$BIOC</a></span> this thing about blow or wut?</div></div>"
lilpump_er,True,2019-01-14 14:02:00,1.181,"<div class=""MessageStreamView__body___2giLh""><div><span><a data-event=""click"" data-for=""cashTag"" data-tip=""BIOC"" href=""/symbol/BIOC"" id=""BIOC-150578833-3013"">$BIOC</a></span> consolidating, higher lows. Getting ready for a run into PH</div></div>"
vultureculture,True,2019-01-14 13:53:00,1.182,"<div class=""MessageStreamView__body___2giLh""><div>💹 Top5 <a data-event=""click"" href=""/topic/pennystock"">#pennystock</a> gainers &gt;500K <a data-event=""click"" href=""/topic/VOLUME"">#VOLUME</a> (13:13 EST)
<span><a data-event=""click"" data-for=""cashTag"" data-tip=""MBOT"" href=""/symbol/MBOT"" id=""MBOT-150577456-3016"">$MBOT</a></span> +285.00%
<span><a data-event=""click"" data-for=""cashTag"" data-tip=""FTFT"" href=""/symbol/FTFT"" id=""FTFT-150577456-3017"">$FTFT</a></span> +59.77%
<span><a data-event=""click"" data-for=""cashTag"" data-tip=""PED"" href=""/symbol/PED"" id=""PED-150577456-3018"">$PED</a></span> +35.68%
<span><a data-event=""click"" data-for=""cashTag"" data-tip=""BIOC"" href=""/symbol/BIOC"" id=""BIOC-150577456-3019"">$BIOC</a></span> +34.43%
<span><a data-event=""click"" data-for=""cashTag"" data-tip=""BOXL"" href=""/symbol/BOXL"" id=""BOXL-150577456-3020"">$BOXL</a></span> +32.27%
<a data-event=""click"" href=""/topic/vultureculture"">#vultureculture</a></div></div>"
LongGod,True,2019-01-14 13:52:00,1.23,"<div class=""MessageStreamView__body___2giLh""><div><span><a data-event=""click"" data-for=""cashTag"" data-tip=""BIOC"" href=""/symbol/BIOC"" id=""BIOC-150577358-3023"">$BIOC</a></span> mid day perk</div></div>"
johnv345,True,2019-01-14 13:20:00,1.194,"<div class=""MessageStreamView__body___2giLh""><div><span><a data-event=""click"" data-for=""cashTag"" data-tip=""BIOC"" href=""/symbol/BIOC"" id=""BIOC-150572469-3039"">$BIOC</a></span> lets go guys let see this thing pull a MBOT</div></div>"
AZOZ,True,2019-01-14 13:17:00,1.236,"<div class=""MessageStreamView__body___2giLh""><div><span><a data-event=""click"" data-for=""cashTag"" data-tip=""BIOC"" href=""/symbol/BIOC"" id=""BIOC-150572041-3042"">$BIOC</a></span> on watch for upside continuation!</div></div>"
lilpump_er,True,2019-01-14 13:16:00,1.257,"<div class=""MessageStreamView__body___2giLh""><div><span><a data-event=""click"" data-for=""cashTag"" data-tip=""BIOC"" href=""/symbol/BIOC"" id=""BIOC-150572005-3045"">$BIOC</a></span> or <span><a data-event=""click"" data-for=""cashTag"" data-tip=""MICT"" href=""/symbol/MICT"" id=""MICT-150572005-3046"">$MICT</a></span> ?</div></div>"
LoOseMoNeY,True,2019-01-14 13:13:00,1.264,"<div class=""MessageStreamView__body___2giLh""><div><span><a data-event=""click"" data-for=""cashTag"" data-tip=""BIOC"" href=""/symbol/BIOC"" id=""BIOC-150571538-3052"">$BIOC</a></span> This isn’t even the real run coming this quarter 😂
All in a days work! Will re test .94 again near future before the BOOM 👊🤑💰💸</div></div>"
LongGod,True,2019-01-14 13:12:00,1.248,"<div class=""MessageStreamView__body___2giLh""><div><span><a data-event=""click"" data-for=""cashTag"" data-tip=""BIOC"" href=""/symbol/BIOC"" id=""BIOC-150571477-3058"">$BIOC</a></span> holding nicely here, wow</div></div>"
VolatrixTradingBlog,True,2019-01-14 13:11:00,1.23,"<div class=""MessageStreamView__body___2giLh""><div>Top gainers: <span><a data-event=""click"" data-for=""cashTag"" data-tip=""MBOT"" href=""/symbol/MBOT"" id=""MBOT-150571328-3061"">$MBOT</a></span> <span><a data-event=""click"" data-for=""cashTag"" data-tip=""FTFT"" href=""/symbol/FTFT"" id=""FTFT-150571328-3062"">$FTFT</a></span> <span><a data-event=""click"" data-for=""cashTag"" data-tip=""PED"" href=""/symbol/PED"" id=""PED-150571328-3063"">$PED</a></span> <span><a data-event=""click"" data-for=""cashTag"" data-tip=""BOXL"" href=""/symbol/BOXL"" id=""BOXL-150571328-3064"">$BOXL</a></span> <span><a data-event=""click"" data-for=""cashTag"" data-tip=""BIOC"" href=""/symbol/BIOC"" id=""BIOC-150571328-3065"">$BIOC</a></span> <span><a data-event=""click"" data-for=""cashTag"" data-tip=""ABAC"" href=""/symbol/ABAC"" id=""ABAC-150571328-3066"">$ABAC</a></span> <span><a data-event=""click"" data-for=""cashTag"" data-tip=""MTNB"" href=""/symbol/MTNB"" id=""MTNB-150571328-3067"">$MTNB</a></span> <span><a data-event=""click"" data-for=""cashTag"" data-tip=""LENS"" href=""/symbol/LENS"" id=""LENS-150571328-3068"">$LENS</a></span> <span><a data-event=""click"" data-for=""cashTag"" data-tip=""CBK"" href=""/symbol/CBK"" id=""CBK-150571328-3069"">$CBK</a></span></div></div>"
SonnyTuft,True,2019-01-14 13:10:00,1.224,"<div class=""MessageStreamView__body___2giLh""><div><span><a data-event=""click"" data-for=""cashTag"" data-tip=""BIOC"" href=""/symbol/BIOC"" id=""BIOC-150571191-3072"">$BIOC</a></span> this is nice.</div></div>"
LoOseMoNeY,True,2019-01-14 13:01:00,1.208,"<div class=""MessageStreamView__body___2giLh""><div><span><a data-event=""click"" data-for=""cashTag"" data-tip=""BIOC"" href=""/symbol/BIOC"" id=""BIOC-150569744-3104"">$BIOC</a></span> <span class=""UserProfileLink__container___2JY3s""><a data-event=""click"" href=""/MUERTE"" id=""user-profile-MUERTE-1547602764696-3105"">@MUERTE</a></span> Im the worst trader yet my dunks on you are making quite the HIGHLIGHT reel 💰💰💰</div></div>"
phucdo116,True,2019-01-14 13:00:00,1.208,"<div class=""MessageStreamView__body___2giLh""><div><span><a data-event=""click"" data-for=""cashTag"" data-tip=""BIOC"" href=""/symbol/BIOC"" id=""BIOC-150569627-3108"">$BIOC</a></span> on the run</div></div>"
LindaKay,True,2019-01-14 13:00:00,1.208,"<div class=""MessageStreamView__body___2giLh""><div><span><a data-event=""click"" data-for=""cashTag"" data-tip=""BIOC"" href=""/symbol/BIOC"" id=""BIOC-150569592-3111"">$BIOC</a></span> I can't believe I wanted to buy back in last night I got so burned in RS im gun shy. GLTA especially Maggie <span class=""UserProfileLink__container___2JY3s""><a data-event=""click"" href=""/MUERTE"" id=""user-profile-MUERTE-1547602764704-3112"">@MUERTE</a></span> and <span class=""UserProfileLink__container___2JY3s""><a data-event=""click"" href=""/TWA33"" id=""user-profile-TWA33-1547602764704-3113"">@TWA33</a></span> Daniel</div></div>"
Teslray,False,2019-01-14 12:56:00,1.22,"<div class=""MessageStreamView__body___2giLh""><div><span><a data-event=""click"" data-for=""cashTag"" data-tip=""BIOC"" href=""/symbol/BIOC"" id=""BIOC-150568984-3133"">$BIOC</a></span> nice double, gz</div></div>"
Nate_Tun,True,2019-01-14 12:55:00,1.25,"<div class=""MessageStreamView__body___2giLh""><div><span><a data-event=""click"" data-for=""cashTag"" data-tip=""BIOC"" href=""/symbol/BIOC"" id=""BIOC-150568834-3140"">$BIOC</a></span> <span><a data-event=""click"" data-for=""cashTag"" data-tip=""TMO"" href=""/symbol/TMO"" id=""TMO-150568834-3141"">$TMO</a></span> Love it.</div></div>"
movingfast77,True,2019-01-14 12:53:00,1.266,"<div class=""MessageStreamView__body___2giLh""><div><span><a data-event=""click"" data-for=""cashTag"" data-tip=""BIOC"" href=""/symbol/BIOC"" id=""BIOC-150568647-3144"">$BIOC</a></span> THIS WILL HOLD , EASY DOUBLE</div></div>"
getitalljoey,True,2019-01-14 12:52:00,1.27,"<div class=""MessageStreamView__body___2giLh""><div><span><a data-event=""click"" data-for=""cashTag"" data-tip=""BIOC"" href=""/symbol/BIOC"" id=""BIOC-150568506-3153"">$BIOC</a></span> bought at .95 thought of holding for a few days and a few pennies. Took a shower, came back to this! All out for now lol.</div></div>"
movingfast77,True,2019-01-14 12:52:00,1.27,"<div class=""MessageStreamView__body___2giLh""><div><span><a data-event=""click"" data-for=""cashTag"" data-tip=""BIOC"" href=""/symbol/BIOC"" id=""BIOC-150568477-3156"">$BIOC</a></span> this time it's real</div></div>"
rickalter,True,2019-01-14 12:50:00,1.271,"<div class=""MessageStreamView__body___2giLh""><div><span><a data-event=""click"" data-for=""cashTag"" data-tip=""BIOC"" href=""/symbol/BIOC"" id=""BIOC-150568199-3162"">$BIOC</a></span> WAIT FOR PULL BACKTHEN BUY</div></div>"
sorrytaz10,True,2019-01-14 12:50:00,1.271,"<div class=""MessageStreamView__body___2giLh""><div><span><a data-event=""click"" data-for=""cashTag"" data-tip=""BIOC"" href=""/symbol/BIOC"" id=""BIOC-150568118-3172"">$BIOC</a></span> any news coming?</div></div>"
AZOZ,True,2019-01-14 12:49:00,1.277,"<div class=""MessageStreamView__body___2giLh""><div><span><a data-event=""click"" data-for=""cashTag"" data-tip=""BIOC"" href=""/symbol/BIOC"" id=""BIOC-150568011-3178"">$BIOC</a></span> here we go's!</div></div>"
WinnipegTrader,True,2019-01-14 12:49:00,1.277,"<div class=""MessageStreamView__body___2giLh""><div><span><a data-event=""click"" data-for=""cashTag"" data-tip=""BIOC"" href=""/symbol/BIOC"" id=""BIOC-150567975-3184"">$BIOC</a></span> I'll bite, <span><a data-event=""click"" data-for=""cashTag"" data-tip=""MBOT"" href=""/symbol/MBOT"" id=""MBOT-150567975-3185"">$MBOT</a></span> is loosing steam</div></div>"
movingfast77,True,2019-01-14 12:48:00,1.301,"<div class=""MessageStreamView__body___2giLh""><div><span><a data-event=""click"" data-for=""cashTag"" data-tip=""BIOC"" href=""/symbol/BIOC"" id=""BIOC-150567964-3188"">$BIOC</a></span> BIG NEWS VERY SOON</div></div>"
StockAlerts77,True,2019-01-14 12:48:00,1.301,"<div class=""MessageStreamView__body___2giLh""><div><span><a data-event=""click"" data-for=""cashTag"" data-tip=""BIOC"" href=""/symbol/BIOC"" id=""BIOC-150567898-3191"">$BIOC</a></span> nice movement here today. Watching</div></div>"
coinage,False,2019-01-14 12:48:00,1.301,"<div class=""MessageStreamView__body___2giLh""><div><span><a data-event=""click"" data-for=""cashTag"" data-tip=""BIOC"" href=""/symbol/BIOC"" id=""BIOC-150567890-3194"">$BIOC</a></span> Too many pumpers in here. It's at resistance right now. If this breaks &amp; holds then maybe worth a trade but my guess is it will fade.</div></div>"
Slingshot,True,2019-01-14 12:48:00,1.301,"<div class=""MessageStreamView__body___2giLh""><div><span><a data-event=""click"" data-for=""cashTag"" data-tip=""BIOC"" href=""/symbol/BIOC"" id=""BIOC-150567857-3197"">$BIOC</a></span> PT 1.89</div></div>"
SerialStockGains,True,2019-01-14 12:47:00,1.25,"<div class=""MessageStreamView__body___2giLh""><div><span><a data-event=""click"" data-for=""cashTag"" data-tip=""BIOC"" href=""/symbol/BIOC"" id=""BIOC-150567826-3203"">$BIOC</a></span> BAM BAM BOOOMMMM💥💥💥💥💥💥</div></div>"
Nursejamee,True,2019-01-14 12:47:00,1.25,"<div class=""MessageStreamView__body___2giLh""><div><span><a data-event=""click"" data-for=""cashTag"" data-tip=""BIOC"" href=""/symbol/BIOC"" id=""BIOC-150567800-3209"">$BIOC</a></span> well hello!</div></div>"
LongGod,True,2019-01-14 12:47:00,1.25,"<div class=""MessageStreamView__body___2giLh""><div><span><a data-event=""click"" data-for=""cashTag"" data-tip=""BIOC"" href=""/symbol/BIOC"" id=""BIOC-150567778-3212"">$BIOC</a></span> now THATS a breakout!!!!!</div></div>"
Melchizedek,True,2019-01-14 12:46:00,1.206,"<div class=""MessageStreamView__body___2giLh""><div><span><a data-event=""click"" data-for=""cashTag"" data-tip=""BIOC"" href=""/symbol/BIOC"" id=""BIOC-150567656-3224"">$BIOC</a></span> if this breaks $1.30 🏦💵</div></div>"
FormerBadman,True,2019-01-14 12:45:00,1.149,"<div class=""MessageStreamView__body___2giLh""><div><span><a data-event=""click"" data-for=""cashTag"" data-tip=""BIOC"" href=""/symbol/BIOC"" id=""BIOC-150567507-3227"">$BIOC</a></span> partnership agreement from yesterday?</div></div>"
AZOZ,True,2019-01-14 12:44:00,1.14,"<div class=""MessageStreamView__body___2giLh""><div><span><a data-event=""click"" data-for=""cashTag"" data-tip=""BIOC"" href=""/symbol/BIOC"" id=""BIOC-150567342-3236"">$BIOC</a></span> break out on volume
Stay tuned folks!</div></div>"
Maxxwall,True,2019-01-14 12:41:00,1.125,"<div class=""MessageStreamView__body___2giLh""><div><span><a data-event=""click"" data-for=""cashTag"" data-tip=""BIOC"" href=""/symbol/BIOC"" id=""BIOC-150566968-3239"">$BIOC</a></span> wow where’s this heading!!!</div></div>"
SerialStockGains,True,2019-01-14 12:41:00,1.125,"<div class=""MessageStreamView__body___2giLh""><div><span><a data-event=""click"" data-for=""cashTag"" data-tip=""BIOC"" href=""/symbol/BIOC"" id=""BIOC-150566912-3242"">$BIOC</a></span> I feel news is imminent! That's quite a gap</div></div>"
movingfast77,True,2019-01-14 12:39:00,1.11,"<div class=""MessageStreamView__body___2giLh""><div><span><a data-event=""click"" data-for=""cashTag"" data-tip=""BIOC"" href=""/symbol/BIOC"" id=""BIOC-150566708-3245"">$BIOC</a></span></div></div>"
seabase,True,2019-01-14 12:38:00,1.11,"<div class=""MessageStreamView__body___2giLh""><div><span><a data-event=""click"" data-for=""cashTag"" data-tip=""BIOC"" href=""/symbol/BIOC"" id=""BIOC-150566611-3251"">$BIOC</a></span> alert going off 💫</div></div>"
cranmer00,True,2019-01-14 12:38:00,1.11,"<div class=""MessageStreamView__body___2giLh""><div><span><a data-event=""click"" data-for=""cashTag"" data-tip=""BIOC"" href=""/symbol/BIOC"" id=""BIOC-150566590-3257"">$BIOC</a></span> Low float and Chart setup Breakout is FiYYaaa

<span><a data-event=""click"" data-for=""cashTag"" data-tip=""MBOT"" href=""/symbol/MBOT"" id=""MBOT-150566590-3258"">$MBOT</a></span> Parabolic holding ground

<span><a data-event=""click"" data-for=""cashTag"" data-tip=""FTFT"" href=""/symbol/FTFT"" id=""FTFT-150566590-3259"">$FTFT</a></span> <span><a data-event=""click"" data-for=""cashTag"" data-tip=""BOXL"" href=""/symbol/BOXL"" id=""BOXL-150566590-3260"">$BOXL</a></span> Low float Sympathy runners

<span><a data-event=""click"" data-for=""cashTag"" data-tip=""MTNB"" href=""/symbol/MTNB"" id=""MTNB-150566590-3261"">$MTNB</a></span> CHOO CHOO</div></div>"
ACInvestorBlog,True,2019-01-14 12:38:00,1.11,"<div class=""MessageStreamView__body___2giLh""><div><span><a data-event=""click"" data-for=""cashTag"" data-tip=""BIOC"" href=""/symbol/BIOC"" id=""BIOC-150566489-3264"">$BIOC</a></span> bang ! Old alert, running now</div></div>"
LongGod,True,2019-01-14 12:37:00,1.12,"<div class=""MessageStreamView__body___2giLh""><div><span><a data-event=""click"" data-for=""cashTag"" data-tip=""MBOT"" href=""/symbol/MBOT"" id=""MBOT-150566480-3267"">$MBOT</a></span> sweet runner, look at <span><a data-event=""click"" data-for=""cashTag"" data-tip=""BIOC"" href=""/symbol/BIOC"" id=""BIOC-150566480-3268"">$BIOC</a></span> potential for next runner</div></div>"
SerialStockGains,True,2019-01-14 12:36:00,1.13,"<div class=""MessageStreamView__body___2giLh""><div><span><a data-event=""click"" data-for=""cashTag"" data-tip=""BIOC"" href=""/symbol/BIOC"" id=""BIOC-150566363-3271"">$BIOC</a></span> RUNNING!!!</div></div>"
SerialStockGains,True,2019-01-14 12:36:00,1.13,"<div class=""MessageStreamView__body___2giLh""><div><span><a data-event=""click"" data-for=""cashTag"" data-tip=""BIOC"" href=""/symbol/BIOC"" id=""BIOC-150566241-3280"">$BIOC</a></span> on the move!!!! This could run hard!</div></div>"
