mikeybangs,True,2019-01-14 15:30:00,0.1149,"<div class=""MessageStreamView__body___2giLh""><div><span><a data-event=""click"" data-for=""cashTag"" data-tip=""BPMX"" href=""/symbol/BPMX"" id=""BPMX-150592486-524"">$BPMX</a></span> rose above vwap today for the reversal!</div></div>"
SpikedUp,True,2019-01-14 15:13:00,0.1172,"<div class=""MessageStreamView__body___2giLh""><div><span><a data-event=""click"" data-for=""cashTag"" data-tip=""BPMX"" href=""/symbol/BPMX"" id=""BPMX-150589638-530"">$BPMX</a></span> on and off green today. Must be some pressure lol</div></div>"
Mdwolfgram81,True,2019-01-14 15:09:00,0.117,"<div class=""MessageStreamView__body___2giLh""><div><span><a data-event=""click"" data-for=""cashTag"" data-tip=""BPMX"" href=""/symbol/BPMX"" id=""BPMX-150588994-536"">$BPMX</a></span> well I got my average down to .1268. I'm excited</div></div>"
MajinTru,True,2019-01-14 14:58:00,0.1174,"<div class=""MessageStreamView__body___2giLh""><div><span><a data-event=""click"" data-for=""cashTag"" data-tip=""BPMX"" href=""/symbol/BPMX"" id=""BPMX-150587196-539"">$BPMX</a></span> Give me .65!</div></div>"
atoolcircle,True,2019-01-14 14:53:00,0.1195,"<div class=""MessageStreamView__body___2giLh""><div><span><a data-event=""click"" data-for=""cashTag"" data-tip=""CPST"" href=""/symbol/CPST"" id=""CPST-150586380-542"">$CPST</a></span> Hope this gets put on everyone's radar now that is moving up <span><a data-event=""click"" data-for=""cashTag"" data-tip=""PRPO"" href=""/symbol/PRPO"" id=""PRPO-150586380-543"">$PRPO</a></span> <span><a data-event=""click"" data-for=""cashTag"" data-tip=""BPMX"" href=""/symbol/BPMX"" id=""BPMX-150586380-544"">$BPMX</a></span> <span><a data-event=""click"" data-for=""cashTag"" data-tip=""OHRP"" href=""/symbol/OHRP"" id=""OHRP-150586380-545"">$OHRP</a></span> <span><a data-event=""click"" data-for=""cashTag"" data-tip=""RGSE"" href=""/symbol/RGSE"" id=""RGSE-150586380-546"">$RGSE</a></span> <span><a data-event=""click"" data-for=""cashTag"" data-tip=""TNNP"" href=""/symbol/TNNP"" id=""TNNP-150586380-547"">$TNNP</a></span></div></div>"
IOUSQUAT,True,2019-01-14 14:30:00,0.1158,"<div class=""MessageStreamView__body___2giLh""><div><span><a data-event=""click"" data-for=""cashTag"" data-tip=""BPMX"" href=""/symbol/BPMX"" id=""BPMX-150583109-550"">$BPMX</a></span> SP is being managed as per uge.</div></div>"
Frank352019,True,2019-01-14 14:19:00,0.1169,"<div class=""MessageStreamView__body___2giLh""><div><span><a data-event=""click"" data-for=""cashTag"" data-tip=""BPMX"" href=""/symbol/BPMX"" id=""BPMX-150581383-553"">$BPMX</a></span> this is going to be 1.00 or more 🌵</div></div>"
Melajuana,True,2019-01-14 14:14:00,0.115,"<div class=""MessageStreamView__body___2giLh""><div><span><a data-event=""click"" data-for=""cashTag"" data-tip=""BPMX"" href=""/symbol/BPMX"" id=""BPMX-150580795-556"">$BPMX</a></span> Just bought 102,500 shares @ .1171     I think the bottom is near...can't imagine this going under .10 again.  Maybe news this week!</div></div>"
Frank352019,True,2019-01-14 14:14:00,0.115,"<div class=""MessageStreamView__body___2giLh""><div><span><a data-event=""click"" data-for=""cashTag"" data-tip=""BPMX"" href=""/symbol/BPMX"" id=""BPMX-150580761-559"">$BPMX</a></span> 👁👁</div></div>"
Iggiewiggie,True,2019-01-14 14:12:00,0.1155,"<div class=""MessageStreamView__body___2giLh""><div><span><a data-event=""click"" data-for=""cashTag"" data-tip=""BPMX"" href=""/symbol/BPMX"" id=""BPMX-150580460-562"">$BPMX</a></span> uh ooo bears, buying pressure building, whose going to be the first to cover..</div></div>"
BMWboy,True,2019-01-14 14:12:00,0.1155,"<div class=""MessageStreamView__body___2giLh""><div><span><a data-event=""click"" data-for=""cashTag"" data-tip=""BPMX"" href=""/symbol/BPMX"" id=""BPMX-150580406-565"">$BPMX</a></span> gonna be a spike on Jan 30 get ready</div></div>"
Frank352019,True,2019-01-14 14:05:00,0.1156,"<div class=""MessageStreamView__body___2giLh""><div><span><a data-event=""click"" data-for=""cashTag"" data-tip=""BPMX"" href=""/symbol/BPMX"" id=""BPMX-150579350-568"">$BPMX</a></span></div></div>"
Nicklis_J_Ferguson1,True,2019-01-14 13:52:00,0.1172,"<div class=""MessageStreamView__body___2giLh""><div><span><a data-event=""click"" data-for=""cashTag"" data-tip=""BPMX"" href=""/symbol/BPMX"" id=""BPMX-150577303-571"">$BPMX</a></span> i heard the announcement is going to be on Thursday. is that true?  HELP!</div></div>"
jberge,True,2019-01-14 13:50:00,0.1173,"<div class=""MessageStreamView__body___2giLh""><div><span><a data-event=""click"" data-for=""cashTag"" data-tip=""BPMX"" href=""/symbol/BPMX"" id=""BPMX-150576969-574"">$BPMX</a></span> this is the time to buy</div></div>"
Melajuana,True,2019-01-14 13:49:00,0.1171,"<div class=""MessageStreamView__body___2giLh""><div><span><a data-event=""click"" data-for=""cashTag"" data-tip=""BPMX"" href=""/symbol/BPMX"" id=""BPMX-150576909-577"">$BPMX</a></span> Trying to buy 100,000 shares @ .1171...partially filled</div></div>"
jberge,True,2019-01-14 13:49:00,0.1171,"<div class=""MessageStreamView__body___2giLh""><div><span><a data-event=""click"" data-for=""cashTag"" data-tip=""BPMX"" href=""/symbol/BPMX"" id=""BPMX-150576818-580"">$BPMX</a></span> just keep buying</div></div>"
QualityTradez,True,2019-01-14 13:48:00,0.1171,"<div class=""MessageStreamView__body___2giLh""><div><span><a data-event=""click"" data-for=""cashTag"" data-tip=""BPMX"" href=""/symbol/BPMX"" id=""BPMX-150576746-583"">$BPMX</a></span> Good things ahead. Patience will pay off here. GLTA</div></div>"
Iggiewiggie,True,2019-01-14 13:44:00,0.1171,"<div class=""MessageStreamView__body___2giLh""><div><span><a data-event=""click"" data-for=""cashTag"" data-tip=""BPMX"" href=""/symbol/BPMX"" id=""BPMX-150575988-586"">$BPMX</a></span> come on bears you can do better than that.</div></div>"
SpikedUp,True,2019-01-14 13:43:00,0.1193,"<div class=""MessageStreamView__body___2giLh""><div><span><a data-event=""click"" data-for=""cashTag"" data-tip=""BPMX"" href=""/symbol/BPMX"" id=""BPMX-150575972-589"">$BPMX</a></span> a few nice buys</div></div>"
carm94,True,2019-01-14 13:38:00,0.1178,"<div class=""MessageStreamView__body___2giLh""><div><span><a data-event=""click"" data-for=""cashTag"" data-tip=""BPMX"" href=""/symbol/BPMX"" id=""BPMX-150575162-592"">$BPMX</a></span> volume picking up 📈</div></div>"
Ads4,True,2019-01-14 13:31:00,0.1175,"<div class=""MessageStreamView__body___2giLh""><div><span><a data-event=""click"" data-for=""cashTag"" data-tip=""BPMX"" href=""/symbol/BPMX"" id=""BPMX-150574045-598"">$BPMX</a></span> Move up you zit face bitch!😠</div></div>"
Frank352019,True,2019-01-14 13:19:00,0.1159,"<div class=""MessageStreamView__body___2giLh""><div><span><a data-event=""click"" data-for=""cashTag"" data-tip=""BPMX"" href=""/symbol/BPMX"" id=""BPMX-150572322-604"">$BPMX</a></span> Do what you understand best I am a bull and I see a rise 👍🏻. good day to all🍀</div></div>"
RandyBarnard1,False,2019-01-14 13:14:00,0.1155,"<div class=""MessageStreamView__body___2giLh""><div><span><a data-event=""click"" data-for=""cashTag"" data-tip=""BPMX"" href=""/symbol/BPMX"" id=""BPMX-150571663-607"">$BPMX</a></span> where my delusional bulls at? Just want to give a shout out to a level of stupidity rarely seen! LOL</div></div>"
Frank352019,True,2019-01-14 13:12:00,0.1159,"<div class=""MessageStreamView__body___2giLh""><div><span><a data-event=""click"" data-for=""cashTag"" data-tip=""BPMX"" href=""/symbol/BPMX"" id=""BPMX-150571457-610"">$BPMX</a></span> 👁👁</div></div>"
Frank352019,True,2019-01-14 12:59:00,0.116,"<div class=""MessageStreamView__body___2giLh""><div><span><a data-event=""click"" data-for=""cashTag"" data-tip=""BPMX"" href=""/symbol/BPMX"" id=""BPMX-150569411-619"">$BPMX</a></span></div></div>"
Paddington_,True,2019-01-14 12:54:00,0.1174,"<div class=""MessageStreamView__body___2giLh""><div><span><a data-event=""click"" data-for=""cashTag"" data-tip=""BPMX"" href=""/symbol/BPMX"" id=""BPMX-150568814-622"">$BPMX</a></span> one day we will have a run like MBOT🤣😂🤣</div></div>"
Paddington_,True,2019-01-14 12:37:00,0.1151,"<div class=""MessageStreamView__body___2giLh""><div><span><a data-event=""click"" data-for=""cashTag"" data-tip=""BPMX"" href=""/symbol/BPMX"" id=""BPMX-150566481-625"">$BPMX</a></span> don’t worry guys DR T got us. He’s saving all the news to release at one time. Trial completion into a buyout with a merger😮🤫!🚀🌕</div></div>"
cdgriffin,True,2019-01-14 12:32:00,0.1185,"<div class=""MessageStreamView__body___2giLh""><div><span><a data-event=""click"" data-for=""cashTag"" data-tip=""BPMX"" href=""/symbol/BPMX"" id=""BPMX-150565773-631"">$BPMX</a></span> If this follows last May, we're about 2 days away from a major run up by institutions for compliance.</div></div>"
JamJells,True,2019-01-14 12:28:00,0.1156,"<div class=""MessageStreamView__body___2giLh""><div><span><a data-event=""click"" data-for=""cashTag"" data-tip=""BPMX"" href=""/symbol/BPMX"" id=""BPMX-150565321-637"">$BPMX</a></span> Jeeze! if this continues to go sideways I'm going back to picking my nose.</div></div>"
Ads4,True,2019-01-14 12:24:00,0.115,"<div class=""MessageStreamView__body___2giLh""><div><span><a data-event=""click"" data-for=""cashTag"" data-tip=""BPMX"" href=""/symbol/BPMX"" id=""BPMX-150564696-643"">$BPMX</a></span> about to💣</div></div>"
SpikedUp,True,2019-01-14 12:20:00,0.1156,"<div class=""MessageStreamView__body___2giLh""><div><span><a data-event=""click"" data-for=""cashTag"" data-tip=""BPMX"" href=""/symbol/BPMX"" id=""BPMX-150564133-646"">$BPMX</a></span> red day out there. No worries</div></div>"
SpikedUp,True,2019-01-14 12:18:00,0.1156,"<div class=""MessageStreamView__body___2giLh""><div><span><a data-event=""click"" data-for=""cashTag"" data-tip=""BPMX"" href=""/symbol/BPMX"" id=""BPMX-150563755-649"">$BPMX</a></span> I think they are staying quiet for the Ps or BO. This is what T does best.</div></div>"
SirMajorGains,True,2019-01-14 12:15:00,0.1165,"<div class=""MessageStreamView__body___2giLh""><div><span><a data-event=""click"" data-for=""cashTag"" data-tip=""BPMX"" href=""/symbol/BPMX"" id=""BPMX-150563204-652"">$BPMX</a></span> went to annual fern appt yesterday. All dermatologists are very interested in the trials. Office will be flooded with zit faced 🐻</div></div>"
syllabus10,True,2019-01-14 12:02:00,0.1167,"<div class=""MessageStreamView__body___2giLh""><div><span><a data-event=""click"" data-for=""cashTag"" data-tip=""BPMX"" href=""/symbol/BPMX"" id=""BPMX-150561389-661"">$BPMX</a></span></div></div>"
carm94,True,2019-01-14 11:51:00,0.1165,"<div class=""MessageStreamView__body___2giLh""><div><span><a data-event=""click"" data-for=""cashTag"" data-tip=""BPMX"" href=""/symbol/BPMX"" id=""BPMX-150559978-664"">$BPMX</a></span> crossing MACD 📈😎</div></div>"
Tommyl,True,2019-01-14 11:36:00,0.1151,"<div class=""MessageStreamView__body___2giLh""><div><span><a data-event=""click"" data-for=""cashTag"" data-tip=""VLRX"" href=""/symbol/VLRX"" id=""VLRX-150557486-670"">$VLRX</a></span> <span><a data-event=""click"" data-for=""cashTag"" data-tip=""PIR"" href=""/symbol/PIR"" id=""PIR-150557486-671"">$PIR</a></span> <span><a data-event=""click"" data-for=""cashTag"" data-tip=""RAD"" href=""/symbol/RAD"" id=""RAD-150557486-672"">$RAD</a></span> <span><a data-event=""click"" data-for=""cashTag"" data-tip=""PTN"" href=""/symbol/PTN"" id=""PTN-150557486-673"">$PTN</a></span> <span><a data-event=""click"" data-for=""cashTag"" data-tip=""MNGA"" href=""/symbol/MNGA"" id=""MNGA-150557486-674"">$MNGA</a></span> <span><a data-event=""click"" data-for=""cashTag"" data-tip=""MOSY"" href=""/symbol/MOSY"" id=""MOSY-150557486-675"">$MOSY</a></span> <span><a data-event=""click"" data-for=""cashTag"" data-tip=""BPMX"" href=""/symbol/BPMX"" id=""BPMX-150557486-676"">$BPMX</a></span> <span><a data-event=""click"" data-for=""cashTag"" data-tip=""HSGX"" href=""/symbol/HSGX"" id=""HSGX-150557486-677"">$HSGX</a></span> watch volumes</div></div>"
WallStreetSTTA,True,2019-01-14 11:28:00,0.1144,"<div class=""MessageStreamView__body___2giLh""><div><span><a data-event=""click"" data-for=""cashTag"" data-tip=""BPMX"" href=""/symbol/BPMX"" id=""BPMX-150556356-683"">$BPMX</a></span> Nice 100k bid.. going higher gl</div></div>"
MSC4speed,True,2019-01-14 11:26:00,0.1145,"<div class=""MessageStreamView__body___2giLh""><div><span><a data-event=""click"" data-for=""cashTag"" data-tip=""OHGI"" href=""/symbol/OHGI"" id=""OHGI-150556066-686"">$OHGI</a></span> <span><a data-event=""click"" data-for=""cashTag"" data-tip=""BPMX"" href=""/symbol/BPMX"" id=""BPMX-150556066-687"">$BPMX</a></span> <span><a data-event=""click"" data-for=""cashTag"" data-tip=""MNGA"" href=""/symbol/MNGA"" id=""MNGA-150556066-688"">$MNGA</a></span> <span><a data-event=""click"" data-for=""cashTag"" data-tip=""HSGX"" href=""/symbol/HSGX"" id=""HSGX-150556066-689"">$HSGX</a></span> just a matter of time...</div></div>"
chickendeluxe,True,2019-01-14 11:24:00,0.1147,"<div class=""MessageStreamView__body___2giLh""><div><span><a data-event=""click"" data-for=""cashTag"" data-tip=""BPMX"" href=""/symbol/BPMX"" id=""BPMX-150555648-692"">$BPMX</a></span> another $10000 shares</div></div>"
syllabus10,True,2019-01-14 11:22:00,0.1121,"<div class=""MessageStreamView__body___2giLh""><div><span><a data-event=""click"" data-for=""cashTag"" data-tip=""BPMX"" href=""/symbol/BPMX"" id=""BPMX-150555375-698"">$BPMX</a></span> .12 av</div></div>"
josethepig,True,2019-01-14 11:21:00,0.1135,"<div class=""MessageStreamView__body___2giLh""><div><span><a data-event=""click"" data-for=""cashTag"" data-tip=""BPMX"" href=""/symbol/BPMX"" id=""BPMX-150555267-701"">$BPMX</a></span> ez scalps</div></div>"
Frank352019,True,2019-01-14 11:06:00,0.1149,"<div class=""MessageStreamView__body___2giLh""><div><span><a data-event=""click"" data-for=""cashTag"" data-tip=""BPMX"" href=""/symbol/BPMX"" id=""BPMX-150552874-710"">$BPMX</a></span> 🍀🍀🍀🍀</div></div>"
Gerrie,True,2019-01-14 11:05:00,0.1146,"<div class=""MessageStreamView__body___2giLh""><div><span><a data-event=""click"" data-for=""cashTag"" data-tip=""BPMX"" href=""/symbol/BPMX"" id=""BPMX-150552697-713"">$BPMX</a></span> bought some more...this is gonna fly sooner than you think..mark this post ;-)</div></div>"
MajinTru,True,2019-01-14 11:00:00,0.1149,"<div class=""MessageStreamView__body___2giLh""><div><span><a data-event=""click"" data-for=""cashTag"" data-tip=""BPMX"" href=""/symbol/BPMX"" id=""BPMX-150551768-716"">$BPMX</a></span> waiting ....</div></div>"
Mdwolfgram81,True,2019-01-14 10:57:00,0.1141,"<div class=""MessageStreamView__body___2giLh""><div><span><a data-event=""click"" data-for=""cashTag"" data-tip=""BPMX"" href=""/symbol/BPMX"" id=""BPMX-150551420-719"">$BPMX</a></span> some reason RH rounded up my average from.1248 to .13. Either way I got another thousand shares today and up to 9200 shares</div></div>"
Ads4,True,2019-01-14 10:44:00,0.1135,"<div class=""MessageStreamView__body___2giLh""><div><span><a data-event=""click"" data-for=""cashTag"" data-tip=""BPMX"" href=""/symbol/BPMX"" id=""BPMX-150549132-722"">$BPMX</a></span> coiling...</div></div>"
Iggiewiggie,True,2019-01-14 10:38:00,0.1166,"<div class=""MessageStreamView__body___2giLh""><div><span><a data-event=""click"" data-for=""cashTag"" data-tip=""BPMX"" href=""/symbol/BPMX"" id=""BPMX-150548238-725"">$BPMX</a></span></div></div>"
Frank352019,True,2019-01-14 10:35:00,0.1154,"<div class=""MessageStreamView__body___2giLh""><div><span><a data-event=""click"" data-for=""cashTag"" data-tip=""BPMX"" href=""/symbol/BPMX"" id=""BPMX-150547713-731"">$BPMX</a></span> it's a publicity campaign of these double-sided</div></div>"
Frank352019,True,2019-01-14 10:29:00,0.1155,"<div class=""MessageStreamView__body___2giLh""><div><span><a data-event=""click"" data-for=""cashTag"" data-tip=""BPMX"" href=""/symbol/BPMX"" id=""BPMX-150546766-743"">$BPMX</a></span> there are those who fall in their game</div></div>"
glougl123,True,2019-01-14 10:28:00,0.1167,"<div class=""MessageStreamView__body___2giLh""><div><span><a data-event=""click"" data-for=""cashTag"" data-tip=""BPMX"" href=""/symbol/BPMX"" id=""BPMX-150546614-749"">$BPMX</a></span> get in inpx before too late. Great buy opportinuity. Red to green eod</div></div>"
Paddington_,False,2019-01-14 10:27:00,0.1177,"<div class=""MessageStreamView__body___2giLh""><div><span><a data-event=""click"" data-for=""cashTag"" data-tip=""BPMX"" href=""/symbol/BPMX"" id=""BPMX-150546442-752"">$BPMX</a></span> BTFD or send me your money direct, either way works.</div></div>"
RandyBarnard1,False,2019-01-14 10:25:00,0.1177,"<div class=""MessageStreamView__body___2giLh""><div><span><a data-event=""click"" data-for=""cashTag"" data-tip=""BPMX"" href=""/symbol/BPMX"" id=""BPMX-150546088-761"">$BPMX</a></span> looking good, heading in the right direction!</div></div>"
josethepig,False,2019-01-14 10:23:00,0.1152,"<div class=""MessageStreamView__body___2giLh""><div><span><a data-event=""click"" data-for=""cashTag"" data-tip=""BPMX"" href=""/symbol/BPMX"" id=""BPMX-150545902-764"">$BPMX</a></span></div></div>"
Frank352019,True,2019-01-14 10:22:00,0.1158,"<div class=""MessageStreamView__body___2giLh""><div><span><a data-event=""click"" data-for=""cashTag"" data-tip=""BPMX"" href=""/symbol/BPMX"" id=""BPMX-150545696-767"">$BPMX</a></span> they are the most active. Good luck to everything</div></div>"
syllabus10,True,2019-01-14 10:21:00,0.1177,"<div class=""MessageStreamView__body___2giLh""><div><span><a data-event=""click"" data-for=""cashTag"" data-tip=""BPMX"" href=""/symbol/BPMX"" id=""BPMX-150545519-770"">$BPMX</a></span> buyin all ya shares at .113</div></div>"
Frank352019,True,2019-01-14 10:20:00,0.1151,"<div class=""MessageStreamView__body___2giLh""><div><span><a data-event=""click"" data-for=""cashTag"" data-tip=""BPMX"" href=""/symbol/BPMX"" id=""BPMX-150545269-776"">$BPMX</a></span> if they know that it will go down why are they still ???</div></div>"
Frank352019,True,2019-01-14 10:19:00,0.1181,"<div class=""MessageStreamView__body___2giLh""><div><span><a data-event=""click"" data-for=""cashTag"" data-tip=""BPMX"" href=""/symbol/BPMX"" id=""BPMX-150545122-782"">$BPMX</a></span> Do not be fooled and do not fall into your game</div></div>"
Paddington_,False,2019-01-14 10:19:00,0.1181,"<div class=""MessageStreamView__body___2giLh""><div><span><a data-event=""click"" data-for=""cashTag"" data-tip=""BPMX"" href=""/symbol/BPMX"" id=""BPMX-150545121-785"">$BPMX</a></span> Hey guys can you post that a DR T 🤡(that’s his name right?) resume again? Or DD w.e you call it in why this is going up again? Thanks</div></div>"
baerga,True,2019-01-14 10:14:00,0.1158,"<div class=""MessageStreamView__body___2giLh""><div><span><a data-event=""click"" data-for=""cashTag"" data-tip=""IPCI"" href=""/symbol/IPCI"" id=""IPCI-150544388-794"">$IPCI</a></span> was $8 a year ago, extreme upside potential 100x <span><a data-event=""click"" data-for=""cashTag"" data-tip=""RWLK"" href=""/symbol/RWLK"" id=""RWLK-150544388-795"">$RWLK</a></span> <span><a data-event=""click"" data-for=""cashTag"" data-tip=""UUU"" href=""/symbol/UUU"" id=""UUU-150544388-796"">$UUU</a></span> <span><a data-event=""click"" data-for=""cashTag"" data-tip=""DPW"" href=""/symbol/DPW"" id=""DPW-150544388-797"">$DPW</a></span> <span><a data-event=""click"" data-for=""cashTag"" data-tip=""BPMX"" href=""/symbol/BPMX"" id=""BPMX-150544388-798"">$BPMX</a></span></div></div>"
Frank352019,True,2019-01-14 10:12:00,0.1142,"<div class=""MessageStreamView__body___2giLh""><div><span><a data-event=""click"" data-for=""cashTag"" data-tip=""BPMX"" href=""/symbol/BPMX"" id=""BPMX-150544056-801"">$BPMX</a></span> 🌵🌵🌵</div></div>"
Frank352019,True,2019-01-14 10:08:00,0.1182,"<div class=""MessageStreamView__body___2giLh""><div><span><a data-event=""click"" data-for=""cashTag"" data-tip=""BPMX"" href=""/symbol/BPMX"" id=""BPMX-150543131-810"">$BPMX</a></span></div></div>"
bounce_back,True,2019-01-14 10:07:00,0.1178,"<div class=""MessageStreamView__body___2giLh""><div><span><a data-event=""click"" data-for=""cashTag"" data-tip=""BPMX"" href=""/symbol/BPMX"" id=""BPMX-150543037-813"">$BPMX</a></span> Easy $ right here</div></div>"
SpikedUp,True,2019-01-14 10:06:00,0.1164,"<div class=""MessageStreamView__body___2giLh""><div><span><a data-event=""click"" data-for=""cashTag"" data-tip=""BPMX"" href=""/symbol/BPMX"" id=""BPMX-150542867-819"">$BPMX</a></span></div></div>"
BenMoseAsher,True,2019-01-14 10:06:00,0.1164,"<div class=""MessageStreamView__body___2giLh""><div><span><a data-event=""click"" data-for=""cashTag"" data-tip=""BPMX"" href=""/symbol/BPMX"" id=""BPMX-150542705-822"">$BPMX</a></span>  just now.
BioPharmX Corporation (BPMX) Receives Average Rating of “Strong Buy” from Brokerages.  Consensus price target of $1.47</div></div>"
Nicklis_J_Ferguson1,True,2019-01-14 09:58:00,0.1138,"<div class=""MessageStreamView__body___2giLh""><div><span><a data-event=""click"" data-for=""cashTag"" data-tip=""BPMX"" href=""/symbol/BPMX"" id=""BPMX-150541486-828"">$BPMX</a></span> im going to be so rich when they announce the partnership with sears and this goes up to $14.</div></div>"
carm94,True,2019-01-14 09:49:00,0.1159,"<div class=""MessageStreamView__body___2giLh""><div><span><a data-event=""click"" data-for=""cashTag"" data-tip=""BPMX"" href=""/symbol/BPMX"" id=""BPMX-150539778-843"">$BPMX</a></span> our CEO 😎📈💰</div></div>"
JamJells,True,2019-01-14 09:46:00,0.1161,"<div class=""MessageStreamView__body___2giLh""><div><span><a data-event=""click"" data-for=""cashTag"" data-tip=""BPMX"" href=""/symbol/BPMX"" id=""BPMX-150539298-849"">$BPMX</a></span> Boy the BS sure gets higher on absolutely no news. Just need to watch Volume and RSI. The rest will pan out without the Cliches.</div></div>"
ckessler723,True,2019-01-14 09:43:00,0.1163,"<div class=""MessageStreamView__body___2giLh""><div><span><a data-event=""click"" data-for=""cashTag"" data-tip=""BPMX"" href=""/symbol/BPMX"" id=""BPMX-150538755-852"">$BPMX</a></span> getting ready to purchase a few hundo.. who's with me ?</div></div>"
sirxhammer95,True,2019-01-14 09:39:00,0.117,"<div class=""MessageStreamView__body___2giLh""><div><span><a data-event=""click"" data-for=""cashTag"" data-tip=""BPMX"" href=""/symbol/BPMX"" id=""BPMX-150538051-855"">$BPMX</a></span> let's goooo! Hoping for a good week</div></div>"
Ck431,True,2019-01-14 09:35:00,0.1171,"<div class=""MessageStreamView__body___2giLh""><div><span><a data-event=""click"" data-for=""cashTag"" data-tip=""BPMX"" href=""/symbol/BPMX"" id=""BPMX-150537515-858"">$BPMX</a></span> don’t Chase now is the time to buy, be a smart investor</div></div>"
