LiveTradePro,True,2019-01-14 15:53:00,59.007,"<div class=""MessageStreamView__body___2giLh""><div><span><a data-event=""click"" data-for=""cashTag"" data-tip=""XLF"" href=""/symbol/XLF"" id=""XLF-150596531-1174"">$XLF</a></span> <span><a data-event=""click"" data-for=""cashTag"" data-tip=""C"" href=""/symbol/C"" id=""C-150596531-1175"">$C</a></span> Another solid day for financial stocks</div></div>"
TradeWithBen,True,2019-01-14 15:36:00,59.154,"<div class=""MessageStreamView__body___2giLh""><div><span><a data-event=""click"" data-for=""cashTag"" data-tip=""JPM"" href=""/symbol/JPM"" id=""JPM-150593607-1194"">$JPM</a></span> <span><a data-event=""click"" data-for=""cashTag"" data-tip=""BAC"" href=""/symbol/BAC"" id=""BAC-150593607-1195"">$BAC</a></span> <span><a data-event=""click"" data-for=""cashTag"" data-tip=""C"" href=""/symbol/C"" id=""C-150593607-1196"">$C</a></span> Got a ""Buy"" signal on J.P since last week. Previous Buy signal the stock went up +$11 after. Will see what ER will bring.</div></div>"
JEFFBOND,False,2019-01-14 15:35:00,59.16,"<div class=""MessageStreamView__body___2giLh""><div><span><a data-event=""click"" data-for=""cashTag"" data-tip=""C"" href=""/symbol/C"" id=""C-150593388-1199"">$C</a></span> after pre market ER sounded so gloom I sold bank stock. Now look ... WTF? It’s all rigged. Still mad a few $$$</div></div>"
esrouter,True,2019-01-14 15:29:00,59.102,"<div class=""MessageStreamView__body___2giLh""><div><span><a data-event=""click"" data-for=""cashTag"" data-tip=""C"" href=""/symbol/C"" id=""C-150592471-1206"">$C</a></span> Who's lying to you? The ones that say short or the market on this ""revenue miss"". Someone is loading the boat.</div></div>"
GranPanpan,False,2019-01-14 15:09:00,59.18,"<div class=""MessageStreamView__body___2giLh""><div><span><a data-event=""click"" data-for=""cashTag"" data-tip=""SPY"" href=""/symbol/SPY"" id=""SPY-150589046-1215"">$SPY</a></span> Anyone taking <span><a data-event=""click"" data-for=""cashTag"" data-tip=""C"" href=""/symbol/C"" id=""C-150589046-1216"">$C</a></span> Er as a good sign for the market is in for a rude awakening. That was not a good report.</div></div>"
Roth_Trader,False,2019-01-14 15:01:00,59.124,"<div class=""MessageStreamView__body___2giLh""><div><span><a data-event=""click"" data-for=""cashTag"" data-tip=""C"" href=""/symbol/C"" id=""C-150587703-1237"">$C</a></span>  STFR</div></div>"
garyseeseverything,True,2019-01-14 15:00:00,59.154,"<div class=""MessageStreamView__body___2giLh""><div><span><a data-event=""click"" data-for=""cashTag"" data-tip=""C"" href=""/symbol/C"" id=""C-150587475-1240"">$C</a></span> the day Citi saved Wall Street. Good job gentlemen! Shorts are confused, 2019 will see gains across the board.</div></div>"
dontbegreedy,False,2019-01-14 14:26:00,58.93,"<div class=""MessageStreamView__body___2giLh""><div><span><a data-event=""click"" data-for=""cashTag"" data-tip=""SPY"" href=""/symbol/SPY"" id=""SPY-150582449-1254"">$SPY</a></span> <span><a data-event=""click"" data-for=""cashTag"" data-tip=""C"" href=""/symbol/C"" id=""C-150582449-1255"">$C</a></span> was a miss btw.</div></div>"
v3tuz,False,2019-01-14 14:21:00,58.892,"<div class=""MessageStreamView__body___2giLh""><div><span><a data-event=""click"" data-for=""cashTag"" data-tip=""C"" href=""/symbol/C"" id=""C-150581690-1267"">$C</a></span> will soon take a big hit</div></div>"
samchak,False,2019-01-14 14:17:00,58.9,"<div class=""MessageStreamView__body___2giLh""><div><span><a data-event=""click"" data-for=""cashTag"" data-tip=""C"" href=""/symbol/C"" id=""C-150581142-1270"">$C</a></span> this is coming down just mindless pumping</div></div>"
EquityTom,True,2019-01-14 14:11:00,58.953,"<div class=""MessageStreamView__body___2giLh""><div>From plan <span><a data-event=""click"" data-for=""cashTag"" data-tip=""SPY"" href=""/symbol/SPY"" id=""SPY-150580341-1273"">$SPY</a></span> <span><a data-event=""click"" data-for=""cashTag"" data-tip=""PCG"" href=""/symbol/PCG"" id=""PCG-150580341-1274"">$PCG</a></span> <span><a data-event=""click"" data-for=""cashTag"" data-tip=""LULU"" href=""/symbol/LULU"" id=""LULU-150580341-1275"">$LULU</a></span> <span><a data-event=""click"" data-for=""cashTag"" data-tip=""GOOGL"" href=""/symbol/GOOGL"" id=""GOOGL-150580341-1276"">$GOOGL</a></span> <span><a data-event=""click"" data-for=""cashTag"" data-tip=""AAPL"" href=""/symbol/AAPL"" id=""AAPL-150580341-1277"">$AAPL</a></span> <span><a data-event=""click"" data-for=""cashTag"" data-tip=""NVDA"" href=""/symbol/NVDA"" id=""NVDA-150580341-1278"">$NVDA</a></span> <span><a data-event=""click"" data-for=""cashTag"" data-tip=""TSLA"" href=""/symbol/TSLA"" id=""TSLA-150580341-1279"">$TSLA</a></span>, traded <span><a data-event=""click"" data-for=""cashTag"" data-tip=""NVDA"" href=""/symbol/NVDA"" id=""NVDA-150580341-1280"">$NVDA</a></span> <span><a data-event=""click"" data-for=""cashTag"" data-tip=""LULU"" href=""/symbol/LULU"" id=""LULU-150580341-1281"">$LULU</a></span> (update live here) &amp; <span><a data-event=""click"" data-for=""cashTag"" data-tip=""C"" href=""/symbol/C"" id=""C-150580341-1282"">$C</a></span> all winner. Very green for today. GL traders!</div></div>"
RogueTrader8,False,2019-01-14 14:10:00,58.97,"<div class=""MessageStreamView__body___2giLh""><div><span><a data-event=""click"" data-for=""cashTag"" data-tip=""C"" href=""/symbol/C"" id=""C-150580139-1288"">$C</a></span> </div></div>"
esrouter,True,2019-01-14 14:06:00,59.035,"<div class=""MessageStreamView__body___2giLh""><div><span><a data-event=""click"" data-for=""cashTag"" data-tip=""C"" href=""/symbol/C"" id=""C-150579530-1291"">$C</a></span> Shorts are desperate.  Trying to move a mega-cap on ST. ""Maybe we can freak out Prince Al-waleed and he'll sell!!""</div></div>"
Goofus121,False,2019-01-14 13:59:00,58.967,"<div class=""MessageStreamView__body___2giLh""><div><span><a data-event=""click"" data-for=""cashTag"" data-tip=""C"" href=""/symbol/C"" id=""C-150578378-1294"">$C</a></span> Here we go....TIMBEeeeer!</div></div>"
MartianMoneyHunter,False,2019-01-14 13:56:00,59.014,"<div class=""MessageStreamView__body___2giLh""><div><span><a data-event=""click"" data-for=""cashTag"" data-tip=""C"" href=""/symbol/C"" id=""C-150577969-1297"">$C</a></span> pointless pump</div></div>"
StoneFoxCapital,True,2019-01-14 13:53:00,58.993,"<div class=""MessageStreamView__body___2giLh""><div><span><a data-event=""click"" data-for=""cashTag"" data-tip=""C"" href=""/symbol/C"" id=""C-150577460-1300"">$C</a></span> <span><a data-event=""click"" data-for=""cashTag"" data-tip=""QCOM"" href=""/symbol/QCOM"" id=""QCOM-150577460-1301"">$QCOM</a></span> <span><a data-event=""click"" data-for=""cashTag"" data-tip=""L"" href=""/symbol/L"" id=""L-150577460-1302"">$L</a></span> top <a data-event=""click"" href=""/topic/NetPayoutYields"">#NetPayoutYields</a> for January <a data-event=""click"" href=""/topic/dividends"">#dividends</a> <a data-event=""click"" href=""https://seekingalpha.com/article/4233065-top-net-payout-yields-january-2019"" rel=""noopener nofollow"" target=""_blank"">https://seekingalpha.com/article/4233065-top-net-payout-yields-january-2019</a></div></div>"
libbycannady,False,2019-01-14 13:45:00,59.151,"<div class=""MessageStreamView__body___2giLh""><div><span><a data-event=""click"" data-for=""cashTag"" data-tip=""C"" href=""/symbol/C"" id=""C-150576219-1305"">$C</a></span> bull trap?</div></div>"
aushark,True,2019-01-14 13:34:00,59.045,"<div class=""MessageStreamView__body___2giLh""><div><span><a data-event=""click"" data-for=""cashTag"" data-tip=""C"" href=""/symbol/C"" id=""C-150574465-1322"">$C</a></span> Cramer says buy <span><a data-event=""click"" data-for=""cashTag"" data-tip=""FAS"" href=""/symbol/FAS"" id=""FAS-150574465-1323"">$FAS</a></span> be my place</div></div>"
Tradeworx,True,2019-01-14 13:31:00,59.066,"<div class=""MessageStreamView__body___2giLh""><div><span><a data-event=""click"" data-for=""cashTag"" data-tip=""SPY"" href=""/symbol/SPY"" id=""SPY-150574013-1326"">$SPY</a></span> <span><a data-event=""click"" data-for=""cashTag"" data-tip=""C"" href=""/symbol/C"" id=""C-150574013-1327"">$C</a></span> tone on CC the economy is strong, the sky is not falling</div></div>"
KoalaBEARR,False,2019-01-14 13:21:00,59.231,"<div class=""MessageStreamView__body___2giLh""><div><span><a data-event=""click"" data-for=""cashTag"" data-tip=""SPY"" href=""/symbol/SPY"" id=""SPY-150572597-1330"">$SPY</a></span> if you lose money on stocks or options dont worry, <span><a data-event=""click"" data-for=""cashTag"" data-tip=""C"" href=""/symbol/C"" id=""C-150572597-1331"">$C</a></span> bank is loosing billions on fixed income LOL</div></div>"
Tradeworx,True,2019-01-14 13:20:00,59.258,"<div class=""MessageStreamView__body___2giLh""><div><span><a data-event=""click"" data-for=""cashTag"" data-tip=""C"" href=""/symbol/C"" id=""C-150572475-1334"">$C</a></span> <span><a data-event=""click"" data-for=""cashTag"" data-tip=""SPY"" href=""/symbol/SPY"" id=""SPY-150572475-1335"">$SPY</a></span> 1.25 more to go upwards, I said 3.75 yeterday</div></div>"
dongwongschlong,False,2019-01-14 13:16:00,59.191,"<div class=""MessageStreamView__body___2giLh""><div><span><a data-event=""click"" data-for=""cashTag"" data-tip=""C"" href=""/symbol/C"" id=""C-150571989-1351"">$C</a></span> Shittygroup</div></div>"
dontbegreedy,False,2019-01-14 13:09:00,59.043,"<div class=""MessageStreamView__body___2giLh""><div><span><a data-event=""click"" data-for=""cashTag"" data-tip=""C"" href=""/symbol/C"" id=""C-150570900-1354"">$C</a></span> 200sma weekly blocking yo asses bulls.   Quit while you’re ahead</div></div>"
hockeysniper,True,2019-01-14 13:06:00,59.113,"<div class=""MessageStreamView__body___2giLh""><div><span><a data-event=""click"" data-for=""cashTag"" data-tip=""C"" href=""/symbol/C"" id=""C-150570529-1357"">$C</a></span> <span><a data-event=""click"" data-for=""cashTag"" data-tip=""XLF"" href=""/symbol/XLF"" id=""XLF-150570529-1358"">$XLF</a></span>  nice beats!! 😀</div></div>"
dontbegreedy,False,2019-01-14 13:05:00,59.159,"<div class=""MessageStreamView__body___2giLh""><div><span><a data-event=""click"" data-for=""cashTag"" data-tip=""C"" href=""/symbol/C"" id=""C-150570410-1361"">$C</a></span> <a data-event=""click"" href=""/topic/fail"">#fail</a></div></div>"
atm2010,True,2019-01-14 12:58:00,59.245,"<div class=""MessageStreamView__body___2giLh""><div><span><a data-event=""click"" data-for=""cashTag"" data-tip=""BAC"" href=""/symbol/BAC"" id=""BAC-150569369-1383"">$BAC</a></span> Grabbed some after <span><a data-event=""click"" data-for=""cashTag"" data-tip=""C"" href=""/symbol/C"" id=""C-150569369-1384"">$C</a></span> set the tone.</div></div>"
KoalaBEARR,False,2019-01-14 12:46:00,59.114,"<div class=""MessageStreamView__body___2giLh""><div><span><a data-event=""click"" data-for=""cashTag"" data-tip=""SPY"" href=""/symbol/SPY"" id=""SPY-150567574-1414"">$SPY</a></span> wouldnt be surprised if <span><a data-event=""click"" data-for=""cashTag"" data-tip=""C"" href=""/symbol/C"" id=""C-150567574-1415"">$C</a></span> is sold off tomorrow, looks like a trap</div></div>"
BigMeatyClaws,True,2019-01-14 12:44:00,59.089,"<div class=""MessageStreamView__body___2giLh""><div><span><a data-event=""click"" data-for=""cashTag"" data-tip=""C"" href=""/symbol/C"" id=""C-150567313-1425"">$C</a></span> new runner? Long term</div></div>"
KoalaBEARR,False,2019-01-14 12:40:00,59.15,"<div class=""MessageStreamView__body___2giLh""><div><span><a data-event=""click"" data-for=""cashTag"" data-tip=""SPY"" href=""/symbol/SPY"" id=""SPY-150566759-1453"">$SPY</a></span> look at <span><a data-event=""click"" data-for=""cashTag"" data-tip=""C"" href=""/symbol/C"" id=""C-150566759-1454"">$C</a></span> despite desperate results up about 4% LOL</div></div>"
Greenthumb62,False,2019-01-14 12:39:00,59.18,"<div class=""MessageStreamView__body___2giLh""><div><span><a data-event=""click"" data-for=""cashTag"" data-tip=""C"" href=""/symbol/C"" id=""C-150566723-1457"">$C</a></span> time for the dump.. dear Bears</div></div>"
dontbegreedy,False,2019-01-14 12:36:00,59.116,"<div class=""MessageStreamView__body___2giLh""><div><span><a data-event=""click"" data-for=""cashTag"" data-tip=""C"" href=""/symbol/C"" id=""C-150566359-1460"">$C</a></span> time for a pullback.  Way over extended</div></div>"
dontbegreedy,False,2019-01-14 12:35:00,59.1,"<div class=""MessageStreamView__body___2giLh""><div><span><a data-event=""click"" data-for=""cashTag"" data-tip=""C"" href=""/symbol/C"" id=""C-150566156-1466"">$C</a></span> possibly getting rejected by weekly 200sma</div></div>"
ZoMgY,True,2019-01-14 12:25:00,59.215,"<div class=""MessageStreamView__body___2giLh""><div><span><a data-event=""click"" data-for=""cashTag"" data-tip=""JPM"" href=""/symbol/JPM"" id=""JPM-150564842-1494"">$JPM</a></span> All in at 101.015. Market wants to go up. I expect same thing as <span><a data-event=""click"" data-for=""cashTag"" data-tip=""C"" href=""/symbol/C"" id=""C-150564842-1495"">$C</a></span></div></div>"
ASM,True,2019-01-14 12:25:00,59.215,"<div class=""MessageStreamView__body___2giLh""><div>INCREDIBLE VOLUME <span><a data-event=""click"" data-for=""cashTag"" data-tip=""C"" href=""/symbol/C"" id=""C-150564835-1498"">$C</a></span></div></div>"
ASM,True,2019-01-14 12:22:00,59.177,"<div class=""MessageStreamView__body___2giLh""><div>SENSATIONAL MOVE HIGHER <span><a data-event=""click"" data-for=""cashTag"" data-tip=""C"" href=""/symbol/C"" id=""C-150564423-1513"">$C</a></span> <span><a data-event=""click"" data-for=""cashTag"" data-tip=""XLF"" href=""/symbol/XLF"" id=""XLF-150564423-1514"">$XLF</a></span> <span><a data-event=""click"" data-for=""cashTag"" data-tip=""SPY"" href=""/symbol/SPY"" id=""SPY-150564423-1515"">$SPY</a></span></div></div>"
ASM,True,2019-01-14 12:21:00,59.117,"<div class=""MessageStreamView__body___2giLh""><div>Boy oh boy how do the bears answer BANKS just going into a parabolic breakout here !?!? <span><a data-event=""click"" data-for=""cashTag"" data-tip=""SPY"" href=""/symbol/SPY"" id=""SPY-150564247-1526"">$SPY</a></span> <span><a data-event=""click"" data-for=""cashTag"" data-tip=""QQQ"" href=""/symbol/QQQ"" id=""QQQ-150564247-1527"">$QQQ</a></span> <span><a data-event=""click"" data-for=""cashTag"" data-tip=""XLF"" href=""/symbol/XLF"" id=""XLF-150564247-1528"">$XLF</a></span> <span><a data-event=""click"" data-for=""cashTag"" data-tip=""C"" href=""/symbol/C"" id=""C-150564247-1529"">$C</a></span> <span><a data-event=""click"" data-for=""cashTag"" data-tip=""GS"" href=""/symbol/GS"" id=""GS-150564247-1530"">$GS</a></span> <span><a data-event=""click"" data-for=""cashTag"" data-tip=""BAC"" href=""/symbol/BAC"" id=""BAC-150564247-1531"">$BAC</a></span></div></div>"
retireby40trader,True,2019-01-14 12:21:00,59.117,"<div class=""MessageStreamView__body___2giLh""><div><span><a data-event=""click"" data-for=""cashTag"" data-tip=""C"" href=""/symbol/C"" id=""C-150564234-1534"">$C</a></span> Did I not say twice Wall Street will protect there boss, sometimes LOGIC trumps technicals, fundamentals, or geopolitical, bears suck!</div></div>"
Soloflight,True,2019-01-14 12:20:00,59.025,"<div class=""MessageStreamView__body___2giLh""><div><span><a data-event=""click"" data-for=""cashTag"" data-tip=""C"" href=""/symbol/C"" id=""C-150564100-1549"">$C</a></span> 😂 where are the bears???</div></div>"
moenychaser,True,2019-01-14 12:20:00,59.025,"<div class=""MessageStreamView__body___2giLh""><div><span><a data-event=""click"" data-for=""cashTag"" data-tip=""SPY"" href=""/symbol/SPY"" id=""SPY-150563977-1555"">$SPY</a></span> was milking <span><a data-event=""click"" data-for=""cashTag"" data-tip=""C"" href=""/symbol/C"" id=""C-150563977-1556"">$C</a></span>  all morning. Should call it a day but i want more. 🤑</div></div>"
WARVstock,False,2019-01-14 12:16:00,59.086,"<div class=""MessageStreamView__body___2giLh""><div><span><a data-event=""click"" data-for=""cashTag"" data-tip=""C"" href=""/symbol/C"" id=""C-150563392-1574"">$C</a></span> rest of the banks may pull this back</div></div>"
esrouter,True,2019-01-14 12:14:00,58.946,"<div class=""MessageStreamView__body___2giLh""><div><span><a data-event=""click"" data-for=""cashTag"" data-tip=""C"" href=""/symbol/C"" id=""C-150563090-1581"">$C</a></span> Stock is in a nice consistent uptrend. Funny how bearish  sounding articles come out in WSJ and CNBC. It's like they are saying...</div></div>"
moenychaser,True,2019-01-14 12:13:00,58.958,"<div class=""MessageStreamView__body___2giLh""><div><span><a data-event=""click"" data-for=""cashTag"" data-tip=""C"" href=""/symbol/C"" id=""C-150562965-1591"">$C</a></span> ok all out if my trade. Great day 🤑🤑🤑</div></div>"
Tradeworx,True,2019-01-14 12:13:00,58.958,"<div class=""MessageStreamView__body___2giLh""><div><span><a data-event=""click"" data-for=""cashTag"" data-tip=""SPY"" href=""/symbol/SPY"" id=""SPY-150562875-1605"">$SPY</a></span> <span><a data-event=""click"" data-for=""cashTag"" data-tip=""GM"" href=""/symbol/GM"" id=""GM-150562875-1606"">$GM</a></span> <span><a data-event=""click"" data-for=""cashTag"" data-tip=""C"" href=""/symbol/C"" id=""C-150562875-1607"">$C</a></span> the sky is falling they said</div></div>"
pelvic_thruster69,False,2019-01-14 12:12:00,58.932,"<div class=""MessageStreamView__body___2giLh""><div><span><a data-event=""click"" data-for=""cashTag"" data-tip=""C"" href=""/symbol/C"" id=""C-150562856-1610"">$C</a></span> Awful bank</div></div>"
Banana3,True,2019-01-14 12:11:00,58.924,"<div class=""MessageStreamView__body___2giLh""><div><span><a data-event=""click"" data-for=""cashTag"" data-tip=""AMZN"" href=""/symbol/AMZN"" id=""AMZN-150562700-1613"">$AMZN</a></span> <span><a data-event=""click"" data-for=""cashTag"" data-tip=""C"" href=""/symbol/C"" id=""C-150562700-1614"">$C</a></span> <span><a data-event=""click"" data-for=""cashTag"" data-tip=""SPY"" href=""/symbol/SPY"" id=""SPY-150562700-1615"">$SPY</a></span>

For the most hated sector to turnaround after subpar earnings, is a “TELL”

Another bullish development in the NEW LEADER</div></div>"
TheBearOfBearSt,False,2019-01-14 12:02:00,58.705,"<div class=""MessageStreamView__body___2giLh""><div><span><a data-event=""click"" data-for=""cashTag"" data-tip=""C"" href=""/symbol/C"" id=""C-150561375-1633"">$C</a></span> only thing propping up <span><a data-event=""click"" data-for=""cashTag"" data-tip=""SPY"" href=""/symbol/SPY"" id=""SPY-150561375-1634"">$SPY</a></span> garbage market</div></div>"
v3tuz,False,2019-01-14 11:59:00,58.837,"<div class=""MessageStreamView__body___2giLh""><div><span><a data-event=""click"" data-for=""cashTag"" data-tip=""C"" href=""/symbol/C"" id=""C-150560965-1637"">$C</a></span></div></div>"
i124q,False,2019-01-14 11:56:00,58.826,"<div class=""MessageStreamView__body___2giLh""><div><span><a data-event=""click"" data-for=""cashTag"" data-tip=""C"" href=""/symbol/C"" id=""C-150560590-1643"">$C</a></span> bull trap</div></div>"
JpatHoldings,True,2019-01-14 11:55:00,58.822,"<div class=""MessageStreamView__body___2giLh""><div><span><a data-event=""click"" data-for=""cashTag"" data-tip=""SPY"" href=""/symbol/SPY"" id=""SPY-150560427-1646"">$SPY</a></span> <span><a data-event=""click"" data-for=""cashTag"" data-tip=""C"" href=""/symbol/C"" id=""C-150560427-1647"">$C</a></span> load the boat. Market conditions have improved according to citi CC and they currently see better trading environment</div></div>"
esrouter,True,2019-01-14 11:55:00,58.822,"<div class=""MessageStreamView__body___2giLh""><div><span><a data-event=""click"" data-for=""cashTag"" data-tip=""C"" href=""/symbol/C"" id=""C-150560426-1650"">$C</a></span> Shorts need to realize this bank onslaught is just beginning. <span><a data-event=""click"" data-for=""cashTag"" data-tip=""JPM"" href=""/symbol/JPM"" id=""JPM-150560426-1651"">$JPM</a></span> and <span><a data-event=""click"" data-for=""cashTag"" data-tip=""WFC"" href=""/symbol/WFC"" id=""WFC-150560426-1652"">$WFC</a></span> tomorrow. Followed by <span><a data-event=""click"" data-for=""cashTag"" data-tip=""BAC"" href=""/symbol/BAC"" id=""BAC-150560426-1653"">$BAC</a></span>, <span><a data-event=""click"" data-for=""cashTag"" data-tip=""GS"" href=""/symbol/GS"" id=""GS-150560426-1654"">$GS</a></span>, <span><a data-event=""click"" data-for=""cashTag"" data-tip=""USB"" href=""/symbol/USB"" id=""USB-150560426-1655"">$USB</a></span> Wednesday</div></div>"
Tradeworx,True,2019-01-14 11:54:00,58.819,"<div class=""MessageStreamView__body___2giLh""><div><span><a data-event=""click"" data-for=""cashTag"" data-tip=""C"" href=""/symbol/C"" id=""C-150560272-1670"">$C</a></span> up 2.14 <span><a data-event=""click"" data-for=""cashTag"" data-tip=""SPY"" href=""/symbol/SPY"" id=""SPY-150560272-1671"">$SPY</a></span></div></div>"
moenychaser,True,2019-01-14 11:53:00,58.871,"<div class=""MessageStreamView__body___2giLh""><div><span><a data-event=""click"" data-for=""cashTag"" data-tip=""C"" href=""/symbol/C"" id=""C-150560106-1674"">$C</a></span> gonna let the rest of shares ride a bit</div></div>"
moenychaser,True,2019-01-14 11:51:00,58.877,"<div class=""MessageStreamView__body___2giLh""><div><span><a data-event=""click"" data-for=""cashTag"" data-tip=""C"" href=""/symbol/C"" id=""C-150559898-1683"">$C</a></span> come on. $58.90 so I can take my partial 🤑🤑</div></div>"
moenychaser,True,2019-01-14 11:48:00,58.856,"<div class=""MessageStreamView__body___2giLh""><div><span><a data-event=""click"" data-for=""cashTag"" data-tip=""C"" href=""/symbol/C"" id=""C-150559445-1695"">$C</a></span> ginme $0.05 cents more 🤑🤑🤑</div></div>"
slmaster,True,2019-01-14 11:46:00,58.769,"<div class=""MessageStreamView__body___2giLh""><div><span><a data-event=""click"" data-for=""cashTag"" data-tip=""C"" href=""/symbol/C"" id=""C-150559171-1707"">$C</a></span> 59+ coming</div></div>"
Tradeworx,True,2019-01-14 11:40:00,58.776,"<div class=""MessageStreamView__body___2giLh""><div><span><a data-event=""click"" data-for=""cashTag"" data-tip=""SPY"" href=""/symbol/SPY"" id=""SPY-150558093-1720"">$SPY</a></span> <span><a data-event=""click"" data-for=""cashTag"" data-tip=""C"" href=""/symbol/C"" id=""C-150558093-1721"">$C</a></span> up over 2$</div></div>"
miracleboy,False,2019-01-14 11:39:00,58.731,"<div class=""MessageStreamView__body___2giLh""><div><span><a data-event=""click"" data-for=""cashTag"" data-tip=""C"" href=""/symbol/C"" id=""C-150558018-1724"">$C</a></span> remember this junk reverse split 10 for 1 , reall unsplit split price is 5.80.</div></div>"
moenychaser,True,2019-01-14 11:39:00,58.731,"<div class=""MessageStreamView__body___2giLh""><div><span><a data-event=""click"" data-for=""cashTag"" data-tip=""C"" href=""/symbol/C"" id=""C-150557927-1727"">$C</a></span> ohhh yeah baby 🤑🤑🤑</div></div>"
moenychaser,True,2019-01-14 11:31:00,58.672,"<div class=""MessageStreamView__body___2giLh""><div><span><a data-event=""click"" data-for=""cashTag"" data-tip=""C"" href=""/symbol/C"" id=""C-150556863-1748"">$C</a></span> new hod coming</div></div>"
Tradeworx,True,2019-01-14 11:03:00,58.477,"<div class=""MessageStreamView__body___2giLh""><div><span><a data-event=""click"" data-for=""cashTag"" data-tip=""SPY"" href=""/symbol/SPY"" id=""SPY-150552403-1793"">$SPY</a></span> bears are straight up shook ones after <span><a data-event=""click"" data-for=""cashTag"" data-tip=""C"" href=""/symbol/C"" id=""C-150552403-1794"">$C</a></span> reported earnings</div></div>"
Roth_Trader,False,2019-01-14 10:53:00,58.354,"<div class=""MessageStreamView__body___2giLh""><div><span><a data-event=""click"" data-for=""cashTag"" data-tip=""C"" href=""/symbol/C"" id=""C-150550682-1811"">$C</a></span>  Listening to CC and hearing ""tranches"" and ""CDOs"" and the like, I think the movie The Big Short.  I can't help it.  LOL</div></div>"
esrouter,True,2019-01-14 10:50:00,58.438,"<div class=""MessageStreamView__body___2giLh""><div><span><a data-event=""click"" data-for=""cashTag"" data-tip=""C"" href=""/symbol/C"" id=""C-150550215-1814"">$C</a></span> Moving back to the 60s</div></div>"
Roth_Trader,False,2019-01-14 10:50:00,58.438,"<div class=""MessageStreamView__body___2giLh""><div><span><a data-event=""click"" data-for=""cashTag"" data-tip=""C"" href=""/symbol/C"" id=""C-150550176-1820"">$C</a></span>  In early 2008, the banks were saying the. exact. same. thing.

""The economy is strong and we don't see any underlying weaknesses.""</div></div>"
Roth_Trader,False,2019-01-14 10:46:00,58.564,"<div class=""MessageStreamView__body___2giLh""><div><span><a data-event=""click"" data-for=""cashTag"" data-tip=""C"" href=""/symbol/C"" id=""C-150549561-1826"">$C</a></span> </div></div>"
ironwill21,True,2019-01-14 10:46:00,58.564,"<div class=""MessageStreamView__body___2giLh""><div><span><a data-event=""click"" data-for=""cashTag"" data-tip=""NFLX"" href=""/symbol/NFLX"" id=""NFLX-150549552-1829"">$NFLX</a></span> moving on up.  <span><a data-event=""click"" data-for=""cashTag"" data-tip=""C"" href=""/symbol/C"" id=""C-150549552-1830"">$C</a></span> proved the economy is strong.  Their revenue miss was based on currency and fixed income.</div></div>"
buyside420,False,2019-01-14 10:45:00,58.668,"<div class=""MessageStreamView__body___2giLh""><div><span><a data-event=""click"" data-for=""cashTag"" data-tip=""C"" href=""/symbol/C"" id=""C-150549328-1833"">$C</a></span> when is the cc</div></div>"
StockBuckss,True,2019-01-14 10:41:00,58.58,"<div class=""MessageStreamView__body___2giLh""><div><span><a data-event=""click"" data-for=""cashTag"" data-tip=""NFLX"" href=""/symbol/NFLX"" id=""NFLX-150548763-1843"">$NFLX</a></span> oil <span><a data-event=""click"" data-for=""cashTag"" data-tip=""C"" href=""/symbol/C"" id=""C-150548763-1844"">$C</a></span> <span><a data-event=""click"" data-for=""cashTag"" data-tip=""SPOT"" href=""/symbol/SPOT"" id=""SPOT-150548763-1845"">$SPOT</a></span> <span><a data-event=""click"" data-for=""cashTag"" data-tip=""ROKU"" href=""/symbol/ROKU"" id=""ROKU-150548763-1846"">$ROKU</a></span> Green Green Green</div></div>"
JustBenny,True,2019-01-14 10:38:00,58.63,"<div class=""MessageStreamView__body___2giLh""><div><span><a data-event=""click"" data-for=""cashTag"" data-tip=""C"" href=""/symbol/C"" id=""C-150548107-1858"">$C</a></span> DAMN!!! Shoulda load up on da dip dis morning!!!!</div></div>"
Tradeworx,True,2019-01-14 10:36:00,58.589,"<div class=""MessageStreamView__body___2giLh""><div><span><a data-event=""click"" data-for=""cashTag"" data-tip=""SPY"" href=""/symbol/SPY"" id=""SPY-150547799-1873"">$SPY</a></span> <span><a data-event=""click"" data-for=""cashTag"" data-tip=""C"" href=""/symbol/C"" id=""C-150547799-1874"">$C</a></span> kicking some as@ huh bears? <span><a data-event=""click"" data-for=""cashTag"" data-tip=""XLF"" href=""/symbol/XLF"" id=""XLF-150547799-1875"">$XLF</a></span></div></div>"
Roth_Trader,False,2019-01-14 10:34:00,58.465,"<div class=""MessageStreamView__body___2giLh""><div><span><a data-event=""click"" data-for=""cashTag"" data-tip=""C"" href=""/symbol/C"" id=""C-150547520-1883"">$C</a></span>  STFR</div></div>"
esrouter,True,2019-01-14 10:34:00,58.465,"<div class=""MessageStreamView__body___2giLh""><div><span><a data-event=""click"" data-for=""cashTag"" data-tip=""C"" href=""/symbol/C"" id=""C-150547408-1886"">$C</a></span> Will break 60's with other bank earnings this week.</div></div>"
JMSinvest,True,2019-01-14 10:33:00,58.466,"<div class=""MessageStreamView__body___2giLh""><div><span><a data-event=""click"" data-for=""cashTag"" data-tip=""C"" href=""/symbol/C"" id=""C-150547331-1893"">$C</a></span> bull put credit spread closed for profit, nice start to the week</div></div>"
parbatj,True,2019-01-14 10:32:00,58.432,"<div class=""MessageStreamView__body___2giLh""><div><span><a data-event=""click"" data-for=""cashTag"" data-tip=""C"" href=""/symbol/C"" id=""C-150547169-1902"">$C</a></span> always bullish on banks! 🔥</div></div>"
WhizCheck6,False,2019-01-14 10:28:00,58.176,"<div class=""MessageStreamView__body___2giLh""><div>[MMO] And We're Off! With a <span><a data-event=""click"" data-for=""cashTag"" data-tip=""C"" href=""/symbol/C"" id=""C-150546580-1925"">$C</a></span> Citi Thud, China Trade Implosion <span><a data-event=""click"" data-for=""cashTag"" data-tip=""FXI"" href=""/symbol/FXI"" id=""FXI-150546580-1926"">$FXI</a></span>, B-2s to HI <span><a data-event=""click"" data-for=""cashTag"" data-tip=""SDS"" href=""/symbol/SDS"" id=""SDS-150546580-1927"">$SDS</a></span> <span><a data-event=""click"" data-for=""cashTag"" data-tip=""VXX"" href=""/symbol/VXX"" id=""VXX-150546580-1928"">$VXX</a></span> <span><a data-event=""click"" data-for=""cashTag"" data-tip=""VIX"" href=""/symbol/VIX"" id=""VIX-150546580-1929"">$VIX</a></span> <span><a data-event=""click"" data-for=""cashTag"" data-tip=""SPX"" href=""/symbol/SPX"" id=""SPX-150546580-1930"">$SPX</a></span> <span><a data-event=""click"" data-for=""cashTag"" data-tip=""SPY"" href=""/symbol/SPY"" id=""SPY-150546580-1931"">$SPY</a></span> <a data-event=""click"" href=""https://youtu.be/ddBxBiqYdYU"" rel=""noopener nofollow"" target=""_blank"">youtube.com/watch?v=ddBxBiq...</a></div></div>"
esrouter,True,2019-01-14 10:21:00,58.096,"<div class=""MessageStreamView__body___2giLh""><div><span><a data-event=""click"" data-for=""cashTag"" data-tip=""C"" href=""/symbol/C"" id=""C-150545461-1954"">$C</a></span> Shorts are fried. Cash rich companies and value is king.</div></div>"
OptionsPlay,True,2019-01-14 10:18:00,58.29,"<div class=""MessageStreamView__body___2giLh""><div><span><a data-event=""click"" data-for=""cashTag"" data-tip=""C"" href=""/symbol/C"" id=""C-150544977-1967"">$C</a></span> Despite missing quarterly revenue target, <span><a data-event=""click"" data-for=""cashTag"" data-tip=""C"" href=""/symbol/C"" id=""C-150544977-1968"">$C</a></span> still up 3.3% so far. Visit our platform for <span><a data-event=""click"" data-for=""cashTag"" data-tip=""C"" href=""/symbol/C"" id=""C-150544977-1969"">$C</a></span> trading ideas <a data-event=""click"" href=""https://app.optionsplay.com/#share/5c3ca7e72ea8928260e84cc5"" rel=""noopener nofollow"" target=""_blank"">app.optionsplay.com/</a></div></div>"
Lazio1982,True,2019-01-14 10:11:00,58.437,"<div class=""MessageStreamView__body___2giLh""><div><span><a data-event=""click"" data-for=""cashTag"" data-tip=""C"" href=""/symbol/C"" id=""C-150543810-2026"">$C</a></span> <span><a data-event=""click"" data-for=""cashTag"" data-tip=""COF"" href=""/symbol/COF"" id=""COF-150543810-2027"">$COF</a></span> <span><a data-event=""click"" data-for=""cashTag"" data-tip=""RF"" href=""/symbol/RF"" id=""RF-150543810-2028"">$RF</a></span> <span><a data-event=""click"" data-for=""cashTag"" data-tip=""V"" href=""/symbol/V"" id=""V-150543810-2029"">$V</a></span> About time Citi gets a call. Tremendous value there</div></div>"
moenychaser,True,2019-01-14 10:11:00,58.437,"<div class=""MessageStreamView__body___2giLh""><div><span><a data-event=""click"" data-for=""cashTag"" data-tip=""C"" href=""/symbol/C"" id=""C-150543754-2035"">$C</a></span> I hate banks but this just made me a fortune 🤑🤑🤑🤣</div></div>"
jeb623,True,2019-01-14 10:10:00,58.393,"<div class=""MessageStreamView__body___2giLh""><div><span><a data-event=""click"" data-for=""cashTag"" data-tip=""C"" href=""/symbol/C"" id=""C-150543528-2047"">$C</a></span> 6% day coming?</div></div>"
DollarHuAkbar,True,2019-01-14 10:08:00,58.228,"<div class=""MessageStreamView__body___2giLh""><div>MM Cramer Analysts lost money 2018 <span><a data-event=""click"" data-for=""cashTag"" data-tip=""C"" href=""/symbol/C"" id=""C-150543075-2056"">$C</a></span> <span><a data-event=""click"" data-for=""cashTag"" data-tip=""XLK"" href=""/symbol/XLK"" id=""XLK-150543075-2057"">$XLK</a></span> NOT friends 2019 <span><a data-event=""click"" data-for=""cashTag"" data-tip=""AMZN"" href=""/symbol/AMZN"" id=""AMZN-150543075-2058"">$AMZN</a></span> <span><a data-event=""click"" data-for=""cashTag"" data-tip=""FB"" href=""/symbol/FB"" id=""FB-150543075-2059"">$FB</a></span> <span><a data-event=""click"" data-for=""cashTag"" data-tip=""NFLX"" href=""/symbol/NFLX"" id=""NFLX-150543075-2060"">$NFLX</a></span> <span><a data-event=""click"" data-for=""cashTag"" data-tip=""GOOGL"" href=""/symbol/GOOGL"" id=""GOOGL-150543075-2061"">$GOOGL</a></span> <span><a data-event=""click"" data-for=""cashTag"" data-tip=""AAPL"" href=""/symbol/AAPL"" id=""AAPL-150543075-2062"">$AAPL</a></span> <span><a data-event=""click"" data-for=""cashTag"" data-tip=""TSLA"" href=""/symbol/TSLA"" id=""TSLA-150543075-2063"">$TSLA</a></span> <span><a data-event=""click"" data-for=""cashTag"" data-tip=""AAPL"" href=""/symbol/AAPL"" id=""AAPL-150543075-2064"">$AAPL</a></span> <span><a data-event=""click"" data-for=""cashTag"" data-tip=""SPY"" href=""/symbol/SPY"" id=""SPY-150543075-2065"">$SPY</a></span> <span><a data-event=""click"" data-for=""cashTag"" data-tip=""DIA"" href=""/symbol/DIA"" id=""DIA-150543075-2066"">$DIA</a></span> <span><a data-event=""click"" data-for=""cashTag"" data-tip=""QQQ"" href=""/symbol/QQQ"" id=""QQQ-150543075-2067"">$QQQ</a></span> <span><a data-event=""click"" data-for=""cashTag"" data-tip=""MSFT"" href=""/symbol/MSFT"" id=""MSFT-150543075-2068"">$MSFT</a></span> SELL rip working</div></div>"
jeb623,True,2019-01-14 10:07:00,58.128,"<div class=""MessageStreamView__body___2giLh""><div><span><a data-event=""click"" data-for=""cashTag"" data-tip=""C"" href=""/symbol/C"" id=""C-150542893-2080"">$C</a></span> feb 15, $65 calls still in play</div></div>"
StockBuckss,True,2019-01-14 10:06:00,58,"<div class=""MessageStreamView__body___2giLh""><div><span><a data-event=""click"" data-for=""cashTag"" data-tip=""NFLX"" href=""/symbol/NFLX"" id=""NFLX-150542752-2090"">$NFLX</a></span> Look at <span><a data-event=""click"" data-for=""cashTag"" data-tip=""C"" href=""/symbol/C"" id=""C-150542752-2091"">$C</a></span> Up Up Up , Soon this will Too</div></div>"
JMSinvest,True,2019-01-14 10:03:00,57.876,"<div class=""MessageStreamView__body___2giLh""><div><span><a data-event=""click"" data-for=""cashTag"" data-tip=""C"" href=""/symbol/C"" id=""C-150542324-2109"">$C</a></span> call debit spread closed for profit</div></div>"
PittsburghTrader,True,2019-01-14 10:02:00,57.775,"<div class=""MessageStreamView__body___2giLh""><div><span><a data-event=""click"" data-for=""cashTag"" data-tip=""C"" href=""/symbol/C"" id=""C-150542164-2118"">$C</a></span> well...reacting pretty well to mixed eps...</div></div>"
samchak,False,2019-01-14 10:02:00,57.775,"<div class=""MessageStreamView__body___2giLh""><div><span><a data-event=""click"" data-for=""cashTag"" data-tip=""C"" href=""/symbol/C"" id=""C-150542154-2121"">$C</a></span> give it time</div></div>"
FlynancialAnalyst,True,2019-01-14 10:02:00,57.775,"<div class=""MessageStreamView__body___2giLh""><div><span><a data-event=""click"" data-for=""cashTag"" data-tip=""XLF"" href=""/symbol/XLF"" id=""XLF-150541999-2132"">$XLF</a></span> Banks multiple daily closes at highs provides good support here for long 

<span><a data-event=""click"" data-for=""cashTag"" data-tip=""FAS"" href=""/symbol/FAS"" id=""FAS-150541999-2133"">$FAS</a></span> <span><a data-event=""click"" data-for=""cashTag"" data-tip=""KRE"" href=""/symbol/KRE"" id=""KRE-150541999-2134"">$KRE</a></span> <span><a data-event=""click"" data-for=""cashTag"" data-tip=""C"" href=""/symbol/C"" id=""C-150541999-2135"">$C</a></span> <span><a data-event=""click"" data-for=""cashTag"" data-tip=""BAC"" href=""/symbol/BAC"" id=""BAC-150541999-2136"">$BAC</a></span></div></div>"
Bitcoin_Guru,False,2019-01-14 09:58:00,57.817,"<div class=""MessageStreamView__body___2giLh""><div><span><a data-event=""click"" data-for=""cashTag"" data-tip=""C"" href=""/symbol/C"" id=""C-150541463-2153"">$C</a></span> be patient</div></div>"
v3tuz,False,2019-01-14 09:55:00,57.745,"<div class=""MessageStreamView__body___2giLh""><div><span><a data-event=""click"" data-for=""cashTag"" data-tip=""C"" href=""/symbol/C"" id=""C-150540891-2170"">$C</a></span> pump it, when this all over it will be below 50</div></div>"
ATMcharts,True,2019-01-14 09:55:00,57.745,"<div class=""MessageStreamView__body___2giLh""><div><span><a data-event=""click"" data-for=""cashTag"" data-tip=""C"" href=""/symbol/C"" id=""C-150540784-2180"">$C</a></span> earnings were so bad it's...green?</div></div>"
ApexFreak,True,2019-01-14 09:54:00,57.639,"<div class=""MessageStreamView__body___2giLh""><div><span><a data-event=""click"" data-for=""cashTag"" data-tip=""C"" href=""/symbol/C"" id=""C-150540662-2183"">$C</a></span> <span><a data-event=""click"" data-for=""cashTag"" data-tip=""BAC"" href=""/symbol/BAC"" id=""BAC-150540662-2184"">$BAC</a></span> <span><a data-event=""click"" data-for=""cashTag"" data-tip=""JPM"" href=""/symbol/JPM"" id=""JPM-150540662-2185"">$JPM</a></span> <span><a data-event=""click"" data-for=""cashTag"" data-tip=""WFC"" href=""/symbol/WFC"" id=""WFC-150540662-2186"">$WFC</a></span> big banks bucking the red markets 👍</div></div>"
v3tuz,False,2019-01-14 09:53:00,57.718,"<div class=""MessageStreamView__body___2giLh""><div><span><a data-event=""click"" data-for=""cashTag"" data-tip=""C"" href=""/symbol/C"" id=""C-150540440-2192"">$C</a></span> due for a drop soon</div></div>"
_WALDO,False,2019-01-14 09:52:00,57.632,"<div class=""MessageStreamView__body___2giLh""><div><span><a data-event=""click"" data-for=""cashTag"" data-tip=""SPY"" href=""/symbol/SPY"" id=""SPY-150540245-2195"">$SPY</a></span> even with <span><a data-event=""click"" data-for=""cashTag"" data-tip=""C"" href=""/symbol/C"" id=""C-150540245-2196"">$C</a></span> fixed income trading, investors are optimistic for other financial stocks. Just drop it already!</div></div>"
MWM,True,2019-01-14 09:50:00,57.364,"<div class=""MessageStreamView__body___2giLh""><div><span><a data-event=""click"" data-for=""cashTag"" data-tip=""GE"" href=""/symbol/GE"" id=""GE-150539936-2206"">$GE</a></span> I loaded $9.50 calls for .04. Looks like <span><a data-event=""click"" data-for=""cashTag"" data-tip=""XLF"" href=""/symbol/XLF"" id=""XLF-150539936-2207"">$XLF</a></span> <span><a data-event=""click"" data-for=""cashTag"" data-tip=""BAC"" href=""/symbol/BAC"" id=""BAC-150539936-2208"">$BAC</a></span> <span><a data-event=""click"" data-for=""cashTag"" data-tip=""C"" href=""/symbol/C"" id=""C-150539936-2209"">$C</a></span> Financials are going to do well this week. Load <span><a data-event=""click"" data-for=""cashTag"" data-tip=""GE"" href=""/symbol/GE"" id=""GE-150539936-2210"">$GE</a></span>!</div></div>"
SPG565,True,2019-01-14 09:48:00,57.304,"<div class=""MessageStreamView__body___2giLh""><div><span><a data-event=""click"" data-for=""cashTag"" data-tip=""C"" href=""/symbol/C"" id=""C-150539582-2216"">$C</a></span> What did I say. 👍😎</div></div>"
BigMooch,True,2019-01-14 09:47:00,57.34,"<div class=""MessageStreamView__body___2giLh""><div><span><a data-event=""click"" data-for=""cashTag"" data-tip=""C"" href=""/symbol/C"" id=""C-150539474-2219"">$C</a></span> sweet!</div></div>"
garyseeseverything,True,2019-01-14 09:47:00,57.34,"<div class=""MessageStreamView__body___2giLh""><div><span><a data-event=""click"" data-for=""cashTag"" data-tip=""C"" href=""/symbol/C"" id=""C-150539344-2229"">$C</a></span> shorts are stressing out here.</div></div>"
marti837,True,2019-01-14 09:45:00,57.302,"<div class=""MessageStreamView__body___2giLh""><div><span><a data-event=""click"" data-for=""cashTag"" data-tip=""C"" href=""/symbol/C"" id=""C-150539118-2236"">$C</a></span></div></div>"
Roth_Trader,False,2019-01-14 09:43:00,57.184,"<div class=""MessageStreamView__body___2giLh""><div><span><a data-event=""click"" data-for=""cashTag"" data-tip=""C"" href=""/symbol/C"" id=""C-150538726-2239"">$C</a></span> </div></div>"
FullyProfitable,True,2019-01-14 09:41:00,57.38,"<div class=""MessageStreamView__body___2giLh""><div><span><a data-event=""click"" data-for=""cashTag"" data-tip=""C"" href=""/symbol/C"" id=""C-150538337-2242"">$C</a></span> WS making a storm in a cup of tea as usual. Just <a data-event=""click"" href=""/topic/btd"">#btd</a> Ultra cheap on valuation. <a data-event=""click"" href=""/topic/stocks"">#stocks</a> <a data-event=""click"" href=""/topic/earnings"">#earnings</a> <a data-event=""click"" href=""/topic/markets"">#markets</a> <span><a data-event=""click"" data-for=""cashTag"" data-tip=""SPY"" href=""/symbol/SPY"" id=""SPY-150538337-2243"">$SPY</a></span> <span><a data-event=""click"" data-for=""cashTag"" data-tip=""XLF"" href=""/symbol/XLF"" id=""XLF-150538337-2244"">$XLF</a></span></div></div>"
esrouter,True,2019-01-14 09:37:00,57.011,"<div class=""MessageStreamView__body___2giLh""><div><span><a data-event=""click"" data-for=""cashTag"" data-tip=""C"" href=""/symbol/C"" id=""C-150537808-2255"">$C</a></span> Going to double over the course of a year.</div></div>"
iSwag,False,2019-01-14 09:30:00,56.019,"<div class=""MessageStreamView__body___2giLh""><div><span><a data-event=""click"" data-for=""cashTag"" data-tip=""NFLX"" href=""/symbol/NFLX"" id=""NFLX-150536746-2281"">$NFLX</a></span> So BTD traders coming into this in 3...2...1....<span><a data-event=""click"" data-for=""cashTag"" data-tip=""C"" href=""/symbol/C"" id=""C-150536746-2282"">$C</a></span> prelude to what’s to come for banks? <span><a data-event=""click"" data-for=""cashTag"" data-tip=""SPY"" href=""/symbol/SPY"" id=""SPY-150536746-2283"">$SPY</a></span> <span><a data-event=""click"" data-for=""cashTag"" data-tip=""QQQ"" href=""/symbol/QQQ"" id=""QQQ-150536746-2284"">$QQQ</a></span> 12 day bear flag expired <span><a data-event=""click"" data-for=""cashTag"" data-tip=""TVIX"" href=""/symbol/TVIX"" id=""TVIX-150536746-2285"">$TVIX</a></span> <span><a data-event=""click"" data-for=""cashTag"" data-tip=""UVXY"" href=""/symbol/UVXY"" id=""UVXY-150536746-2286"">$UVXY</a></span></div></div>"
