GOLDFINGER5,True,2019-01-14 15:59:00,0.8997,"<div class=""MessageStreamView__body___2giLh""><div><span><a data-event=""click"" data-for=""cashTag"" data-tip=""CEI"" href=""/symbol/CEI"" id=""CEI-150597565-2799"">$CEI</a></span> watch</div></div>"
Stockbuyout,True,2019-01-14 15:57:00,0.8866,"<div class=""MessageStreamView__body___2giLh""><div><span><a data-event=""click"" data-for=""cashTag"" data-tip=""CEI"" href=""/symbol/CEI"" id=""CEI-150597233-2805"">$CEI</a></span> brought 10,000 shares!!! I am ready</div></div>"
onassis,True,2019-01-14 15:57:00,0.8866,"<div class=""MessageStreamView__body___2giLh""><div><span><a data-event=""click"" data-for=""cashTag"" data-tip=""CEI"" href=""/symbol/CEI"" id=""CEI-150597140-2808"">$CEI</a></span> long!</div></div>"
mozkul82,False,2019-01-14 15:54:00,0.888,"<div class=""MessageStreamView__body___2giLh""><div><span><a data-event=""click"" data-for=""cashTag"" data-tip=""CEI"" href=""/symbol/CEI"" id=""CEI-150596749-2811"">$CEI</a></span> Dilute, then stop a little so people think it will go up!  Then dump again!  Not buying until i hear news! Fuck it!</div></div>"
Angieonstock,True,2019-01-14 15:51:00,0.8885,"<div class=""MessageStreamView__body___2giLh""><div><span><a data-event=""click"" data-for=""cashTag"" data-tip=""CEI"" href=""/symbol/CEI"" id=""CEI-150596081-2814"">$CEI</a></span> this definitely will go over $1 , if nobody sell at this low price. IMO</div></div>"
SharkMoneyinc,False,2019-01-14 15:43:00,0.8748,"<div class=""MessageStreamView__body___2giLh""><div><span><a data-event=""click"" data-for=""cashTag"" data-tip=""CEI"" href=""/symbol/CEI"" id=""CEI-150594656-2842"">$CEI</a></span></div></div>"
SmallTymer,True,2019-01-14 15:40:00,0.8725,"<div class=""MessageStreamView__body___2giLh""><div><span><a data-event=""click"" data-for=""cashTag"" data-tip=""CEI"" href=""/symbol/CEI"" id=""CEI-150594110-2845"">$CEI</a></span> guess I'll be going down with the ship</div></div>"
steveissuperman,False,2019-01-14 15:35:00,0.8741,"<div class=""MessageStreamView__body___2giLh""><div><span><a data-event=""click"" data-for=""cashTag"" data-tip=""CEI"" href=""/symbol/CEI"" id=""CEI-150593401-2857"">$CEI</a></span> imagine buying at 1.07 last week thinking THAT was the dip... pretty much the story of this stock for the past several years</div></div>"
rickdiculous81789,True,2019-01-14 15:28:00,0.8742,"<div class=""MessageStreamView__body___2giLh""><div><span><a data-event=""click"" data-for=""cashTag"" data-tip=""CEI"" href=""/symbol/CEI"" id=""CEI-150592216-2875"">$CEI</a></span> added some at .88 for a possible swing, still not comfortable with this scam co but risk/reward</div></div>"
SonOfANutcracker,True,2019-01-14 15:26:00,0.875,"<div class=""MessageStreamView__body___2giLh""><div><span><a data-event=""click"" data-for=""cashTag"" data-tip=""CEI"" href=""/symbol/CEI"" id=""CEI-150591844-2881"">$CEI</a></span> Logically, we should see a positive PR AH or PM</div></div>"
swati2,True,2019-01-14 15:21:00,0.875,"<div class=""MessageStreamView__body___2giLh""><div><span><a data-event=""click"" data-for=""cashTag"" data-tip=""CEI"" href=""/symbol/CEI"" id=""CEI-150591033-2884"">$CEI</a></span> hope we get some news tomorrow on well</div></div>"
Titans18,False,2019-01-14 15:00:00,0.882,"<div class=""MessageStreamView__body___2giLh""><div><span><a data-event=""click"" data-for=""cashTag"" data-tip=""CEI"" href=""/symbol/CEI"" id=""CEI-150587603-2912"">$CEI</a></span> first clue the company is crap is why purchase any leases out of Texas when you have the Eagle Ford Shale and the Permian Basin?</div></div>"
BullishDaddyDrake,True,2019-01-14 14:54:00,0.885,"<div class=""MessageStreamView__body___2giLh""><div><span><a data-event=""click"" data-for=""cashTag"" data-tip=""MBOT"" href=""/symbol/MBOT"" id=""MBOT-150586591-2921"">$MBOT</a></span> <span><a data-event=""click"" data-for=""cashTag"" data-tip=""DPW"" href=""/symbol/DPW"" id=""DPW-150586591-2922"">$DPW</a></span> <span><a data-event=""click"" data-for=""cashTag"" data-tip=""TLRY"" href=""/symbol/TLRY"" id=""TLRY-150586591-2923"">$TLRY</a></span> <span><a data-event=""click"" data-for=""cashTag"" data-tip=""CEI"" href=""/symbol/CEI"" id=""CEI-150586591-2924"">$CEI</a></span> <span><a data-event=""click"" data-for=""cashTag"" data-tip=""NBEV"" href=""/symbol/NBEV"" id=""NBEV-150586591-2925"">$NBEV</a></span> <span><a data-event=""click"" data-for=""cashTag"" data-tip=""INPX"" href=""/symbol/INPX"" id=""INPX-150586591-2926"">$INPX</a></span> <span><a data-event=""click"" data-for=""cashTag"" data-tip=""MNGA"" href=""/symbol/MNGA"" id=""MNGA-150586591-2927"">$MNGA</a></span> <span><a data-event=""click"" data-for=""cashTag"" data-tip=""AGRX"" href=""/symbol/AGRX"" id=""AGRX-150586591-2928"">$AGRX</a></span> <span><a data-event=""click"" data-for=""cashTag"" data-tip=""VTVT"" href=""/symbol/VTVT"" id=""VTVT-150586591-2929"">$VTVT</a></span> Come to <span><a data-event=""click"" data-for=""cashTag"" data-tip=""SAEX"" href=""/symbol/SAEX"" id=""SAEX-150586591-2930"">$SAEX</a></span> it’s going to 10$ soon</div></div>"
AllIn15,True,2019-01-14 14:53:00,0.8847,"<div class=""MessageStreamView__body___2giLh""><div><span><a data-event=""click"" data-for=""cashTag"" data-tip=""CEI"" href=""/symbol/CEI"" id=""CEI-150586398-2933"">$CEI</a></span> still sometime to recover losses at <span><a data-event=""click"" data-for=""cashTag"" data-tip=""MNGA"" href=""/symbol/MNGA"" id=""MNGA-150586398-2934"">$MNGA</a></span>, last time i made +100%. Investor just bought in, I'm expecting positive PR soon.</div></div>"
PH_trader,False,2019-01-14 14:49:00,0.8804,"<div class=""MessageStreamView__body___2giLh""><div><span><a data-event=""click"" data-for=""cashTag"" data-tip=""CEI"" href=""/symbol/CEI"" id=""CEI-150585750-2946"">$CEI</a></span> Sad this is going back to 15 cents again</div></div>"
Mjtrades99,True,2019-01-14 14:49:00,0.8804,"<div class=""MessageStreamView__body___2giLh""><div><span><a data-event=""click"" data-for=""cashTag"" data-tip=""CEI"" href=""/symbol/CEI"" id=""CEI-150585728-2949"">$CEI</a></span> Seems all the emotional money is almost sold. Now the big boys can play!</div></div>"
Mjtrades99,True,2019-01-14 14:46:00,0.8788,"<div class=""MessageStreamView__body___2giLh""><div><span><a data-event=""click"" data-for=""cashTag"" data-tip=""CEI"" href=""/symbol/CEI"" id=""CEI-150585408-2955"">$CEI</a></span> this is going to go up. That was scared hands terrified of this joke of an investigation.</div></div>"
happs23,False,2019-01-14 14:42:00,0.8783,"<div class=""MessageStreamView__body___2giLh""><div><span><a data-event=""click"" data-for=""cashTag"" data-tip=""CEI"" href=""/symbol/CEI"" id=""CEI-150584715-2967"">$CEI</a></span> buy buy buy!</div></div>"
Longbuy,False,2019-01-14 14:37:00,0.8827,"<div class=""MessageStreamView__body___2giLh""><div><span><a data-event=""click"" data-for=""cashTag"" data-tip=""CEI"" href=""/symbol/CEI"" id=""CEI-150584019-2983"">$CEI</a></span> DGF must be diluting like crazy before the investigations start</div></div>"
AllIn15,True,2019-01-14 14:36:00,0.8781,"<div class=""MessageStreamView__body___2giLh""><div><span><a data-event=""click"" data-for=""cashTag"" data-tip=""CEI"" href=""/symbol/CEI"" id=""CEI-150583866-2986"">$CEI</a></span> i tend to just block bashing bears that state no facts.... acquisition is still on the table</div></div>"
sean1967,True,2019-01-14 14:34:00,0.8777,"<div class=""MessageStreamView__body___2giLh""><div><span><a data-event=""click"" data-for=""cashTag"" data-tip=""CEI"" href=""/symbol/CEI"" id=""CEI-150583651-2989"">$CEI</a></span> I miss James analysis here!!!</div></div>"
zsam17,False,2019-01-14 14:32:00,0.8764,"<div class=""MessageStreamView__body___2giLh""><div><span><a data-event=""click"" data-for=""cashTag"" data-tip=""CEI"" href=""/symbol/CEI"" id=""CEI-150583372-2995"">$CEI</a></span> get out of this scam while you can.</div></div>"
Mjtrades99,True,2019-01-14 14:32:00,0.8764,"<div class=""MessageStreamView__body___2giLh""><div><span><a data-event=""click"" data-for=""cashTag"" data-tip=""CEI"" href=""/symbol/CEI"" id=""CEI-150583323-2998"">$CEI</a></span> buyouts happening tomorrow! Had to bring down the price with this laughable fiduciary investigation.</div></div>"
LEOJOZS,True,2019-01-14 14:31:00,0.8771,"<div class=""MessageStreamView__body___2giLh""><div><span><a data-event=""click"" data-for=""cashTag"" data-tip=""CEI"" href=""/symbol/CEI"" id=""CEI-150583222-3004"">$CEI</a></span> Whats the RSI?  Man this may be the dip or it may be the shit. Does that make me a Dipshit if I jump in Now?🤭💩</div></div>"
HonchoGainz,False,2019-01-14 14:27:00,0.8741,"<div class=""MessageStreamView__body___2giLh""><div><span><a data-event=""click"" data-for=""cashTag"" data-tip=""CEI"" href=""/symbol/CEI"" id=""CEI-150582635-3019"">$CEI</a></span> Some bulls are still bag holding from before the RS. Sad... RIP</div></div>"
Bonilegend,False,2019-01-14 14:25:00,0.8732,"<div class=""MessageStreamView__body___2giLh""><div><span><a data-event=""click"" data-for=""cashTag"" data-tip=""CEI"" href=""/symbol/CEI"" id=""CEI-150582286-3025"">$CEI</a></span> Where did all the pumpers go?</div></div>"
NeilSaintJean,False,2019-01-14 14:21:00,0.8726,"<div class=""MessageStreamView__body___2giLh""><div><span><a data-event=""click"" data-for=""cashTag"" data-tip=""CEI"" href=""/symbol/CEI"" id=""CEI-150581674-3031"">$CEI</a></span> The bulls here are acting like Jim Jones. Bring them masses to slaughter, while the bears have been trying to warn you! 

Jim Jones</div></div>"
sean1967,True,2019-01-14 14:17:00,0.8731,"<div class=""MessageStreamView__body___2giLh""><div><span><a data-event=""click"" data-for=""cashTag"" data-tip=""CEI"" href=""/symbol/CEI"" id=""CEI-150581171-3037"">$CEI</a></span> Does anyone know the real market cap here now</div></div>"
NeilSaintJean,False,2019-01-14 14:16:00,0.873,"<div class=""MessageStreamView__body___2giLh""><div><span><a data-event=""click"" data-for=""cashTag"" data-tip=""CEI"" href=""/symbol/CEI"" id=""CEI-150581057-3040"">$CEI</a></span> ""Oh this is a bullish stock!""

""It will be $4 soon""

""It's debt-free!!!!! One of the best companies.""

LMFAO sad sad sad</div></div>"
jsp4423,True,2019-01-14 14:16:00,0.873,"<div class=""MessageStreamView__body___2giLh""><div><span><a data-event=""click"" data-for=""cashTag"" data-tip=""CEI"" href=""/symbol/CEI"" id=""CEI-150580955-3046"">$CEI</a></span> oil is down little and this hit 52 week low today. Market is higher and this is lower.  Bounce coming this week</div></div>"
Chemocles,True,2019-01-14 14:14:00,0.8791,"<div class=""MessageStreamView__body___2giLh""><div><span><a data-event=""click"" data-for=""cashTag"" data-tip=""CEI"" href=""/symbol/CEI"" id=""CEI-150580702-3052"">$CEI</a></span> in for the giggles at .8808</div></div>"
sean1967,True,2019-01-14 14:09:00,0.8801,"<div class=""MessageStreamView__body___2giLh""><div><span><a data-event=""click"" data-for=""cashTag"" data-tip=""CEI"" href=""/symbol/CEI"" id=""CEI-150579943-3075"">$CEI</a></span> Still waiting to all more and for my order to be filled $$$</div></div>"
craig8320,True,2019-01-14 14:07:00,0.8801,"<div class=""MessageStreamView__body___2giLh""><div><span><a data-event=""click"" data-for=""cashTag"" data-tip=""CEI"" href=""/symbol/CEI"" id=""CEI-150579640-3081"">$CEI</a></span> not a loss till you sell , if you have the money to wait and the time there is always a shot !</div></div>"
moneymonster23,False,2019-01-14 14:07:00,0.8801,"<div class=""MessageStreamView__body___2giLh""><div><span><a data-event=""click"" data-for=""cashTag"" data-tip=""CEI"" href=""/symbol/CEI"" id=""CEI-150579606-3084"">$CEI</a></span></div></div>"
sean1967,True,2019-01-14 14:04:00,0.8801,"<div class=""MessageStreamView__body___2giLh""><div><span><a data-event=""click"" data-for=""cashTag"" data-tip=""CEI"" href=""/symbol/CEI"" id=""CEI-150579126-3096"">$CEI</a></span> Last spiked happened right after <span><a data-event=""click"" data-for=""cashTag"" data-tip=""PED"" href=""/symbol/PED"" id=""PED-150579126-3097"">$PED</a></span> spiked  $$$$$</div></div>"
NeilSaintJean,False,2019-01-14 14:03:00,0.8801,"<div class=""MessageStreamView__body___2giLh""><div><span><a data-event=""click"" data-for=""cashTag"" data-tip=""CEI"" href=""/symbol/CEI"" id=""CEI-150579024-3106"">$CEI</a></span> WOW!!!!!!!!! I go on vacation and come back to this HAHAHAHAH LMAO</div></div>"
benjihomw,True,2019-01-14 14:01:00,0.8832,"<div class=""MessageStreamView__body___2giLh""><div><span><a data-event=""click"" data-for=""cashTag"" data-tip=""CEI"" href=""/symbol/CEI"" id=""CEI-150578761-3113"">$CEI</a></span> it is holding man. it is holding. we need to take out these bears at this point lmao</div></div>"
Trick2MoneyisHavingSum,True,2019-01-14 13:59:00,0.8852,"<div class=""MessageStreamView__body___2giLh""><div><span><a data-event=""click"" data-for=""cashTag"" data-tip=""CEI"" href=""/symbol/CEI"" id=""CEI-150578390-3122"">$CEI</a></span> shorts breakdown trgt .38/strong downtrend NOT sustainable! which will come 1st .38 or $5+ ?</div></div>"
sean1967,True,2019-01-14 13:58:00,0.8853,"<div class=""MessageStreamView__body___2giLh""><div><span><a data-event=""click"" data-for=""cashTag"" data-tip=""CEI"" href=""/symbol/CEI"" id=""CEI-150578280-3131"">$CEI</a></span> Will finish the day at $.96</div></div>"
steveissuperman,False,2019-01-14 13:54:00,0.8829,"<div class=""MessageStreamView__body___2giLh""><div><span><a data-event=""click"" data-for=""cashTag"" data-tip=""CEI"" href=""/symbol/CEI"" id=""CEI-150577591-3137"">$CEI</a></span> same thing as last year. Wait until it's under .20, then play the bounces. Although, with as fast as they've been diluting...</div></div>"
ronl2333,True,2019-01-14 13:54:00,0.8829,"<div class=""MessageStreamView__body___2giLh""><div><span><a data-event=""click"" data-for=""cashTag"" data-tip=""CEI"" href=""/symbol/CEI"" id=""CEI-150577522-3140"">$CEI</a></span> soon it will be back to its original price before the R/S WTF☺️</div></div>"
moneymarker20188,False,2019-01-14 13:53:00,0.8839,"<div class=""MessageStreamView__body___2giLh""><div><span><a data-event=""click"" data-for=""cashTag"" data-tip=""CEI"" href=""/symbol/CEI"" id=""CEI-150577412-3146"">$CEI</a></span> volume 3 millions</div></div>"
benjihomw,True,2019-01-14 13:48:00,0.8869,"<div class=""MessageStreamView__body___2giLh""><div><span><a data-event=""click"" data-for=""cashTag"" data-tip=""CEI"" href=""/symbol/CEI"" id=""CEI-150576616-3161"">$CEI</a></span> pumpers pumpers, keep pumping it</div></div>"
Trick2MoneyisHavingSum,True,2019-01-14 13:47:00,0.8853,"<div class=""MessageStreamView__body___2giLh""><div><span><a data-event=""click"" data-for=""cashTag"" data-tip=""CEI"" href=""/symbol/CEI"" id=""CEI-150576464-3164"">$CEI</a></span> remove all stop losses if scared go to church, the market is not for meek or sheep</div></div>"
benjihomw,True,2019-01-14 13:44:00,0.8905,"<div class=""MessageStreamView__body___2giLh""><div><span><a data-event=""click"" data-for=""cashTag"" data-tip=""CEI"" href=""/symbol/CEI"" id=""CEI-150576125-3176"">$CEI</a></span> god damn i was right. keep holding boys until a pumper goes in</div></div>"
TimmyTheBull,False,2019-01-14 13:44:00,0.8905,"<div class=""MessageStreamView__body___2giLh""><div><span><a data-event=""click"" data-for=""cashTag"" data-tip=""CEI"" href=""/symbol/CEI"" id=""CEI-150576074-3182"">$CEI</a></span> can’t believe this can happen in America, so corrupted, manipulated, so dirty and fking dark🖕🏻</div></div>"
jsp4423,True,2019-01-14 13:43:00,0.8839,"<div class=""MessageStreamView__body___2giLh""><div><span><a data-event=""click"" data-for=""cashTag"" data-tip=""CEI"" href=""/symbol/CEI"" id=""CEI-150575897-3188"">$CEI</a></span> bounce likely this week</div></div>"
jsp4423,True,2019-01-14 13:43:00,0.8839,"<div class=""MessageStreamView__body___2giLh""><div><span><a data-event=""click"" data-for=""cashTag"" data-tip=""CEI"" href=""/symbol/CEI"" id=""CEI-150575858-3191"">$CEI</a></span> added</div></div>"
MoStocksPls,True,2019-01-14 13:42:00,0.8826,"<div class=""MessageStreamView__body___2giLh""><div><span><a data-event=""click"" data-for=""cashTag"" data-tip=""CEI"" href=""/symbol/CEI"" id=""CEI-150575805-3197"">$CEI</a></span> .89 we flying boys, finna be filthy rich soon</div></div>"
Trick2MoneyisHavingSum,True,2019-01-14 13:42:00,0.8826,"<div class=""MessageStreamView__body___2giLh""><div><span><a data-event=""click"" data-for=""cashTag"" data-tip=""CEI"" href=""/symbol/CEI"" id=""CEI-150575787-3203"">$CEI</a></span> if dilution then its making you inbred shorts look genius*</div></div>"
Trick2MoneyisHavingSum,True,2019-01-14 13:41:00,0.8799,"<div class=""MessageStreamView__body___2giLh""><div><span><a data-event=""click"" data-for=""cashTag"" data-tip=""CEI"" href=""/symbol/CEI"" id=""CEI-150575559-3209"">$CEI</a></span> when <span><a data-event=""click"" data-for=""cashTag"" data-tip=""PED"" href=""/symbol/PED"" id=""PED-150575559-3210"">$PED</a></span> profits come over watch out! how low you shorts think? 2 cents? you can only make 100% or lose 400%</div></div>"
Takmau,True,2019-01-14 13:40:00,0.8747,"<div class=""MessageStreamView__body___2giLh""><div><span><a data-event=""click"" data-for=""cashTag"" data-tip=""AETI"" href=""/symbol/AETI"" id=""AETI-150575458-3216"">$AETI</a></span> from <span><a data-event=""click"" data-for=""cashTag"" data-tip=""MNGA"" href=""/symbol/MNGA"" id=""MNGA-150575458-3217"">$MNGA</a></span> <span><a data-event=""click"" data-for=""cashTag"" data-tip=""CEI"" href=""/symbol/CEI"" id=""CEI-150575458-3218"">$CEI</a></span> <span><a data-event=""click"" data-for=""cashTag"" data-tip=""TENX"" href=""/symbol/TENX"" id=""TENX-150575458-3219"">$TENX</a></span> <span><a data-event=""click"" data-for=""cashTag"" data-tip=""AMTX"" href=""/symbol/AMTX"" id=""AMTX-150575458-3220"">$AMTX</a></span> NOW ALL IN AETI 😍😍😍😍</div></div>"
ClimbthisD,False,2019-01-14 13:39:00,0.8731,"<div class=""MessageStreamView__body___2giLh""><div><span><a data-event=""click"" data-for=""cashTag"" data-tip=""CEI"" href=""/symbol/CEI"" id=""CEI-150575261-3229"">$CEI</a></span> garbage. Took my loss on friday. 🙏</div></div>"
Dman20200,False,2019-01-14 13:38:00,0.8731,"<div class=""MessageStreamView__body___2giLh""><div><span><a data-event=""click"" data-for=""cashTag"" data-tip=""CEI"" href=""/symbol/CEI"" id=""CEI-150575219-3235"">$CEI</a></span> it never could break that 1.30 I broke even that day and never touched it again ugly chart downtrend 📖👈🏽 <span><a data-event=""click"" data-for=""cashTag"" data-tip=""STUDY"" href=""/symbol/STUDY"" id=""STUDY-150575219-3236"">$STUDY</a></span></div></div>"
CGSasuke,True,2019-01-14 13:33:00,0.8734,"<div class=""MessageStreamView__body___2giLh""><div><span><a data-event=""click"" data-for=""cashTag"" data-tip=""CEI"" href=""/symbol/CEI"" id=""CEI-150574281-3275"">$CEI</a></span> They had last yr months to plan this out come. Some are on the run since Oct 2017.....FFFKKKKK!....😢💰</div></div>"
camodog,True,2019-01-14 13:32:00,0.8724,"<div class=""MessageStreamView__body___2giLh""><div><span><a data-event=""click"" data-for=""cashTag"" data-tip=""CEI"" href=""/symbol/CEI"" id=""CEI-150574134-3287"">$CEI</a></span> A NEW 52wk Low!!!</div></div>"
BearVSTheWorld,False,2019-01-14 13:27:00,0.8731,"<div class=""MessageStreamView__body___2giLh""><div><span><a data-event=""click"" data-for=""cashTag"" data-tip=""CEI"" href=""/symbol/CEI"" id=""CEI-150573393-3326"">$CEI</a></span> Thank you</div></div>"
Aandeelhouderwint,False,2019-01-14 13:25:00,0.8755,"<div class=""MessageStreamView__body___2giLh""><div><span><a data-event=""click"" data-for=""cashTag"" data-tip=""CEI"" href=""/symbol/CEI"" id=""CEI-150573237-3337"">$CEI</a></span></div></div>"
Maximusgainz,False,2019-01-14 13:23:00,0.8701,"<div class=""MessageStreamView__body___2giLh""><div><span><a data-event=""click"" data-for=""cashTag"" data-tip=""CEI"" href=""/symbol/CEI"" id=""CEI-150572860-3367"">$CEI</a></span> Camber Energy, Inc. | Monteverde &amp; Associates PC <a data-event=""click"" href=""https://www.monteverdelaw.com/case/camber-energy-inc"" rel=""noopener nofollow"" target=""_blank"">monteverdelaw.com/case/camb...</a></div></div>"
tmoore711,False,2019-01-14 13:22:00,0.8704,"<div class=""MessageStreamView__body___2giLh""><div><span><a data-event=""click"" data-for=""cashTag"" data-tip=""CEI"" href=""/symbol/CEI"" id=""CEI-150572781-3370"">$CEI</a></span> what goes up must come down but in CEI case what doesn't go up must come down</div></div>"
alokdoc,True,2019-01-14 13:20:00,0.8741,"<div class=""MessageStreamView__body___2giLh""><div><span><a data-event=""click"" data-for=""cashTag"" data-tip=""CEI"" href=""/symbol/CEI"" id=""CEI-150572424-3395"">$CEI</a></span> buy at 0.22 and sell at 0.44 Lol</div></div>"
jpstrings,False,2019-01-14 13:18:00,0.8722,"<div class=""MessageStreamView__body___2giLh""><div><span><a data-event=""click"" data-for=""cashTag"" data-tip=""CEI"" href=""/symbol/CEI"" id=""CEI-150572209-3405"">$CEI</a></span> BULLS, where are you?  i can't hear you</div></div>"
CGSasuke,True,2019-01-14 13:15:00,0.8729,"<div class=""MessageStreamView__body___2giLh""><div><span><a data-event=""click"" data-for=""cashTag"" data-tip=""CEI"" href=""/symbol/CEI"" id=""CEI-150571876-3417"">$CEI</a></span> More ☠ have now joined me in my dark alley. My soul is a peace now.</div></div>"
jpstrings,False,2019-01-14 13:14:00,0.8744,"<div class=""MessageStreamView__body___2giLh""><div><span><a data-event=""click"" data-for=""cashTag"" data-tip=""CEI"" href=""/symbol/CEI"" id=""CEI-150571634-3438"">$CEI</a></span> kids, if you would have invested in <span><a data-event=""click"" data-for=""cashTag"" data-tip=""MBOT"" href=""/symbol/MBOT"" id=""MBOT-150571634-3439"">$MBOT</a></span> today, you all would be rich.  Instead you hodl <span><a data-event=""click"" data-for=""cashTag"" data-tip=""CEI"" href=""/symbol/CEI"" id=""CEI-150571634-3440"">$CEI</a></span> forever and will always lose.  lmao</div></div>"
lukeam,True,2019-01-14 13:12:00,0.8756,"<div class=""MessageStreamView__body___2giLh""><div><span><a data-event=""click"" data-for=""cashTag"" data-tip=""CEI"" href=""/symbol/CEI"" id=""CEI-150571435-3452"">$CEI</a></span> is down almost 20% on the day.  Expect a bounce from here at .85/.87.  VERY slim chance that it closes the day all the way down 20%!</div></div>"
jpstrings,False,2019-01-14 13:11:00,0.8756,"<div class=""MessageStreamView__body___2giLh""><div><span><a data-event=""click"" data-for=""cashTag"" data-tip=""CEI"" href=""/symbol/CEI"" id=""CEI-150571317-3461"">$CEI</a></span> TIMBER!!!!!!!!!!!!!!!one!!!!1111!!!!!!!</div></div>"
RandyBarnard1,False,2019-01-14 13:11:00,0.8756,"<div class=""MessageStreamView__body___2giLh""><div><span><a data-event=""click"" data-for=""cashTag"" data-tip=""CEI"" href=""/symbol/CEI"" id=""CEI-150571257-3467"">$CEI</a></span> dilution at its best, this is why I quit playing the penny lotto long ago, short this pig to the grave where it belongs</div></div>"
benjihomw,False,2019-01-14 13:11:00,0.8756,"<div class=""MessageStreamView__body___2giLh""><div><span><a data-event=""click"" data-for=""cashTag"" data-tip=""CEI"" href=""/symbol/CEI"" id=""CEI-150571214-3473"">$CEI</a></span> lets get it down under 80 man. so i dont have to worry about money for a shortterm lol fuuuuuuuuck</div></div>"
Bull69Bear,False,2019-01-14 13:10:00,0.8751,"<div class=""MessageStreamView__body___2giLh""><div><span><a data-event=""click"" data-for=""cashTag"" data-tip=""CEI"" href=""/symbol/CEI"" id=""CEI-150571193-3479"">$CEI</a></span> </div></div>"
TheStockSinatra,True,2019-01-14 13:10:00,0.8751,"<div class=""MessageStreamView__body___2giLh""><div><span><a data-event=""click"" data-for=""cashTag"" data-tip=""CEI"" href=""/symbol/CEI"" id=""CEI-150571164-3485"">$CEI</a></span> 0.8711. Boom baby. 🚨🚨</div></div>"
SerialStockGains,False,2019-01-14 13:10:00,0.8751,"<div class=""MessageStreamView__body___2giLh""><div><span><a data-event=""click"" data-for=""cashTag"" data-tip=""CEI"" href=""/symbol/CEI"" id=""CEI-150571083-3491"">$CEI</a></span> very toxic stock.</div></div>"
bbossstock,True,2019-01-14 13:09:00,0.8775,"<div class=""MessageStreamView__body___2giLh""><div><span><a data-event=""click"" data-for=""cashTag"" data-tip=""CEI"" href=""/symbol/CEI"" id=""CEI-150570958-3503"">$CEI</a></span> now I might buy in</div></div>"
CGSasuke,True,2019-01-14 13:09:00,0.8775,"<div class=""MessageStreamView__body___2giLh""><div><span><a data-event=""click"" data-for=""cashTag"" data-tip=""CEI"" href=""/symbol/CEI"" id=""CEI-150570941-3506"">$CEI</a></span> Holy!</div></div>"
benjihomw,False,2019-01-14 13:08:00,0.8721,"<div class=""MessageStreamView__body___2giLh""><div><span><a data-event=""click"" data-for=""cashTag"" data-tip=""CEI"" href=""/symbol/CEI"" id=""CEI-150570861-3515"">$CEI</a></span> whaaat .86. dreams are coming true</div></div>"
Watz,False,2019-01-14 13:08:00,0.8721,"<div class=""MessageStreamView__body___2giLh""><div><span><a data-event=""click"" data-for=""cashTag"" data-tip=""CEI"" href=""/symbol/CEI"" id=""CEI-150570859-3518"">$CEI</a></span> not good</div></div>"
TheStockSinatra,True,2019-01-14 13:06:00,0.8999,"<div class=""MessageStreamView__body___2giLh""><div><span><a data-event=""click"" data-for=""cashTag"" data-tip=""CEI"" href=""/symbol/CEI"" id=""CEI-150570505-3557"">$CEI</a></span> lmao the panic is hilarious. Bought more at 0.91. This will be pumped soon enough.</div></div>"
BearVSTheWorld,False,2019-01-14 13:06:00,0.8999,"<div class=""MessageStreamView__body___2giLh""><div><span><a data-event=""click"" data-for=""cashTag"" data-tip=""CEI"" href=""/symbol/CEI"" id=""CEI-150570476-3566"">$CEI</a></span> LOL <span class=""UserProfileLink__container___2JY3s""><a data-event=""click"" href=""/POTUS45"" id=""user-profile-POTUS45-1547602981530-3567"">@POTUS45</a></span> Another dumb bull for the books guess you should have listened and sold -26% since! Keep bagholding till the next RS lol</div></div>"
JT90,False,2019-01-14 13:06:00,0.8999,"<div class=""MessageStreamView__body___2giLh""><div><span><a data-event=""click"" data-for=""cashTag"" data-tip=""CEI"" href=""/symbol/CEI"" id=""CEI-150570465-3570"">$CEI</a></span> 😂😂😂 🍻</div></div>"
alokdoc,False,2019-01-14 13:05:00,0.9006,"<div class=""MessageStreamView__body___2giLh""><div><span><a data-event=""click"" data-for=""cashTag"" data-tip=""CEI"" href=""/symbol/CEI"" id=""CEI-150570420-3579"">$CEI</a></span> save whatever you have</div></div>"
JWBuffet,False,2019-01-14 13:05:00,0.9006,"<div class=""MessageStreamView__body___2giLh""><div><span><a data-event=""click"" data-for=""cashTag"" data-tip=""CEI"" href=""/symbol/CEI"" id=""CEI-150570345-3591"">$CEI</a></span> sad</div></div>"
benjihomw,False,2019-01-14 13:05:00,0.9006,"<div class=""MessageStreamView__body___2giLh""><div><span><a data-event=""click"" data-for=""cashTag"" data-tip=""CEI"" href=""/symbol/CEI"" id=""CEI-150570298-3597"">$CEI</a></span> come on baby get it down under 80 cents, where it should go. i can make some money there lmao</div></div>"
Bull69Bear,False,2019-01-14 13:01:00,0.92,"<div class=""MessageStreamView__body___2giLh""><div><span><a data-event=""click"" data-for=""cashTag"" data-tip=""CEI"" href=""/symbol/CEI"" id=""CEI-150569802-3609"">$CEI</a></span> O look, the stock is shitting itself</div></div>"
zsam17,False,2019-01-14 13:00:00,0.9201,"<div class=""MessageStreamView__body___2giLh""><div><span><a data-event=""click"" data-for=""cashTag"" data-tip=""CEI"" href=""/symbol/CEI"" id=""CEI-150569631-3618"">$CEI</a></span> class action suit  against these crooks!</div></div>"
Titans18,False,2019-01-14 12:59:00,0.9205,"<div class=""MessageStreamView__body___2giLh""><div><span><a data-event=""click"" data-for=""cashTag"" data-tip=""CEI"" href=""/symbol/CEI"" id=""CEI-150569437-3624"">$CEI</a></span> beautiful 👏👏👏</div></div>"
jessgm7,True,2019-01-14 12:57:00,0.93,"<div class=""MessageStreamView__body___2giLh""><div><span><a data-event=""click"" data-for=""cashTag"" data-tip=""CEI"" href=""/symbol/CEI"" id=""CEI-150569131-3640"">$CEI</a></span></div></div>"
sean1967,True,2019-01-14 12:55:00,0.9341,"<div class=""MessageStreamView__body___2giLh""><div><span><a data-event=""click"" data-for=""cashTag"" data-tip=""CEI"" href=""/symbol/CEI"" id=""CEI-150568890-3646"">$CEI</a></span> <span><a data-event=""click"" data-for=""cashTag"" data-tip=""PED"" href=""/symbol/PED"" id=""PED-150568890-3647"">$PED</a></span> is up and <span><a data-event=""click"" data-for=""cashTag"" data-tip=""CEI"" href=""/symbol/CEI"" id=""CEI-150568890-3648"">$CEI</a></span>  will follow $$$$</div></div>"
Mjtrades99,True,2019-01-14 12:49:00,0.9405,"<div class=""MessageStreamView__body___2giLh""><div><span><a data-event=""click"" data-for=""cashTag"" data-tip=""CEI"" href=""/symbol/CEI"" id=""CEI-150568079-3663"">$CEI</a></span> going green EOD.
Mark this!</div></div>"
Mjtrades99,True,2019-01-14 12:49:00,0.9405,"<div class=""MessageStreamView__body___2giLh""><div><span><a data-event=""click"" data-for=""cashTag"" data-tip=""CEI"" href=""/symbol/CEI"" id=""CEI-150567995-3666"">$CEI</a></span> here comes the money</div></div>"
CGSasuke,True,2019-01-14 12:47:00,0.9438,"<div class=""MessageStreamView__body___2giLh""><div><span><a data-event=""click"" data-for=""cashTag"" data-tip=""CEI"" href=""/symbol/CEI"" id=""CEI-150567815-3676"">$CEI</a></span> Oh well I still have my Doge to give me back my $ later on so I'll still hold cei anyway.</div></div>"
theobryanshow,True,2019-01-14 12:47:00,0.9438,"<div class=""MessageStreamView__body___2giLh""><div><span><a data-event=""click"" data-for=""cashTag"" data-tip=""CEI"" href=""/symbol/CEI"" id=""CEI-150567812-3679"">$CEI</a></span> ouch.. this is a blood bath.. hate it for longs.</div></div>"
Bonilegend,False,2019-01-14 12:46:00,0.9476,"<div class=""MessageStreamView__body___2giLh""><div><span><a data-event=""click"" data-for=""cashTag"" data-tip=""CEI"" href=""/symbol/CEI"" id=""CEI-150567619-3694"">$CEI</a></span> I prefer a slow weekly drop so i can still be entertained by some of these delusional comments. To the moon? <span><a data-event=""click"" data-for=""cashTag"" data-tip=""CEI"" href=""/symbol/CEI"" id=""CEI-150567619-3695"">$CEI</a></span> bunch of crooks</div></div>"
CGSasuke,True,2019-01-14 12:46:00,0.9476,"<div class=""MessageStreamView__body___2giLh""><div><span><a data-event=""click"" data-for=""cashTag"" data-tip=""CEI"" href=""/symbol/CEI"" id=""CEI-150567569-3698"">$CEI</a></span> With Aker CEO left &amp; then investigation &amp; now same with this. A pattern where no news for months screams wrong doing &amp; cover ups.</div></div>"
RandyBarnard1,False,2019-01-14 12:43:00,0.95,"<div class=""MessageStreamView__body___2giLh""><div><span><a data-event=""click"" data-for=""cashTag"" data-tip=""CEI"" href=""/symbol/CEI"" id=""CEI-150567238-3704"">$CEI</a></span> junk company, RS, dilute, repeat. The odds of a positive RS are low, if this company was in good condition no RS would be needed.</div></div>"
Mjtrades99,True,2019-01-14 12:42:00,0.9501,"<div class=""MessageStreamView__body___2giLh""><div><span><a data-event=""click"" data-for=""cashTag"" data-tip=""CEI"" href=""/symbol/CEI"" id=""CEI-150567131-3713"">$CEI</a></span> if you think investigation is relevant at all your dumb. Check out the double 0 stocks on OTC. 
These guys are saints in comparison</div></div>"
Mjtrades99,True,2019-01-14 12:41:00,0.9501,"<div class=""MessageStreamView__body___2giLh""><div><span><a data-event=""click"" data-for=""cashTag"" data-tip=""CEI"" href=""/symbol/CEI"" id=""CEI-150566920-3719"">$CEI</a></span> how do people get so emotional. They are penny stocks. Portfolio jumps up and down daily. That's why you day trade.</div></div>"
Mjtrades99,True,2019-01-14 12:38:00,0.9501,"<div class=""MessageStreamView__body___2giLh""><div><span><a data-event=""click"" data-for=""cashTag"" data-tip=""CEI"" href=""/symbol/CEI"" id=""CEI-150566536-3728"">$CEI</a></span> oh no save yourself. We are all doomed. LMAO look at the fear on this board lol.</div></div>"
Titans18,False,2019-01-14 12:38:00,0.9501,"<div class=""MessageStreamView__body___2giLh""><div><span><a data-event=""click"" data-for=""cashTag"" data-tip=""CEI"" href=""/symbol/CEI"" id=""CEI-150566520-3731"">$CEI</a></span> to all you who called me out saying I didn’t know what I was talking about 🖕 experience always win 📉📉📉📉</div></div>"
Panicmode,False,2019-01-14 12:34:00,0.9502,"<div class=""MessageStreamView__body___2giLh""><div><span><a data-event=""click"" data-for=""cashTag"" data-tip=""CEI"" href=""/symbol/CEI"" id=""CEI-150566085-3752"">$CEI</a></span> major investigation hurry sell sell sell don't think just sell man!!!!!</div></div>"
jdevitt,False,2019-01-14 12:33:00,0.9501,"<div class=""MessageStreamView__body___2giLh""><div><span><a data-event=""click"" data-for=""cashTag"" data-tip=""CEI"" href=""/symbol/CEI"" id=""CEI-150565920-3755"">$CEI</a></span> headed straight down , wont be another bump til after the next R/S  they need a batch of new suckers</div></div>"
Trader91181,False,2019-01-14 12:30:00,0.9441,"<div class=""MessageStreamView__body___2giLh""><div><span><a data-event=""click"" data-for=""cashTag"" data-tip=""CEI"" href=""/symbol/CEI"" id=""CEI-150565523-3758"">$CEI</a></span> so now the board is going through the denial and lets sue stage. Going down with the ship! and wait for the next pump! stage is next,</div></div>"
Maximusgainz,False,2019-01-14 12:28:00,0.9444,"<div class=""MessageStreamView__body___2giLh""><div><span><a data-event=""click"" data-for=""cashTag"" data-tip=""CEI"" href=""/symbol/CEI"" id=""CEI-150565310-3764"">$CEI</a></span> wonder if they're using stockholder money to buy industrial paper shredders with the news of the investigation?</div></div>"
GeauxFish,True,2019-01-14 12:22:00,0.95,"<div class=""MessageStreamView__body___2giLh""><div><span><a data-event=""click"" data-for=""cashTag"" data-tip=""CEI"" href=""/symbol/CEI"" id=""CEI-150564351-3780"">$CEI</a></span> <span><a data-event=""click"" data-for=""cashTag"" data-tip=""WFT"" href=""/symbol/WFT"" id=""WFT-150564351-3781"">$WFT</a></span> <span><a data-event=""click"" data-for=""cashTag"" data-tip=""OAS"" href=""/symbol/OAS"" id=""OAS-150564351-3782"">$OAS</a></span> <span><a data-event=""click"" data-for=""cashTag"" data-tip=""CHK"" href=""/symbol/CHK"" id=""CHK-150564351-3783"">$CHK</a></span> <span><a data-event=""click"" data-for=""cashTag"" data-tip=""LPI"" href=""/symbol/LPI"" id=""LPI-150564351-3784"">$LPI</a></span> <span><a data-event=""click"" data-for=""cashTag"" data-tip=""WTI"" href=""/symbol/WTI"" id=""WTI-150564351-3785"">$WTI</a></span> <span><a data-event=""click"" data-for=""cashTag"" data-tip=""RIG"" href=""/symbol/RIG"" id=""RIG-150564351-3786"">$RIG</a></span> <span><a data-event=""click"" data-for=""cashTag"" data-tip=""BAS"" href=""/symbol/BAS"" id=""BAS-150564351-3787"">$BAS</a></span> <span><a data-event=""click"" data-for=""cashTag"" data-tip=""CRK"" href=""/symbol/CRK"" id=""CRK-150564351-3788"">$CRK</a></span> oil and gas looks like a bear trap setting to dump on bears on a gap run &amp; then take her dn</div></div>"
shwnd,False,2019-01-14 12:21:00,0.9501,"<div class=""MessageStreamView__body___2giLh""><div><span><a data-event=""click"" data-for=""cashTag"" data-tip=""CEI"" href=""/symbol/CEI"" id=""CEI-150564249-3791"">$CEI</a></span> all out. Down 13k. dont do this to yourself new people. I didn’t believe the warnings either.</div></div>"
yourbuddystoo,False,2019-01-14 12:21:00,0.9501,"<div class=""MessageStreamView__body___2giLh""><div><span><a data-event=""click"" data-for=""cashTag"" data-tip=""CEI"" href=""/symbol/CEI"" id=""CEI-150564208-3794"">$CEI</a></span> I’m officially out. I don’t need this negativity in my life. Hope to see y’all around. Money to be made elsewhere. GLTA! ✌🏼</div></div>"
Titans18,False,2019-01-14 12:20:00,0.95,"<div class=""MessageStreamView__body___2giLh""><div><span><a data-event=""click"" data-for=""cashTag"" data-tip=""CEI"" href=""/symbol/CEI"" id=""CEI-150564045-3797"">$CEI</a></span> a RS on Christmas Eve should’ve been a wake up call for you bulls, who does that crap and then ask for another RS and more shares smh</div></div>"
OzCUL,True,2019-01-14 12:10:00,0.96,"<div class=""MessageStreamView__body___2giLh""><div><span><a data-event=""click"" data-for=""cashTag"" data-tip=""CEI"" href=""/symbol/CEI"" id=""CEI-150562576-3830"">$CEI</a></span> I bought some. Still believe we will get a bounce. Trade your plan. All the best.</div></div>"
Bull69Bear,False,2019-01-14 12:06:00,0.96,"<div class=""MessageStreamView__body___2giLh""><div><span><a data-event=""click"" data-for=""cashTag"" data-tip=""CEI"" href=""/symbol/CEI"" id=""CEI-150561936-3833"">$CEI</a></span> How many times are you going to let yourself get kicked in the nuts/ovaries by this stock?</div></div>"
Titans18,False,2019-01-14 12:06:00,0.96,"<div class=""MessageStreamView__body___2giLh""><div><span><a data-event=""click"" data-for=""cashTag"" data-tip=""CEI"" href=""/symbol/CEI"" id=""CEI-150561901-3839"">$CEI</a></span> so you reap what you sow, feel sorry for all the new comers who got caught up with the pumping lies</div></div>"
Titans18,False,2019-01-14 12:04:00,0.96,"<div class=""MessageStreamView__body___2giLh""><div><span><a data-event=""click"" data-for=""cashTag"" data-tip=""CEI"" href=""/symbol/CEI"" id=""CEI-150561713-3845"">$CEI</a></span> just because a company is debt free doesn’t make it a good company. All you bulls knew about the constant dilution but still pumped it</div></div>"
Titans18,False,2019-01-14 11:57:00,0.9601,"<div class=""MessageStreamView__body___2giLh""><div><span><a data-event=""click"" data-for=""cashTag"" data-tip=""CEI"" href=""/symbol/CEI"" id=""CEI-150560636-3857"">$CEI</a></span> who’s got Schott’s # I need to thank this guy</div></div>"
RobertDeniros,True,2019-01-14 11:51:00,0.973,"<div class=""MessageStreamView__body___2giLh""><div><span><a data-event=""click"" data-for=""cashTag"" data-tip=""CEI"" href=""/symbol/CEI"" id=""CEI-150559935-3863"">$CEI</a></span> break 1.02 and we’re off.</div></div>"
Titans18,False,2019-01-14 11:50:00,0.9762,"<div class=""MessageStreamView__body___2giLh""><div><span><a data-event=""click"" data-for=""cashTag"" data-tip=""CEI"" href=""/symbol/CEI"" id=""CEI-150559694-3875"">$CEI</a></span> 1.40 to .96 in 4 days such an amazing company 👏👏👏👏</div></div>"
Maximusgainz,False,2019-01-14 11:49:00,0.9651,"<div class=""MessageStreamView__body___2giLh""><div><span><a data-event=""click"" data-for=""cashTag"" data-tip=""CEI"" href=""/symbol/CEI"" id=""CEI-150559514-3884"">$CEI</a></span> could be worse you could have shorted <a data-event=""click"" href=""/topic/mbot"">#mbot</a> today.</div></div>"
Titans18,False,2019-01-14 11:46:00,0.9715,"<div class=""MessageStreamView__body___2giLh""><div><span><a data-event=""click"" data-for=""cashTag"" data-tip=""CEI"" href=""/symbol/CEI"" id=""CEI-150559033-3887"">$CEI</a></span> who’s all voting yes?</div></div>"
MyChicago,False,2019-01-14 11:43:00,0.9651,"<div class=""MessageStreamView__body___2giLh""><div><span><a data-event=""click"" data-for=""cashTag"" data-tip=""CEI"" href=""/symbol/CEI"" id=""CEI-150558681-3890"">$CEI</a></span> Now they will give you their new reason to do a 25/1 RS. Or maybe more love letters from the board, and interim CEO. Meeting in FEB.</div></div>"
anacottstee1,True,2019-01-14 11:42:00,0.97,"<div class=""MessageStreamView__body___2giLh""><div><span><a data-event=""click"" data-for=""cashTag"" data-tip=""CEI"" href=""/symbol/CEI"" id=""CEI-150558486-3893"">$CEI</a></span> hey its it's up to .97 I'm making money already 👍</div></div>"
Jdholds,True,2019-01-14 11:42:00,0.97,"<div class=""MessageStreamView__body___2giLh""><div><span><a data-event=""click"" data-for=""cashTag"" data-tip=""CEI"" href=""/symbol/CEI"" id=""CEI-150558447-3899"">$CEI</a></span> Volume picking up steam, almost 1 million in the last 30 minutes.</div></div>"
Titans18,False,2019-01-14 11:36:00,0.9576,"<div class=""MessageStreamView__body___2giLh""><div><span><a data-event=""click"" data-for=""cashTag"" data-tip=""CEI"" href=""/symbol/CEI"" id=""CEI-150557581-3918"">$CEI</a></span> what’s the price now .03</div></div>"
Trick2MoneyisHavingSum,True,2019-01-14 11:36:00,0.9576,"<div class=""MessageStreamView__body___2giLh""><div><span><a data-event=""click"" data-for=""cashTag"" data-tip=""CEI"" href=""/symbol/CEI"" id=""CEI-150557524-3924"">$CEI</a></span> get stopped out, sqeamishness and chase in later</div></div>"
NaughtylittleQdoggie,True,2019-01-14 11:35:00,0.9583,"<div class=""MessageStreamView__body___2giLh""><div><span><a data-event=""click"" data-for=""cashTag"" data-tip=""CEI"" href=""/symbol/CEI"" id=""CEI-150557419-3930"">$CEI</a></span> Still don't see what's coming do you douche bears?</div></div>"
rick1flick,True,2019-01-14 11:30:00,0.9448,"<div class=""MessageStreamView__body___2giLh""><div><span><a data-event=""click"" data-for=""cashTag"" data-tip=""NTWK"" href=""/symbol/NTWK"" id=""NTWK-150556697-3957"">$NTWK</a></span> <span><a data-event=""click"" data-for=""cashTag"" data-tip=""NLST"" href=""/symbol/NLST"" id=""NLST-150556697-3958"">$NLST</a></span> at least we're not <span><a data-event=""click"" data-for=""cashTag"" data-tip=""CEI"" href=""/symbol/CEI"" id=""CEI-150556697-3959"">$CEI</a></span></div></div>"
Staxshelly,True,2019-01-14 11:26:00,0.9401,"<div class=""MessageStreamView__body___2giLh""><div><span><a data-event=""click"" data-for=""cashTag"" data-tip=""CEI"" href=""/symbol/CEI"" id=""CEI-150555950-3978"">$CEI</a></span> funny thing about it going down is that it can go back UP. Dont be fooled by investigation they are on the up and up with practices.</div></div>"
jpstrings,False,2019-01-14 11:25:00,0.9458,"<div class=""MessageStreamView__body___2giLh""><div><span><a data-event=""click"" data-for=""cashTag"" data-tip=""CEI"" href=""/symbol/CEI"" id=""CEI-150555833-3981"">$CEI</a></span> Where is pumper james and mantus?   0.9442-0.1258 (-11.76%)
As of 11:21AM EST. Market open.</div></div>"
anacottstee1,True,2019-01-14 11:25:00,0.9458,"<div class=""MessageStreamView__body___2giLh""><div><span><a data-event=""click"" data-for=""cashTag"" data-tip=""CEI"" href=""/symbol/CEI"" id=""CEI-150555806-3984"">$CEI</a></span> I'm in 50,000 shares at .96😎👍👍👍👍👍👍👍👍👍👍👍👍👍👍👍👍👍👍</div></div>"
jpstrings,False,2019-01-14 11:21:00,0.9321,"<div class=""MessageStreamView__body___2giLh""><div><span><a data-event=""click"" data-for=""cashTag"" data-tip=""CEI"" href=""/symbol/CEI"" id=""CEI-150555275-3993"">$CEI</a></span>  0.9442 -0.1258 (-11.76%)
As of 11:21AM EST. Market open.</div></div>"
t51,True,2019-01-14 11:18:00,0.9589,"<div class=""MessageStreamView__body___2giLh""><div><span><a data-event=""click"" data-for=""cashTag"" data-tip=""CEI"" href=""/symbol/CEI"" id=""CEI-150554744-4026"">$CEI</a></span> General market sentiment impacting CEI disproportionately?</div></div>"
Jdholds,True,2019-01-14 11:15:00,0.966,"<div class=""MessageStreamView__body___2giLh""><div><span><a data-event=""click"" data-for=""cashTag"" data-tip=""CEI"" href=""/symbol/CEI"" id=""CEI-150554296-4047"">$CEI</a></span> Can about 20 more people please post the same non story about the investigation. I need to see it at least 50 times to see it's nothing</div></div>"
Titans18,False,2019-01-14 11:14:00,0.9659,"<div class=""MessageStreamView__body___2giLh""><div><span><a data-event=""click"" data-for=""cashTag"" data-tip=""CEI"" href=""/symbol/CEI"" id=""CEI-150554083-4056"">$CEI</a></span> I think management might be mad about the law suit bulls, they are gonna dilute to pay for their lawyers now smh</div></div>"
yuepingxiao,False,2019-01-14 11:14:00,0.9659,"<div class=""MessageStreamView__body___2giLh""><div><span><a data-event=""click"" data-for=""cashTag"" data-tip=""CEI"" href=""/symbol/CEI"" id=""CEI-150554082-4059"">$CEI</a></span> tell u all! Waiting on dip 0.75</div></div>"
Trick2MoneyisHavingSum,True,2019-01-14 11:13:00,0.9662,"<div class=""MessageStreamView__body___2giLh""><div><span><a data-event=""click"" data-for=""cashTag"" data-tip=""CEI"" href=""/symbol/CEI"" id=""CEI-150553910-4074"">$CEI</a></span> oh look out below, its plunging and i'm so scared oh my!</div></div>"
MyChicago,False,2019-01-14 11:06:00,0.98,"<div class=""MessageStreamView__body___2giLh""><div><span><a data-event=""click"" data-for=""cashTag"" data-tip=""CEI"" href=""/symbol/CEI"" id=""CEI-150552774-4098"">$CEI</a></span> Highway to the danger zone. Will continue to drop.</div></div>"
Makkaz,True,2019-01-14 10:58:00,0.9912,"<div class=""MessageStreamView__body___2giLh""><div><span><a data-event=""click"" data-for=""cashTag"" data-tip=""PED"" href=""/symbol/PED"" id=""PED-150551499-4116"">$PED</a></span> <span><a data-event=""click"" data-for=""cashTag"" data-tip=""CEI"" href=""/symbol/CEI"" id=""CEI-150551499-4117"">$CEI</a></span></div></div>"
Shroomy726,True,2019-01-14 10:57:00,0.9923,"<div class=""MessageStreamView__body___2giLh""><div><span><a data-event=""click"" data-for=""cashTag"" data-tip=""CEI"" href=""/symbol/CEI"" id=""CEI-150551351-4120"">$CEI</a></span> Still waiting on the sidelines. Trying to swing this as a long is like squeezing water out of stone.</div></div>"
cintstock,False,2019-01-14 10:44:00,0.9907,"<div class=""MessageStreamView__body___2giLh""><div><span><a data-event=""click"" data-for=""cashTag"" data-tip=""CEI"" href=""/symbol/CEI"" id=""CEI-150549182-4129"">$CEI</a></span> </div></div>"
cintstock,False,2019-01-14 10:41:00,0.9903,"<div class=""MessageStreamView__body___2giLh""><div><span><a data-event=""click"" data-for=""cashTag"" data-tip=""CEI"" href=""/symbol/CEI"" id=""CEI-150548761-4132"">$CEI</a></span> Dilution 🔻🔻🔻🔻🔻</div></div>"
VjcVjc,False,2019-01-14 10:41:00,0.9903,"<div class=""MessageStreamView__body___2giLh""><div><span><a data-event=""click"" data-for=""cashTag"" data-tip=""CEI"" href=""/symbol/CEI"" id=""CEI-150548686-4135"">$CEI</a></span>  heading to 0.8 then 0.6 then 0.4 then 0.2</div></div>"
audigang2,True,2019-01-14 10:40:00,0.9927,"<div class=""MessageStreamView__body___2giLh""><div><span><a data-event=""click"" data-for=""cashTag"" data-tip=""CEI"" href=""/symbol/CEI"" id=""CEI-150548426-4138"">$CEI</a></span> this descending wedge will break out today eod or tomorrow</div></div>"
audigang2,True,2019-01-14 10:35:00,0.9906,"<div class=""MessageStreamView__body___2giLh""><div><span><a data-event=""click"" data-for=""cashTag"" data-tip=""CEI"" href=""/symbol/CEI"" id=""CEI-150547663-4159"">$CEI</a></span> too many good candles to ignore</div></div>"
audigang2,True,2019-01-14 10:34:00,0.9922,"<div class=""MessageStreamView__body___2giLh""><div><span><a data-event=""click"" data-for=""cashTag"" data-tip=""CEI"" href=""/symbol/CEI"" id=""CEI-150547478-4171"">$CEI</a></span> hammer</div></div>"
VeronR,False,2019-01-14 10:32:00,0.9925,"<div class=""MessageStreamView__body___2giLh""><div><span><a data-event=""click"" data-for=""cashTag"" data-tip=""CEI"" href=""/symbol/CEI"" id=""CEI-150547235-4174"">$CEI</a></span> close the doors. Gas and oil rising yet this stock is falling. Something's off there. I hope ya'll burn in hell.</div></div>"
Vinny2pointO,False,2019-01-14 10:30:00,0.9911,"<div class=""MessageStreamView__body___2giLh""><div><span><a data-event=""click"" data-for=""cashTag"" data-tip=""CEI"" href=""/symbol/CEI"" id=""CEI-150546874-4177"">$CEI</a></span> this is now -$0.00 pre RS.. this company is officially worthless. Stop trying to pump and let this pos die, join class action.</div></div>"
Trick2MoneyisHavingSum,True,2019-01-14 10:23:00,0.9918,"<div class=""MessageStreamView__body___2giLh""><div><span><a data-event=""click"" data-for=""cashTag"" data-tip=""CEI"" href=""/symbol/CEI"" id=""CEI-150545779-4186"">$CEI</a></span> <span><a data-event=""click"" data-for=""cashTag"" data-tip=""UGAZ"" href=""/symbol/UGAZ"" id=""UGAZ-150545779-4187"">$UGAZ</a></span> and <span><a data-event=""click"" data-for=""cashTag"" data-tip=""PED"" href=""/symbol/PED"" id=""PED-150545779-4188"">$PED</a></span> where's the pin action?</div></div>"
Titans18,False,2019-01-14 10:22:00,0.993,"<div class=""MessageStreamView__body___2giLh""><div><span><a data-event=""click"" data-for=""cashTag"" data-tip=""CEI"" href=""/symbol/CEI"" id=""CEI-150545604-4191"">$CEI</a></span> you never invest in penny stocks you trade them that’s how you grow your portfolio</div></div>"
mozkul82,False,2019-01-14 10:21:00,0.9932,"<div class=""MessageStreamView__body___2giLh""><div><span><a data-event=""click"" data-for=""cashTag"" data-tip=""CEI"" href=""/symbol/CEI"" id=""CEI-150545454-4194"">$CEI</a></span> This company steals good!  For sure!  GLTA</div></div>"
Titans18,False,2019-01-14 10:19:00,0.9948,"<div class=""MessageStreamView__body___2giLh""><div><span><a data-event=""click"" data-for=""cashTag"" data-tip=""CEI"" href=""/symbol/CEI"" id=""CEI-150545181-4200"">$CEI</a></span> only reason they want a vote for RS and more shares to be issued is because they don’t have any producing wells they need your $$</div></div>"
james2018,False,2019-01-14 10:11:00,0.9888,"<div class=""MessageStreamView__body___2giLh""><div><span><a data-event=""click"" data-for=""cashTag"" data-tip=""CEI"" href=""/symbol/CEI"" id=""CEI-150543852-4216"">$CEI</a></span> hello pumpers <span class=""UserProfileLink__container___2JY3s""><a data-event=""click"" href=""/BottomPicker_Swings"" id=""user-profile-BottomPicker_Swings-1547602992319-4217"">@BottomPicker_Swings</a></span> <span class=""UserProfileLink__container___2JY3s""><a data-event=""click"" href=""/Ultra_Calls"" id=""user-profile-Ultra_Calls-1547602992319-4218"">@Ultra_Calls</a></span> lol 🤦‍♂️ you guys are pathetic what happen 1.80 to the moon lol <span class=""UserProfileLink__container___2JY3s""><a data-event=""click"" href=""/StockTwits"" id=""user-profile-StockTwits-1547602992319-4219"">@StockTwits</a></span> check user</div></div>"
sniffTheCash,True,2019-01-14 10:07:00,0.998,"<div class=""MessageStreamView__body___2giLh""><div><span><a data-event=""click"" data-for=""cashTag"" data-tip=""CEI"" href=""/symbol/CEI"" id=""CEI-150543029-4231"">$CEI</a></span> squeezy squeezy</div></div>"
steveissuperman,False,2019-01-14 10:05:00,0.9925,"<div class=""MessageStreamView__body___2giLh""><div><span><a data-event=""click"" data-for=""cashTag"" data-tip=""CEI"" href=""/symbol/CEI"" id=""CEI-150542569-4243"">$CEI</a></span> beginning of the end <a data-event=""click"" href=""https://finance.yahoo.com/news/shareholder-alert-monteverde-associates-pc-020800591.html"" rel=""noopener nofollow"" target=""_blank"">finance.yahoo.com/news/shar...</a></div></div>"
mozkul82,False,2019-01-14 10:02:00,0.9856,"<div class=""MessageStreamView__body___2giLh""><div><span><a data-event=""click"" data-for=""cashTag"" data-tip=""CEI"" href=""/symbol/CEI"" id=""CEI-150542138-4255"">$CEI</a></span> POS</div></div>"
Night_King,False,2019-01-14 10:01:00,0.9859,"<div class=""MessageStreamView__body___2giLh""><div><span><a data-event=""click"" data-for=""cashTag"" data-tip=""CEI"" href=""/symbol/CEI"" id=""CEI-150541859-4261"">$CEI</a></span> this is a test of the emergency broadcast system:</div></div>"
Titans18,False,2019-01-14 09:59:00,0.9857,"<div class=""MessageStreamView__body___2giLh""><div><span><a data-event=""click"" data-for=""cashTag"" data-tip=""CEI"" href=""/symbol/CEI"" id=""CEI-150541557-4264"">$CEI</a></span> company is trash just like all you pumping bull idiots lol</div></div>"
Ariel03,False,2019-01-14 09:58:00,0.9913,"<div class=""MessageStreamView__body___2giLh""><div><span><a data-event=""click"" data-for=""cashTag"" data-tip=""CEI"" href=""/symbol/CEI"" id=""CEI-150541447-4270"">$CEI</a></span> I can’t believe the way this company just keeps taking everyones money</div></div>"
Angieonstock,True,2019-01-14 09:54:00,0.9982,"<div class=""MessageStreamView__body___2giLh""><div><span><a data-event=""click"" data-for=""cashTag"" data-tip=""CEI"" href=""/symbol/CEI"" id=""CEI-150540589-4282"">$CEI</a></span> if you are here after the last RS, don’t get out when you are at lost. This has some potential run. IMO</div></div>"
BioStockDD,True,2019-01-14 09:48:00,0.9828,"<div class=""MessageStreamView__body___2giLh""><div><span><a data-event=""click"" data-for=""cashTag"" data-tip=""CEI"" href=""/symbol/CEI"" id=""CEI-150539620-4297"">$CEI</a></span> After that “news” which is a non event really everyone panicked and now sold for a huge loss. Sad thing is new investors will make</div></div>"
Ulieq4ST,False,2019-01-14 09:46:00,0.9876,"<div class=""MessageStreamView__body___2giLh""><div><span><a data-event=""click"" data-for=""cashTag"" data-tip=""CEI"" href=""/symbol/CEI"" id=""CEI-150539200-4300"">$CEI</a></span> These guys are going to dilute to sub .10 cents again then do another RS before exchange boots them off\.</div></div>"
Ulieq4ST,False,2019-01-14 09:44:00,1.014,"<div class=""MessageStreamView__body___2giLh""><div><span><a data-event=""click"" data-for=""cashTag"" data-tip=""CEI"" href=""/symbol/CEI"" id=""CEI-150538927-4303"">$CEI</a></span> lost 15/25 value vs the xmas even split already what a joke.</div></div>"
Trick2MoneyisHavingSum,True,2019-01-14 09:39:00,1.011,"<div class=""MessageStreamView__body___2giLh""><div><span><a data-event=""click"" data-for=""cashTag"" data-tip=""CEI"" href=""/symbol/CEI"" id=""CEI-150538015-4306"">$CEI</a></span> see <span><a data-event=""click"" data-for=""cashTag"" data-tip=""PED"" href=""/symbol/PED"" id=""PED-150538015-4307"">$PED</a></span>?</div></div>"
jam2707,True,2019-01-14 09:38:00,1.019,"<div class=""MessageStreamView__body___2giLh""><div><span><a data-event=""click"" data-for=""cashTag"" data-tip=""CEI"" href=""/symbol/CEI"" id=""CEI-150537929-4310"">$CEI</a></span> In my business when an atty sends me a letter saying they're ""investigating me"" . . . I throw them in the trash can.</div></div>"
spicygoo,False,2019-01-14 09:38:00,1.019,"<div class=""MessageStreamView__body___2giLh""><div><span><a data-event=""click"" data-for=""cashTag"" data-tip=""CEI"" href=""/symbol/CEI"" id=""CEI-150537859-4313"">$CEI</a></span> come on baby hit .90 for me EOD and im a happy camper</div></div>"
RobertDeniros,True,2019-01-14 09:36:00,1.016,"<div class=""MessageStreamView__body___2giLh""><div><span><a data-event=""click"" data-for=""cashTag"" data-tip=""CEI"" href=""/symbol/CEI"" id=""CEI-150537577-4322"">$CEI</a></span> here we go!</div></div>"
BottomPicker_Swings,True,2019-01-14 09:33:00,1.006,"<div class=""MessageStreamView__body___2giLh""><div><span><a data-event=""click"" data-for=""cashTag"" data-tip=""CEI"" href=""/symbol/CEI"" id=""CEI-150537030-4328"">$CEI</a></span> added more on <span><a data-event=""click"" data-for=""cashTag"" data-tip=""PED"" href=""/symbol/PED"" id=""PED-150537030-4329"">$PED</a></span> sympathy</div></div>"
