StockIt21,True,2019-01-14 15:02:00,0.6011,"<div class=""MessageStreamView__body___2giLh""><div><span><a data-event=""click"" data-for=""cashTag"" data-tip=""CFRX"" href=""/symbol/CFRX"" id=""CFRX-150587857-221"">$CFRX</a></span></div></div>"
dgammon,True,2019-01-14 14:57:00,0.5933,"<div class=""MessageStreamView__body___2giLh""><div><span><a data-event=""click"" data-for=""cashTag"" data-tip=""CFRX"" href=""/symbol/CFRX"" id=""CFRX-150586984-224"">$CFRX</a></span> Sitting on 20K shares and trying to pick up 10K more at .59, but can't get my order filled.  Good support line.</div></div>"
GOLDFINGER5,True,2019-01-14 14:54:00,0.5957,"<div class=""MessageStreamView__body___2giLh""><div><span><a data-event=""click"" data-for=""cashTag"" data-tip=""CFRX"" href=""/symbol/CFRX"" id=""CFRX-150586629-227"">$CFRX</a></span></div></div>"
StayAlivE,True,2019-01-14 12:57:00,0.6012,"<div class=""MessageStreamView__body___2giLh""><div><span><a data-event=""click"" data-for=""cashTag"" data-tip=""CFRX"" href=""/symbol/CFRX"" id=""CFRX-150569148-252"">$CFRX</a></span> 👀Strong buy right now👍</div></div>"
stocktrader41,True,2019-01-14 12:35:00,0.5999,"<div class=""MessageStreamView__body___2giLh""><div><span><a data-event=""click"" data-for=""cashTag"" data-tip=""CFRX"" href=""/symbol/CFRX"" id=""CFRX-150566153-255"">$CFRX</a></span> it’s unbelievable that this is still massively for sale! Endless supply. So oversold. .40 in cash right now!</div></div>"
StStock,True,2019-01-14 11:55:00,0.6085,"<div class=""MessageStreamView__body___2giLh""><div><span><a data-event=""click"" data-for=""cashTag"" data-tip=""CFRX"" href=""/symbol/CFRX"" id=""CFRX-150560466-264"">$CFRX</a></span> accumulation going on</div></div>"
StockIt21,True,2019-01-14 11:18:00,0.6113,"<div class=""MessageStreamView__body___2giLh""><div><span><a data-event=""click"" data-for=""cashTag"" data-tip=""CFRX"" href=""/symbol/CFRX"" id=""CFRX-150554626-273"">$CFRX</a></span></div></div>"
WatchThePullBack,True,2019-01-14 10:13:00,0.6251,"<div class=""MessageStreamView__body___2giLh""><div><span><a data-event=""click"" data-for=""cashTag"" data-tip=""CFRX"" href=""/symbol/CFRX"" id=""CFRX-150544163-292"">$CFRX</a></span> big buyer level 2</div></div>"
stocktrader41,True,2019-01-14 09:49:00,0.6264,"<div class=""MessageStreamView__body___2giLh""><div><span><a data-event=""click"" data-for=""cashTag"" data-tip=""CFRX"" href=""/symbol/CFRX"" id=""CFRX-150539737-301"">$CFRX</a></span> There’s still so much of this shit out there being sold here. Ridiculous. Holders will be rewarded I can promise you that!</div></div>"
ycsta216,True,2019-01-14 09:49:00,0.6264,"<div class=""MessageStreamView__body___2giLh""><div><span><a data-event=""click"" data-for=""cashTag"" data-tip=""CFRX"" href=""/symbol/CFRX"" id=""CFRX-150539678-304"">$CFRX</a></span> weak hands should be all out soon... path of least resistance is up</div></div>"
Hunter411,True,2019-01-14 09:46:00,0.6478,"<div class=""MessageStreamView__body___2giLh""><div><span><a data-event=""click"" data-for=""cashTag"" data-tip=""CFRX"" href=""/symbol/CFRX"" id=""CFRX-150539248-310"">$CFRX</a></span> bought in with a small position. Will watch</div></div>"
DayTrade_ATL,True,2019-01-14 09:34:00,0.642,"<div class=""MessageStreamView__body___2giLh""><div><span><a data-event=""click"" data-for=""cashTag"" data-tip=""CFRX"" href=""/symbol/CFRX"" id=""CFRX-150537213-313"">$CFRX</a></span> in</div></div>"
