Incredible_Hulk_trading,False,2019-01-14 15:58:00,501.93,"<div class=""MessageStreamView__body___2giLh""><div><span><a data-event=""click"" data-for=""cashTag"" data-tip=""CMG"" href=""/symbol/CMG"" id=""CMG-150597391-293"">$CMG</a></span> come on algos, pump this MF over the open, you know what happens next if that happens!  <a data-event=""click"" href=""/topic/GTLA"">#GTLA</a> </div></div>"
MonkeyBiznas,False,2019-01-14 15:21:00,500.815,"<div class=""MessageStreamView__body___2giLh""><div><span><a data-event=""click"" data-for=""cashTag"" data-tip=""CMG"" href=""/symbol/CMG"" id=""CMG-150590953-302"">$CMG</a></span> profit taking continues this week</div></div>"
robert43,True,2019-01-14 15:17:00,500.955,"<div class=""MessageStreamView__body___2giLh""><div><span><a data-event=""click"" data-for=""cashTag"" data-tip=""CMG"" href=""/symbol/CMG"" id=""CMG-150590342-305"">$CMG</a></span> all I'm thinking about is a cold drink .I'm buying Dorrian's 83rd 2nd 5pm</div></div>"
Doozio,True,2019-01-14 14:24:00,503.824,"<div class=""MessageStreamView__body___2giLh""><div><span><a data-event=""click"" data-for=""cashTag"" data-tip=""CMG"" href=""/symbol/CMG"" id=""CMG-150582158-314"">$CMG</a></span> <span><a data-event=""click"" data-for=""cashTag"" data-tip=""MEDP"" href=""/symbol/MEDP"" id=""MEDP-150582158-315"">$MEDP</a></span> dear Mr Mkt.  please 🐑 these two names more.  You already heard my bahhhh.  Thank you.   Sincerely Fake Uncle D!</div></div>"
YoungInsane,False,2019-01-14 10:59:00,503.471,"<div class=""MessageStreamView__body___2giLh""><div><span><a data-event=""click"" data-for=""cashTag"" data-tip=""CMG"" href=""/symbol/CMG"" id=""CMG-150551719-342"">$CMG</a></span> $420 by 4/20 🌳💨</div></div>"
robert43,True,2019-01-14 10:50:00,504.07,"<div class=""MessageStreamView__body___2giLh""><div><span><a data-event=""click"" data-for=""cashTag"" data-tip=""CMG"" href=""/symbol/CMG"" id=""CMG-150550273-345"">$CMG</a></span> what would cause a Dec low retest?
Will this happen. "" the fed"" . Not happening.</div></div>"
Haxbox,False,2019-01-14 10:50:00,504.07,"<div class=""MessageStreamView__body___2giLh""><div><span><a data-event=""click"" data-for=""cashTag"" data-tip=""CMG"" href=""/symbol/CMG"" id=""CMG-150550218-348"">$CMG</a></span> 500 puts for the week not long term bearish great company needs a small correction</div></div>"
