Short_Devil,False,2019-01-14 15:02:00,20.881,"<div class=""MessageStreamView__body___2giLh""><div><span><a data-event=""click"" data-for=""cashTag"" data-tip=""CRC"" href=""/symbol/CRC"" id=""CRC-150587809-64"">$CRC</a></span> <span><a data-event=""click"" data-for=""cashTag"" data-tip=""CHK"" href=""/symbol/CHK"" id=""CHK-150587809-65"">$CHK</a></span> <span><a data-event=""click"" data-for=""cashTag"" data-tip=""DNR"" href=""/symbol/DNR"" id=""DNR-150587809-66"">$DNR</a></span> <span><a data-event=""click"" data-for=""cashTag"" data-tip=""OAS"" href=""/symbol/OAS"" id=""OAS-150587809-67"">$OAS</a></span> <span><a data-event=""click"" data-for=""cashTag"" data-tip=""WLL"" href=""/symbol/WLL"" id=""WLL-150587809-68"">$WLL</a></span> bulls enjoy today being disconnected from oil but tomorrow is the catch up trade to the downside &amp; oil headed to 48</div></div>"
GordonGekko888,False,2019-01-14 14:15:00,20.83,"<div class=""MessageStreamView__body___2giLh""><div><span><a data-event=""click"" data-for=""cashTag"" data-tip=""USO"" href=""/symbol/USO"" id=""USO-150580836-71"">$USO</a></span> <span><a data-event=""click"" data-for=""cashTag"" data-tip=""UWT"" href=""/symbol/UWT"" id=""UWT-150580836-72"">$UWT</a></span> <span><a data-event=""click"" data-for=""cashTag"" data-tip=""XLE"" href=""/symbol/XLE"" id=""XLE-150580836-73"">$XLE</a></span> <span><a data-event=""click"" data-for=""cashTag"" data-tip=""DWT"" href=""/symbol/DWT"" id=""DWT-150580836-74"">$DWT</a></span> <span><a data-event=""click"" data-for=""cashTag"" data-tip=""CRC"" href=""/symbol/CRC"" id=""CRC-150580836-75"">$CRC</a></span> <span><a data-event=""click"" data-for=""cashTag"" data-tip=""RIG"" href=""/symbol/RIG"" id=""RIG-150580836-76"">$RIG</a></span> <span><a data-event=""click"" data-for=""cashTag"" data-tip=""OAS"" href=""/symbol/OAS"" id=""OAS-150580836-77"">$OAS</a></span> You dinks better hope 50 holds but I doubt it will. Look to retest 48-47 and if that cant hold 44</div></div>"
BigMeatyClaws,True,2019-01-14 13:55:00,20.987,"<div class=""MessageStreamView__body___2giLh""><div><span><a data-event=""click"" data-for=""cashTag"" data-tip=""CRC"" href=""/symbol/CRC"" id=""CRC-150577694-80"">$CRC</a></span> some fuckin sneaky shorts beating this down at the $21 level every time!!!!</div></div>"
BigMeatyClaws,True,2019-01-14 12:10:00,20.561,"<div class=""MessageStreamView__body___2giLh""><div><span><a data-event=""click"" data-for=""cashTag"" data-tip=""CRC"" href=""/symbol/CRC"" id=""CRC-150562563-83"">$CRC</a></span> <span><a data-event=""click"" data-for=""cashTag"" data-tip=""UWT"" href=""/symbol/UWT"" id=""UWT-150562563-84"">$UWT</a></span></div></div>"
BigMeatyClaws,True,2019-01-14 09:43:00,20.365,"<div class=""MessageStreamView__body___2giLh""><div><span><a data-event=""click"" data-for=""cashTag"" data-tip=""CRC"" href=""/symbol/CRC"" id=""CRC-150538653-90"">$CRC</a></span> slam this trash into the green🤣😎</div></div>"
nrp,True,2019-01-14 09:41:00,20.41,"<div class=""MessageStreamView__body___2giLh""><div><span><a data-event=""click"" data-for=""cashTag"" data-tip=""CRC"" href=""/symbol/CRC"" id=""CRC-150538416-93"">$CRC</a></span> calm down people. Just keep adding here. <span><a data-event=""click"" data-for=""cashTag"" data-tip=""CRC"" href=""/symbol/CRC"" id=""CRC-150538416-94"">$CRC</a></span> <span><a data-event=""click"" data-for=""cashTag"" data-tip=""CRZO"" href=""/symbol/CRZO"" id=""CRZO-150538416-95"">$CRZO</a></span> <span><a data-event=""click"" data-for=""cashTag"" data-tip=""SM"" href=""/symbol/SM"" id=""SM-150538416-96"">$SM</a></span> <span><a data-event=""click"" data-for=""cashTag"" data-tip=""JD"" href=""/symbol/JD"" id=""JD-150538416-97"">$JD</a></span></div></div>"
Short_Devil,False,2019-01-14 09:31:00,19.996,"<div class=""MessageStreamView__body___2giLh""><div><span><a data-event=""click"" data-for=""cashTag"" data-tip=""CRC"" href=""/symbol/CRC"" id=""CRC-150536861-100"">$CRC</a></span> under 20 👍</div></div>"
