projectjason,True,2019-01-14 15:52:00,13.75,"<div class=""MessageStreamView__body___2giLh""><div><span><a data-event=""click"" data-for=""cashTag"" data-tip=""NBEV"" href=""/symbol/NBEV"" id=""NBEV-150596305-2028"">$NBEV</a></span> <span><a data-event=""click"" data-for=""cashTag"" data-tip=""CRON"" href=""/symbol/CRON"" id=""CRON-150596305-2029"">$CRON</a></span> chilling so hard, not chasing, big balls</div></div>"
topstockalerts,True,2019-01-14 15:42:00,13.815,"<div class=""MessageStreamView__body___2giLh""><div>Top Movers:

<span><a data-event=""click"" data-for=""cashTag"" data-tip=""NBEV"" href=""/symbol/NBEV"" id=""NBEV-150594441-2035"">$NBEV</a></span> <span><a data-event=""click"" data-for=""cashTag"" data-tip=""CGC"" href=""/symbol/CGC"" id=""CGC-150594441-2036"">$CGC</a></span> <span><a data-event=""click"" data-for=""cashTag"" data-tip=""CRON"" href=""/symbol/CRON"" id=""CRON-150594441-2037"">$CRON</a></span> <span><a data-event=""click"" data-for=""cashTag"" data-tip=""AAC"" href=""/symbol/AAC"" id=""AAC-150594441-2038"">$AAC</a></span> <span><a data-event=""click"" data-for=""cashTag"" data-tip=""BIOC"" href=""/symbol/BIOC"" id=""BIOC-150594441-2039"">$BIOC</a></span> <span><a data-event=""click"" data-for=""cashTag"" data-tip=""PED"" href=""/symbol/PED"" id=""PED-150594441-2040"">$PED</a></span> <span><a data-event=""click"" data-for=""cashTag"" data-tip=""RNN"" href=""/symbol/RNN"" id=""RNN-150594441-2041"">$RNN</a></span> <span><a data-event=""click"" data-for=""cashTag"" data-tip=""USAT"" href=""/symbol/USAT"" id=""USAT-150594441-2042"">$USAT</a></span> <span><a data-event=""click"" data-for=""cashTag"" data-tip=""CFMS"" href=""/symbol/CFMS"" id=""CFMS-150594441-2043"">$CFMS</a></span> <span><a data-event=""click"" data-for=""cashTag"" data-tip=""TLRY"" href=""/symbol/TLRY"" id=""TLRY-150594441-2044"">$TLRY</a></span> <span><a data-event=""click"" data-for=""cashTag"" data-tip=""VVUS"" href=""/symbol/VVUS"" id=""VVUS-150594441-2045"">$VVUS</a></span> <span><a data-event=""click"" data-for=""cashTag"" data-tip=""SSLJ"" href=""/symbol/SSLJ"" id=""SSLJ-150594441-2046"">$SSLJ</a></span> <span><a data-event=""click"" data-for=""cashTag"" data-tip=""FTFT"" href=""/symbol/FTFT"" id=""FTFT-150594441-2047"">$FTFT</a></span> <span><a data-event=""click"" data-for=""cashTag"" data-tip=""ABAC"" href=""/symbol/ABAC"" id=""ABAC-150594441-2048"">$ABAC</a></span> <span><a data-event=""click"" data-for=""cashTag"" data-tip=""MBOT"" href=""/symbol/MBOT"" id=""MBOT-150594441-2049"">$MBOT</a></span> <span><a data-event=""click"" data-for=""cashTag"" data-tip=""BOXL"" href=""/symbol/BOXL"" id=""BOXL-150594441-2050"">$BOXL</a></span> <span><a data-event=""click"" data-for=""cashTag"" data-tip=""CODX"" href=""/symbol/CODX"" id=""CODX-150594441-2051"">$CODX</a></span> <span><a data-event=""click"" data-for=""cashTag"" data-tip=""CAPR"" href=""/symbol/CAPR"" id=""CAPR-150594441-2052"">$CAPR</a></span></div></div>"
Chark,True,2019-01-14 15:39:00,13.76,"<div class=""MessageStreamView__body___2giLh""><div><span><a data-event=""click"" data-for=""cashTag"" data-tip=""CRON"" href=""/symbol/CRON"" id=""CRON-150594008-2055"">$CRON</a></span> Lovely consolidation. Textbook.</div></div>"
Sputnik9,True,2019-01-14 15:39:00,13.76,"<div class=""MessageStreamView__body___2giLh""><div><span><a data-event=""click"" data-for=""cashTag"" data-tip=""CRON"" href=""/symbol/CRON"" id=""CRON-150593984-2058"">$CRON</a></span> C'mon little buddy You can do it! hahaha Fooseball is for the debil.</div></div>"
uagalista,True,2019-01-14 15:35:00,13.76,"<div class=""MessageStreamView__body___2giLh""><div><span><a data-event=""click"" data-for=""cashTag"" data-tip=""CRON"" href=""/symbol/CRON"" id=""CRON-150593391-2064"">$CRON</a></span>  Just a matter of time we test last years high of $15.30..We break that, GOODBYE!!</div></div>"
jwolf55219,True,2019-01-14 15:33:00,13.806,"<div class=""MessageStreamView__body___2giLh""><div><span><a data-event=""click"" data-for=""cashTag"" data-tip=""CRON"" href=""/symbol/CRON"" id=""CRON-150593012-2067"">$CRON</a></span> $15 this week please</div></div>"
wekilledshorts147,True,2019-01-14 15:31:00,13.787,"<div class=""MessageStreamView__body___2giLh""><div><span><a data-event=""click"" data-for=""cashTag"" data-tip=""CRON"" href=""/symbol/CRON"" id=""CRON-150592778-2070"">$CRON</a></span> isn’t a conference going on today I know benzinga conference Miami Beach Tuesday Wednesday  not sure if cron will be at the shiw</div></div>"
wekilledshorts147,True,2019-01-14 15:30:00,13.745,"<div class=""MessageStreamView__body___2giLh""><div><span><a data-event=""click"" data-for=""cashTag"" data-tip=""CRON"" href=""/symbol/CRON"" id=""CRON-150592478-2073"">$CRON</a></span> gonna wake up to a 10 point rise one day soon this is better</div></div>"
Daily_Trending_Tickers,True,2019-01-14 15:29:00,13.772,"<div class=""MessageStreamView__body___2giLh""><div><span><a data-event=""click"" data-for=""cashTag"" data-tip=""CGC"" href=""/symbol/CGC"" id=""CGC-150592376-2076"">$CGC</a></span> hardcore gap up candidate watching <span><a data-event=""click"" data-for=""cashTag"" data-tip=""CRON"" href=""/symbol/CRON"" id=""CRON-150592376-2077"">$CRON</a></span> <span><a data-event=""click"" data-for=""cashTag"" data-tip=""NBEV"" href=""/symbol/NBEV"" id=""NBEV-150592376-2078"">$NBEV</a></span> <span><a data-event=""click"" data-for=""cashTag"" data-tip=""TLRY"" href=""/symbol/TLRY"" id=""TLRY-150592376-2079"">$TLRY</a></span> very closely think <span><a data-event=""click"" data-for=""cashTag"" data-tip=""CRON"" href=""/symbol/CRON"" id=""CRON-150592376-2080"">$CRON</a></span> ad <span><a data-event=""click"" data-for=""cashTag"" data-tip=""TLRY"" href=""/symbol/TLRY"" id=""TLRY-150592376-2081"">$TLRY</a></span> on deck for a pop looking at charts</div></div>"
Richmundo415,True,2019-01-14 15:26:00,13.799,"<div class=""MessageStreamView__body___2giLh""><div><span><a data-event=""click"" data-for=""cashTag"" data-tip=""CRON"" href=""/symbol/CRON"" id=""CRON-150591836-2087"">$CRON</a></span> laggard, I’m thinking Green Day tomorrow for sure</div></div>"
KingHighlights,False,2019-01-14 15:23:00,13.758,"<div class=""MessageStreamView__body___2giLh""><div><span><a data-event=""click"" data-for=""cashTag"" data-tip=""CRON"" href=""/symbol/CRON"" id=""CRON-150591331-2090"">$CRON</a></span> puts anyone?</div></div>"
Anthonytheinvestor,False,2019-01-14 15:20:00,13.752,"<div class=""MessageStreamView__body___2giLh""><div><span><a data-event=""click"" data-for=""cashTag"" data-tip=""CRON"" href=""/symbol/CRON"" id=""CRON-150590898-2093"">$CRON</a></span> if it hits below 13.50, buy!!!!</div></div>"
Chark,True,2019-01-14 15:16:00,13.733,"<div class=""MessageStreamView__body___2giLh""><div><span><a data-event=""click"" data-for=""cashTag"" data-tip=""CRON"" href=""/symbol/CRON"" id=""CRON-150590192-2099"">$CRON</a></span> Volume almost 9M, yep, breakout imminent.</div></div>"
Siledif,True,2019-01-14 15:14:00,13.721,"<div class=""MessageStreamView__body___2giLh""><div><span><a data-event=""click"" data-for=""cashTag"" data-tip=""CRON"" href=""/symbol/CRON"" id=""CRON-150589841-2102"">$CRON</a></span> 🐻’s be like</div></div>"
BigMeatyClaws,False,2019-01-14 15:13:00,13.72,"<div class=""MessageStreamView__body___2giLh""><div><span><a data-event=""click"" data-for=""cashTag"" data-tip=""TLRY"" href=""/symbol/TLRY"" id=""TLRY-150589697-2105"">$TLRY</a></span> <span><a data-event=""click"" data-for=""cashTag"" data-tip=""CGC"" href=""/symbol/CGC"" id=""CGC-150589697-2106"">$CGC</a></span> <span><a data-event=""click"" data-for=""cashTag"" data-tip=""CRON"" href=""/symbol/CRON"" id=""CRON-150589697-2107"">$CRON</a></span> looks like these piggies are pulling magical press releases out of their asses every day now</div></div>"
topstockalerts,True,2019-01-14 15:11:00,13.703,"<div class=""MessageStreamView__body___2giLh""><div>Top Gainers:

<span><a data-event=""click"" data-for=""cashTag"" data-tip=""MBOT"" href=""/symbol/MBOT"" id=""MBOT-150589382-2113"">$MBOT</a></span> <span><a data-event=""click"" data-for=""cashTag"" data-tip=""PED"" href=""/symbol/PED"" id=""PED-150589382-2114"">$PED</a></span> <span><a data-event=""click"" data-for=""cashTag"" data-tip=""FTFT"" href=""/symbol/FTFT"" id=""FTFT-150589382-2115"">$FTFT</a></span> <span><a data-event=""click"" data-for=""cashTag"" data-tip=""BIOC"" href=""/symbol/BIOC"" id=""BIOC-150589382-2116"">$BIOC</a></span> <span><a data-event=""click"" data-for=""cashTag"" data-tip=""VVUS"" href=""/symbol/VVUS"" id=""VVUS-150589382-2117"">$VVUS</a></span> <span><a data-event=""click"" data-for=""cashTag"" data-tip=""CGC"" href=""/symbol/CGC"" id=""CGC-150589382-2118"">$CGC</a></span> <span><a data-event=""click"" data-for=""cashTag"" data-tip=""ABAC"" href=""/symbol/ABAC"" id=""ABAC-150589382-2119"">$ABAC</a></span> <span><a data-event=""click"" data-for=""cashTag"" data-tip=""INVE"" href=""/symbol/INVE"" id=""INVE-150589382-2120"">$INVE</a></span> <span><a data-event=""click"" data-for=""cashTag"" data-tip=""NBEV"" href=""/symbol/NBEV"" id=""NBEV-150589382-2121"">$NBEV</a></span> <span><a data-event=""click"" data-for=""cashTag"" data-tip=""BRQS"" href=""/symbol/BRQS"" id=""BRQS-150589382-2122"">$BRQS</a></span> <span><a data-event=""click"" data-for=""cashTag"" data-tip=""CODX"" href=""/symbol/CODX"" id=""CODX-150589382-2123"">$CODX</a></span> <span><a data-event=""click"" data-for=""cashTag"" data-tip=""RNN"" href=""/symbol/RNN"" id=""RNN-150589382-2124"">$RNN</a></span> <span><a data-event=""click"" data-for=""cashTag"" data-tip=""NBEV"" href=""/symbol/NBEV"" id=""NBEV-150589382-2125"">$NBEV</a></span> <span><a data-event=""click"" data-for=""cashTag"" data-tip=""AAC"" href=""/symbol/AAC"" id=""AAC-150589382-2126"">$AAC</a></span> <span><a data-event=""click"" data-for=""cashTag"" data-tip=""TLRY"" href=""/symbol/TLRY"" id=""TLRY-150589382-2127"">$TLRY</a></span> <span><a data-event=""click"" data-for=""cashTag"" data-tip=""MPO"" href=""/symbol/MPO"" id=""MPO-150589382-2128"">$MPO</a></span> <span><a data-event=""click"" data-for=""cashTag"" data-tip=""GCI"" href=""/symbol/GCI"" id=""GCI-150589382-2129"">$GCI</a></span> <span><a data-event=""click"" data-for=""cashTag"" data-tip=""CRON"" href=""/symbol/CRON"" id=""CRON-150589382-2130"">$CRON</a></span> <span><a data-event=""click"" data-for=""cashTag"" data-tip=""USAT"" href=""/symbol/USAT"" id=""USAT-150589382-2131"">$USAT</a></span> <span><a data-event=""click"" data-for=""cashTag"" data-tip=""BOXL"" href=""/symbol/BOXL"" id=""BOXL-150589382-2132"">$BOXL</a></span></div></div>"
MJ74,True,2019-01-14 15:11:00,13.703,"<div class=""MessageStreamView__body___2giLh""><div><span><a data-event=""click"" data-for=""cashTag"" data-tip=""CRON"" href=""/symbol/CRON"" id=""CRON-150589306-2135"">$CRON</a></span> Lets have a big run to end the day!</div></div>"
xio8ups,False,2019-01-14 15:03:00,13.735,"<div class=""MessageStreamView__body___2giLh""><div><span><a data-event=""click"" data-for=""cashTag"" data-tip=""CRON"" href=""/symbol/CRON"" id=""CRON-150587974-2141"">$CRON</a></span> holding 100 contracts at $15  strike price. Feb expiry. see you guys tomorrow. Mr Valentine is very pleased today.</div></div>"
RunningBulls007,True,2019-01-14 14:56:00,13.864,"<div class=""MessageStreamView__body___2giLh""><div><span><a data-event=""click"" data-for=""cashTag"" data-tip=""CRON"" href=""/symbol/CRON"" id=""CRON-150586825-2144"">$CRON</a></span> I think we got rid of most of the short term thinkers/newbie sellers at $14. We should break through within the next hour!</div></div>"
YieldAndDeal,True,2019-01-14 14:53:00,13.873,"<div class=""MessageStreamView__body___2giLh""><div><span><a data-event=""click"" data-for=""cashTag"" data-tip=""CRON"" href=""/symbol/CRON"" id=""CRON-150586401-2147"">$CRON</a></span> facing upwards resistance at $14.00</div></div>"
Chark,True,2019-01-14 14:50:00,13.828,"<div class=""MessageStreamView__body___2giLh""><div><span><a data-event=""click"" data-for=""cashTag"" data-tip=""CRON"" href=""/symbol/CRON"" id=""CRON-150585905-2150"">$CRON</a></span> Breakouts take time. Patience. Chill.</div></div>"
GooseCityOregon,True,2019-01-14 14:47:00,13.818,"<div class=""MessageStreamView__body___2giLh""><div><span><a data-event=""click"" data-for=""cashTag"" data-tip=""CRON"" href=""/symbol/CRON"" id=""CRON-150585472-2153"">$CRON</a></span> I'm not expecting much out of power hour today</div></div>"
mastertrader7,False,2019-01-14 14:43:00,13.81,"<div class=""MessageStreamView__body___2giLh""><div><span><a data-event=""click"" data-for=""cashTag"" data-tip=""CGC"" href=""/symbol/CGC"" id=""CGC-150584947-2156"">$CGC</a></span> <span><a data-event=""click"" data-for=""cashTag"" data-tip=""TLRY"" href=""/symbol/TLRY"" id=""TLRY-150584947-2157"">$TLRY</a></span> <span><a data-event=""click"" data-for=""cashTag"" data-tip=""CRON"" href=""/symbol/CRON"" id=""CRON-150584947-2158"">$CRON</a></span> need a weed version for this asap. this is what you all kids look like now and will be crying in a few weeks like btc kids</div></div>"
xio8ups,False,2019-01-14 14:42:00,13.802,"<div class=""MessageStreamView__body___2giLh""><div><span><a data-event=""click"" data-for=""cashTag"" data-tip=""CRON"" href=""/symbol/CRON"" id=""CRON-150584697-2172"">$CRON</a></span> think ill hold my 100 $15 strike price put contracts a little bit longer. :)</div></div>"
wekilledshorts147,True,2019-01-14 14:41:00,13.774,"<div class=""MessageStreamView__body___2giLh""><div><span><a data-event=""click"" data-for=""cashTag"" data-tip=""CRON"" href=""/symbol/CRON"" id=""CRON-150584630-2175"">$CRON</a></span> don’t understand why no. Eww flow from cron I mean I know Altria news was game changer but that was 34 days ago</div></div>"
wekilledshorts147,True,2019-01-14 14:40:00,13.816,"<div class=""MessageStreamView__body___2giLh""><div><span><a data-event=""click"" data-for=""cashTag"" data-tip=""CRON"" href=""/symbol/CRON"" id=""CRON-150584472-2178"">$CRON</a></span> at least bring the news about our 21 percent. Jv that was bought out</div></div>"
wekilledshorts147,True,2019-01-14 14:39:00,13.797,"<div class=""MessageStreamView__body___2giLh""><div><span><a data-event=""click"" data-for=""cashTag"" data-tip=""CRON"" href=""/symbol/CRON"" id=""CRON-150584376-2184"">$CRON</a></span> bring the news cron. This is going erup when news comes. Every other company is making deals let’s go</div></div>"
charlieQV,False,2019-01-14 14:25:00,13.908,"<div class=""MessageStreamView__body___2giLh""><div><span><a data-event=""click"" data-for=""cashTag"" data-tip=""CRON"" href=""/symbol/CRON"" id=""CRON-150582354-2203"">$CRON</a></span> 
Tilray is Bitcoin
Canopy Growth is Etherium
Cronos is Litecoin

Mark my worlds!</div></div>"
Tokyo__,True,2019-01-14 14:23:00,13.882,"<div class=""MessageStreamView__body___2giLh""><div><span><a data-event=""click"" data-for=""cashTag"" data-tip=""NBEV"" href=""/symbol/NBEV"" id=""NBEV-150582032-2206"">$NBEV</a></span> <span><a data-event=""click"" data-for=""cashTag"" data-tip=""CRON"" href=""/symbol/CRON"" id=""CRON-150582032-2207"">$CRON</a></span> <span><a data-event=""click"" data-for=""cashTag"" data-tip=""HEXO.CA"" href=""/symbol/HEXO.CA"" id=""HEXO-CA-150582032-2208"">$HEXO.CA</a></span> Are my marijuana positions. Everything else can go to 0 :)</div></div>"
xio8ups,False,2019-01-14 14:22:00,13.883,"<div class=""MessageStreamView__body___2giLh""><div><span><a data-event=""click"" data-for=""cashTag"" data-tip=""CRON"" href=""/symbol/CRON"" id=""CRON-150581877-2211"">$CRON</a></span> will not see $14 the rest of the day.</div></div>"
topstockalerts,True,2019-01-14 14:21:00,13.87,"<div class=""MessageStreamView__body___2giLh""><div>Pot stocks on high alert:

<span><a data-event=""click"" data-for=""cashTag"" data-tip=""CRON"" href=""/symbol/CRON"" id=""CRON-150581704-2214"">$CRON</a></span> <span><a data-event=""click"" data-for=""cashTag"" data-tip=""NBEV"" href=""/symbol/NBEV"" id=""NBEV-150581704-2215"">$NBEV</a></span> <span><a data-event=""click"" data-for=""cashTag"" data-tip=""APHA"" href=""/symbol/APHA"" id=""APHA-150581704-2216"">$APHA</a></span> <span><a data-event=""click"" data-for=""cashTag"" data-tip=""ACB"" href=""/symbol/ACB"" id=""ACB-150581704-2217"">$ACB</a></span> <span><a data-event=""click"" data-for=""cashTag"" data-tip=""TLRY"" href=""/symbol/TLRY"" id=""TLRY-150581704-2218"">$TLRY</a></span> <span><a data-event=""click"" data-for=""cashTag"" data-tip=""CGC"" href=""/symbol/CGC"" id=""CGC-150581704-2219"">$CGC</a></span></div></div>"
Guinness511,True,2019-01-14 14:20:00,13.848,"<div class=""MessageStreamView__body___2giLh""><div><span><a data-event=""click"" data-for=""cashTag"" data-tip=""CRON"" href=""/symbol/CRON"" id=""CRON-150581658-2222"">$CRON</a></span> <span><a data-event=""click"" data-for=""cashTag"" data-tip=""CGC"" href=""/symbol/CGC"" id=""CGC-150581658-2223"">$CGC</a></span> <span><a data-event=""click"" data-for=""cashTag"" data-tip=""ACB"" href=""/symbol/ACB"" id=""ACB-150581658-2224"">$ACB</a></span> <span><a data-event=""click"" data-for=""cashTag"" data-tip=""TLRY"" href=""/symbol/TLRY"" id=""TLRY-150581658-2225"">$TLRY</a></span> 2019 is the year of Cannabis</div></div>"
jayrome11,True,2019-01-14 14:20:00,13.848,"<div class=""MessageStreamView__body___2giLh""><div><span><a data-event=""click"" data-for=""cashTag"" data-tip=""CRON"" href=""/symbol/CRON"" id=""CRON-150581563-2228"">$CRON</a></span>  very close to huge breakout</div></div>"
LuCkOfThEdRaW,True,2019-01-14 14:17:00,13.83,"<div class=""MessageStreamView__body___2giLh""><div><span><a data-event=""click"" data-for=""cashTag"" data-tip=""CRON"" href=""/symbol/CRON"" id=""CRON-150581093-2251"">$CRON</a></span> 14 will break.</div></div>"
EddieMush,True,2019-01-14 14:15:00,13.892,"<div class=""MessageStreamView__body___2giLh""><div><span><a data-event=""click"" data-for=""cashTag"" data-tip=""CRON"" href=""/symbol/CRON"" id=""CRON-150580883-2254"">$CRON</a></span> that wall at $14 is no joke. Pop and run like CGC having right now and still cant break it.</div></div>"
kdn88,True,2019-01-14 14:10:00,13.941,"<div class=""MessageStreamView__body___2giLh""><div><span><a data-event=""click"" data-for=""cashTag"" data-tip=""CGC"" href=""/symbol/CGC"" id=""CGC-150580144-2264"">$CGC</a></span> <span><a data-event=""click"" data-for=""cashTag"" data-tip=""CRON"" href=""/symbol/CRON"" id=""CRON-150580144-2265"">$CRON</a></span> <span><a data-event=""click"" data-for=""cashTag"" data-tip=""ACB"" href=""/symbol/ACB"" id=""ACB-150580144-2266"">$ACB</a></span> bullish af</div></div>"
triplehstocks,True,2019-01-14 14:06:00,13.928,"<div class=""MessageStreamView__body___2giLh""><div>Cronos: Bullish Cup and Handle After Altria Investment. Price target of 21 <span><a data-event=""click"" data-for=""cashTag"" data-tip=""CRON"" href=""/symbol/CRON"" id=""CRON-150579531-2283"">$CRON</a></span> <span><a data-event=""click"" data-for=""cashTag"" data-tip=""TLRY"" href=""/symbol/TLRY"" id=""TLRY-150579531-2284"">$TLRY</a></span> <span><a data-event=""click"" data-for=""cashTag"" data-tip=""IIPR"" href=""/symbol/IIPR"" id=""IIPR-150579531-2285"">$IIPR</a></span> <span><a data-event=""click"" data-for=""cashTag"" data-tip=""MJ"" href=""/symbol/MJ"" id=""MJ-150579531-2286"">$MJ</a></span>
<a data-event=""click"" href=""https://www.triplehstocks.com/2019/01/14/cronos-bullish-after-altria-investment/"" rel=""noopener nofollow"" target=""_blank"">triplehstocks.com/2019/01/1...</a></div></div>"
BmmX2Pgs,True,2019-01-14 14:06:00,13.928,"<div class=""MessageStreamView__body___2giLh""><div><span><a data-event=""click"" data-for=""cashTag"" data-tip=""CGC"" href=""/symbol/CGC"" id=""CGC-150579493-2289"">$CGC</a></span> <span><a data-event=""click"" data-for=""cashTag"" data-tip=""STZ"" href=""/symbol/STZ"" id=""STZ-150579493-2290"">$STZ</a></span> <span><a data-event=""click"" data-for=""cashTag"" data-tip=""CRON"" href=""/symbol/CRON"" id=""CRON-150579493-2291"">$CRON</a></span> <span><a data-event=""click"" data-for=""cashTag"" data-tip=""NBEV"" href=""/symbol/NBEV"" id=""NBEV-150579493-2292"">$NBEV</a></span> <span><a data-event=""click"" data-for=""cashTag"" data-tip=""ACB"" href=""/symbol/ACB"" id=""ACB-150579493-2293"">$ACB</a></span> better get in while you can still afford it</div></div>"
tiremandan,True,2019-01-14 14:03:00,13.889,"<div class=""MessageStreamView__body___2giLh""><div><span><a data-event=""click"" data-for=""cashTag"" data-tip=""CRON"" href=""/symbol/CRON"" id=""CRON-150579092-2296"">$CRON</a></span> Also do yourself a favor and stop debating or any conversation with Bears. Waste of  precious <a data-event=""click"" href=""http://Time.Im"" rel=""noopener nofollow"" target=""_blank"">Time.Im</a> out until Feb.Cant do it .Best</div></div>"
mooniac,True,2019-01-14 14:01:00,13.882,"<div class=""MessageStreamView__body___2giLh""><div><span><a data-event=""click"" data-for=""cashTag"" data-tip=""CRON"" href=""/symbol/CRON"" id=""CRON-150578756-2299"">$CRON</a></span>  let's retest the earlier high</div></div>"
Chark,True,2019-01-14 13:57:00,13.855,"<div class=""MessageStreamView__body___2giLh""><div><span><a data-event=""click"" data-for=""cashTag"" data-tip=""CRON"" href=""/symbol/CRON"" id=""CRON-150578096-2308"">$CRON</a></span> Volume spike of 2 mil in about 10 minutes. Not bad.</div></div>"
eddieboom,True,2019-01-14 13:55:00,13.82,"<div class=""MessageStreamView__body___2giLh""><div><span><a data-event=""click"" data-for=""cashTag"" data-tip=""APHA"" href=""/symbol/APHA"" id=""APHA-150577687-2311"">$APHA</a></span> <span><a data-event=""click"" data-for=""cashTag"" data-tip=""CGC"" href=""/symbol/CGC"" id=""CGC-150577687-2312"">$CGC</a></span> <span><a data-event=""click"" data-for=""cashTag"" data-tip=""CRON"" href=""/symbol/CRON"" id=""CRON-150577687-2313"">$CRON</a></span> pot stocks for the win! Growth + recession proof + short fuel = fire 🔥</div></div>"
HOLDANDPROFIT,True,2019-01-14 13:52:00,13.78,"<div class=""MessageStreamView__body___2giLh""><div>Seeing green on a overall red day. <span><a data-event=""click"" data-for=""cashTag"" data-tip=""UGAZ"" href=""/symbol/UGAZ"" id=""UGAZ-150577350-2326"">$UGAZ</a></span> <span><a data-event=""click"" data-for=""cashTag"" data-tip=""USAT"" href=""/symbol/USAT"" id=""USAT-150577350-2327"">$USAT</a></span> <span><a data-event=""click"" data-for=""cashTag"" data-tip=""ACB"" href=""/symbol/ACB"" id=""ACB-150577350-2328"">$ACB</a></span> <span><a data-event=""click"" data-for=""cashTag"" data-tip=""TLRY"" href=""/symbol/TLRY"" id=""TLRY-150577350-2329"">$TLRY</a></span> <span><a data-event=""click"" data-for=""cashTag"" data-tip=""CRON"" href=""/symbol/CRON"" id=""CRON-150577350-2330"">$CRON</a></span></div></div>"
tiremandan,True,2019-01-14 13:49:00,13.861,"<div class=""MessageStreamView__body___2giLh""><div><span><a data-event=""click"" data-for=""cashTag"" data-tip=""CRON"" href=""/symbol/CRON"" id=""CRON-150576802-2333"">$CRON</a></span> I know it’s difficult for everyone including me. But if you are long and long term do yourself a favor and stop checking every 5 min.</div></div>"
EPS_MomentuM,True,2019-01-14 13:47:00,13.878,"<div class=""MessageStreamView__body___2giLh""><div><span><a data-event=""click"" data-for=""cashTag"" data-tip=""MJ"" href=""/symbol/MJ"" id=""MJ-150576606-2336"">$MJ</a></span> stocks spiking last few minutes <span><a data-event=""click"" data-for=""cashTag"" data-tip=""ACB"" href=""/symbol/ACB"" id=""ACB-150576606-2337"">$ACB</a></span> <span><a data-event=""click"" data-for=""cashTag"" data-tip=""CGC"" href=""/symbol/CGC"" id=""CGC-150576606-2338"">$CGC</a></span> <span><a data-event=""click"" data-for=""cashTag"" data-tip=""TLRY"" href=""/symbol/TLRY"" id=""TLRY-150576606-2339"">$TLRY</a></span> <span><a data-event=""click"" data-for=""cashTag"" data-tip=""CRON"" href=""/symbol/CRON"" id=""CRON-150576606-2340"">$CRON</a></span> <span><a data-event=""click"" data-for=""cashTag"" data-tip=""WTER"" href=""/symbol/WTER"" id=""WTER-150576606-2341"">$WTER</a></span> imagine the spike on Canada approval of CBD in food.</div></div>"
totherescue,True,2019-01-14 13:45:00,13.841,"<div class=""MessageStreamView__body___2giLh""><div><span><a data-event=""click"" data-for=""cashTag"" data-tip=""CGC"" href=""/symbol/CGC"" id=""CGC-150576278-2347"">$CGC</a></span> 42 incomng!!! <span><a data-event=""click"" data-for=""cashTag"" data-tip=""TLRY"" href=""/symbol/TLRY"" id=""TLRY-150576278-2348"">$TLRY</a></span> <span><a data-event=""click"" data-for=""cashTag"" data-tip=""CRON"" href=""/symbol/CRON"" id=""CRON-150576278-2349"">$CRON</a></span> <span><a data-event=""click"" data-for=""cashTag"" data-tip=""NBEV"" href=""/symbol/NBEV"" id=""NBEV-150576278-2350"">$NBEV</a></span></div></div>"
xio8ups,False,2019-01-14 13:42:00,13.81,"<div class=""MessageStreamView__body___2giLh""><div><span><a data-event=""click"" data-for=""cashTag"" data-tip=""CRON"" href=""/symbol/CRON"" id=""CRON-150575775-2353"">$CRON</a></span> going to be a blood bath after tomorrow and the 18th</div></div>"
mooniac,True,2019-01-14 13:40:00,13.734,"<div class=""MessageStreamView__body___2giLh""><div><span><a data-event=""click"" data-for=""cashTag"" data-tip=""CRON"" href=""/symbol/CRON"" id=""CRON-150575428-2363"">$CRON</a></span> glad I bought more at that   dip</div></div>"
LupusNox,True,2019-01-14 13:38:00,13.78,"<div class=""MessageStreamView__body___2giLh""><div>📈 <span><a data-event=""click"" data-for=""cashTag"" data-tip=""GUSH"" href=""/symbol/GUSH"" id=""GUSH-150575160-2366"">$GUSH</a></span> 📉 <span><a data-event=""click"" data-for=""cashTag"" data-tip=""DRIP"" href=""/symbol/DRIP"" id=""DRIP-150575160-2367"">$DRIP</a></span> 📈 <span><a data-event=""click"" data-for=""cashTag"" data-tip=""CRON"" href=""/symbol/CRON"" id=""CRON-150575160-2368"">$CRON</a></span> 🤔💱💲</div></div>"
J_Clancy,True,2019-01-14 13:36:00,13.795,"<div class=""MessageStreamView__body___2giLh""><div><span><a data-event=""click"" data-for=""cashTag"" data-tip=""CRON"" href=""/symbol/CRON"" id=""CRON-150574897-2371"">$CRON</a></span> volume galore!</div></div>"
MHoney123,True,2019-01-14 13:36:00,13.795,"<div class=""MessageStreamView__body___2giLh""><div><span><a data-event=""click"" data-for=""cashTag"" data-tip=""CRON"" href=""/symbol/CRON"" id=""CRON-150574895-2374"">$CRON</a></span> surprise surprise</div></div>"
Chark,True,2019-01-14 13:36:00,13.795,"<div class=""MessageStreamView__body___2giLh""><div><span><a data-event=""click"" data-for=""cashTag"" data-tip=""CRON"" href=""/symbol/CRON"" id=""CRON-150574863-2377"">$CRON</a></span> Someone just bought a bunch of shares.</div></div>"
12cullenj,True,2019-01-14 13:36:00,13.795,"<div class=""MessageStreamView__body___2giLh""><div><span><a data-event=""click"" data-for=""cashTag"" data-tip=""CRON"" href=""/symbol/CRON"" id=""CRON-150574844-2380"">$CRON</a></span> have some 15$ calls. We seeing that this week? Comeonnnn</div></div>"
GooseCityOregon,True,2019-01-14 13:35:00,13.839,"<div class=""MessageStreamView__body___2giLh""><div><span><a data-event=""click"" data-for=""cashTag"" data-tip=""CRON"" href=""/symbol/CRON"" id=""CRON-150574637-2389"">$CRON</a></span> Jeeeeez</div></div>"
TheManiac,True,2019-01-14 13:35:00,13.839,"<div class=""MessageStreamView__body___2giLh""><div><span><a data-event=""click"" data-for=""cashTag"" data-tip=""CRON"" href=""/symbol/CRON"" id=""CRON-150574633-2392"">$CRON</a></span> lol wtf was that</div></div>"
BullionaireInTraining,True,2019-01-14 13:28:00,13.509,"<div class=""MessageStreamView__body___2giLh""><div><span><a data-event=""click"" data-for=""cashTag"" data-tip=""NBEV"" href=""/symbol/NBEV"" id=""NBEV-150573559-2398"">$NBEV</a></span> gettin after those dollars don’t miss the afternoon rally <span><a data-event=""click"" data-for=""cashTag"" data-tip=""CGC"" href=""/symbol/CGC"" id=""CGC-150573559-2399"">$CGC</a></span> <span><a data-event=""click"" data-for=""cashTag"" data-tip=""ACB"" href=""/symbol/ACB"" id=""ACB-150573559-2400"">$ACB</a></span> <span><a data-event=""click"" data-for=""cashTag"" data-tip=""CRON"" href=""/symbol/CRON"" id=""CRON-150573559-2401"">$CRON</a></span> <span><a data-event=""click"" data-for=""cashTag"" data-tip=""TGOD.CA"" href=""/symbol/TGOD.CA"" id=""TGOD-CA-150573559-2402"">$TGOD.CA</a></span> <span><a data-event=""click"" data-for=""cashTag"" data-tip=""TLRY"" href=""/symbol/TLRY"" id=""TLRY-150573559-2403"">$TLRY</a></span> <span><a data-event=""click"" data-for=""cashTag"" data-tip=""MJ"" href=""/symbol/MJ"" id=""MJ-150573559-2404"">$MJ</a></span></div></div>"
xio8ups,False,2019-01-14 13:21:00,13.557,"<div class=""MessageStreamView__body___2giLh""><div><span><a data-event=""click"" data-for=""cashTag"" data-tip=""CRON"" href=""/symbol/CRON"" id=""CRON-150572653-2407"">$CRON</a></span> down she goessssssssssssssssssss</div></div>"
MJ74,True,2019-01-14 13:20:00,13.589,"<div class=""MessageStreamView__body___2giLh""><div><span><a data-event=""click"" data-for=""cashTag"" data-tip=""CRON"" href=""/symbol/CRON"" id=""CRON-150572492-2413"">$CRON</a></span> lets go CRON, I wanna see $14!!</div></div>"
charlieQV,False,2019-01-14 13:19:00,13.613,"<div class=""MessageStreamView__body___2giLh""><div><span><a data-event=""click"" data-for=""cashTag"" data-tip=""CRON"" href=""/symbol/CRON"" id=""CRON-150572299-2416"">$CRON</a></span> going back down to 7.00</div></div>"
jayrome11,True,2019-01-14 13:07:00,13.556,"<div class=""MessageStreamView__body___2giLh""><div><span><a data-event=""click"" data-for=""cashTag"" data-tip=""CRON"" href=""/symbol/CRON"" id=""CRON-150570615-2438"">$CRON</a></span>  btfd folks....while they flush out the momo day traders...its the time to buy</div></div>"
YieldAndDeal,True,2019-01-14 12:55:00,13.584,"<div class=""MessageStreamView__body___2giLh""><div><span><a data-event=""click"" data-for=""cashTag"" data-tip=""CRON"" href=""/symbol/CRON"" id=""CRON-150568877-2453"">$CRON</a></span> new support at 13.5?</div></div>"
Martin1933,True,2019-01-14 12:53:00,13.581,"<div class=""MessageStreamView__body___2giLh""><div><span><a data-event=""click"" data-for=""cashTag"" data-tip=""CRON"" href=""/symbol/CRON"" id=""CRON-150568575-2456"">$CRON</a></span> a new batch of retarded bears today</div></div>"
AceTrader50,True,2019-01-14 12:53:00,13.581,"<div class=""MessageStreamView__body___2giLh""><div><span><a data-event=""click"" data-for=""cashTag"" data-tip=""CRON"" href=""/symbol/CRON"" id=""CRON-150568553-2459"">$CRON</a></span> What news are we waiting on????</div></div>"
WullStrit,False,2019-01-14 12:47:00,13.534,"<div class=""MessageStreamView__body___2giLh""><div><span><a data-event=""click"" data-for=""cashTag"" data-tip=""CRON"" href=""/symbol/CRON"" id=""CRON-150567749-2465"">$CRON</a></span> if not short, sell now, wait for 11 entry.</div></div>"
WullStrit,False,2019-01-14 12:46:00,13.542,"<div class=""MessageStreamView__body___2giLh""><div><span><a data-event=""click"" data-for=""cashTag"" data-tip=""CRON"" href=""/symbol/CRON"" id=""CRON-150567617-2472"">$CRON</a></span> time to short</div></div>"
vbcapital,False,2019-01-14 12:46:00,13.542,"<div class=""MessageStreamView__body___2giLh""><div><span><a data-event=""click"" data-for=""cashTag"" data-tip=""CRON"" href=""/symbol/CRON"" id=""CRON-150567586-2475"">$CRON</a></span> why red 🤔</div></div>"
theNatureboy102,True,2019-01-14 12:44:00,13.535,"<div class=""MessageStreamView__body___2giLh""><div><span><a data-event=""click"" data-for=""cashTag"" data-tip=""CRON"" href=""/symbol/CRON"" id=""CRON-150567293-2478"">$CRON</a></span> better buy the dips .. it’s giving you a chance right now .. don’t be foolish</div></div>"
totherescue,False,2019-01-14 12:39:00,13.704,"<div class=""MessageStreamView__body___2giLh""><div><span><a data-event=""click"" data-for=""cashTag"" data-tip=""TLRY"" href=""/symbol/TLRY"" id=""TLRY-150566691-2484"">$TLRY</a></span> <span><a data-event=""click"" data-for=""cashTag"" data-tip=""CGC"" href=""/symbol/CGC"" id=""CGC-150566691-2485"">$CGC</a></span> <span><a data-event=""click"" data-for=""cashTag"" data-tip=""CRON"" href=""/symbol/CRON"" id=""CRON-150566691-2486"">$CRON</a></span> puts galore today</div></div>"
BrownWarrenBuffet,True,2019-01-14 12:38:00,13.728,"<div class=""MessageStreamView__body___2giLh""><div><span><a data-event=""click"" data-for=""cashTag"" data-tip=""CRON"" href=""/symbol/CRON"" id=""CRON-150566563-2489"">$CRON</a></span> Hope yall bought into that dip!</div></div>"
Chark,True,2019-01-14 12:36:00,13.701,"<div class=""MessageStreamView__body___2giLh""><div><span><a data-event=""click"" data-for=""cashTag"" data-tip=""CRON"" href=""/symbol/CRON"" id=""CRON-150566259-2503"">$CRON</a></span> Excellent coiling at the base. Spring loading.</div></div>"
chicksforfree,False,2019-01-14 12:33:00,13.798,"<div class=""MessageStreamView__body___2giLh""><div><span><a data-event=""click"" data-for=""cashTag"" data-tip=""CRON"" href=""/symbol/CRON"" id=""CRON-150565913-2506"">$CRON</a></span> 

Bigger scam than Bitcoin ...all marijuana junks</div></div>"
xio8ups,False,2019-01-14 12:28:00,13.792,"<div class=""MessageStreamView__body___2giLh""><div><span><a data-event=""click"" data-for=""cashTag"" data-tip=""CRON"" href=""/symbol/CRON"" id=""CRON-150565288-2512"">$CRON</a></span> trap them batgholders</div></div>"
TakeProfits120,False,2019-01-14 12:25:00,13.744,"<div class=""MessageStreamView__body___2giLh""><div><span><a data-event=""click"" data-for=""cashTag"" data-tip=""CRON"" href=""/symbol/CRON"" id=""CRON-150564894-2515"">$CRON</a></span> STRONG SELL! <a data-event=""click"" href=""https://www.zacks.com/stock/quote/CRON?q=CRON"" rel=""noopener nofollow"" target=""_blank"">zacks.com/amp/stock/quote/CRON</a></div></div>"
tiremandan,True,2019-01-14 12:21:00,13.788,"<div class=""MessageStreamView__body___2giLh""><div><span><a data-event=""click"" data-for=""cashTag"" data-tip=""CRON"" href=""/symbol/CRON"" id=""CRON-150564256-2518"">$CRON</a></span> This isn’t a get rich quick stock.Also not the best day trade stock. This is a hold. The stability and lack of big swings prove it.</div></div>"
GooseCityOregon,True,2019-01-14 12:11:00,13.851,"<div class=""MessageStreamView__body___2giLh""><div><span><a data-event=""click"" data-for=""cashTag"" data-tip=""CRON"" href=""/symbol/CRON"" id=""CRON-150562593-2521"">$CRON</a></span> 2:15, 2:30 is when we'll see this explode today</div></div>"
TheBlaze,True,2019-01-14 12:10:00,13.877,"<div class=""MessageStreamView__body___2giLh""><div><span><a data-event=""click"" data-for=""cashTag"" data-tip=""YGYI"" href=""/symbol/YGYI"" id=""YGYI-150562487-2524"">$YGYI</a></span> <span><a data-event=""click"" data-for=""cashTag"" data-tip=""NBEV"" href=""/symbol/NBEV"" id=""NBEV-150562487-2525"">$NBEV</a></span> <span><a data-event=""click"" data-for=""cashTag"" data-tip=""TLRY"" href=""/symbol/TLRY"" id=""TLRY-150562487-2526"">$TLRY</a></span> <span><a data-event=""click"" data-for=""cashTag"" data-tip=""CRON"" href=""/symbol/CRON"" id=""CRON-150562487-2527"">$CRON</a></span> <span><a data-event=""click"" data-for=""cashTag"" data-tip=""ACB"" href=""/symbol/ACB"" id=""ACB-150562487-2528"">$ACB</a></span> <span><a data-event=""click"" data-for=""cashTag"" data-tip=""APHA"" href=""/symbol/APHA"" id=""APHA-150562487-2529"">$APHA</a></span> <span><a data-event=""click"" data-for=""cashTag"" data-tip=""GWPH"" href=""/symbol/GWPH"" id=""GWPH-150562487-2530"">$GWPH</a></span> <span><a data-event=""click"" data-for=""cashTag"" data-tip=""LEVB"" href=""/symbol/LEVB"" id=""LEVB-150562487-2531"">$LEVB</a></span>
<span><a data-event=""click"" data-for=""cashTag"" data-tip=""YGYI"" href=""/symbol/YGYI"" id=""YGYI-150562487-2532"">$YGYI</a></span> is heating up 

 These 4 Marijuana Stocks On Monday (1/14/19) <a data-event=""click"" href=""https://finance.yahoo.com/news/watch-4-marijuana-stocks-monday-155500608.html"" rel=""noopener nofollow"" target=""_blank"">finance.yahoo.com/news/watc...</a></div></div>"
vbcapital,False,2019-01-14 12:06:00,13.883,"<div class=""MessageStreamView__body___2giLh""><div><span><a data-event=""click"" data-for=""cashTag"" data-tip=""CRON"" href=""/symbol/CRON"" id=""CRON-150562018-2535"">$CRON</a></span> 14 reject 14 reject 😱</div></div>"
jayrome11,True,2019-01-14 12:04:00,13.89,"<div class=""MessageStreamView__body___2giLh""><div><span><a data-event=""click"" data-for=""cashTag"" data-tip=""CRON"" href=""/symbol/CRON"" id=""CRON-150561743-2538"">$CRON</a></span> its gonna spike hard soon....MM just accumulating shares....if you're short or own puts....it was nice knowing you</div></div>"
jayrome11,True,2019-01-14 11:59:00,13.93,"<div class=""MessageStreamView__body___2giLh""><div><span><a data-event=""click"" data-for=""cashTag"" data-tip=""CRON"" href=""/symbol/CRON"" id=""CRON-150560997-2549"">$CRON</a></span>  get ready for the big move up....</div></div>"
reanimatedgif,True,2019-01-14 11:51:00,13.891,"<div class=""MessageStreamView__body___2giLh""><div><span><a data-event=""click"" data-for=""cashTag"" data-tip=""CRON"" href=""/symbol/CRON"" id=""CRON-150559976-2560"">$CRON</a></span> here she goes!!!</div></div>"
GooseCityOregon,True,2019-01-14 11:51:00,13.891,"<div class=""MessageStreamView__body___2giLh""><div><span><a data-event=""click"" data-for=""cashTag"" data-tip=""CRON"" href=""/symbol/CRON"" id=""CRON-150559844-2563"">$CRON</a></span> After tomorrow 13s will be a thing of the past, into the graveyard with 7, 8, 9, 10, 11, &amp; 12s</div></div>"
JCarv5,True,2019-01-14 11:47:00,13.85,"<div class=""MessageStreamView__body___2giLh""><div><span><a data-event=""click"" data-for=""cashTag"" data-tip=""CRON"" href=""/symbol/CRON"" id=""CRON-150559328-2569"">$CRON</a></span> for those waiting for re entry, it's not going back to 10 without some really bad news.</div></div>"
triplehstocks,True,2019-01-14 11:29:00,13.741,"<div class=""MessageStreamView__body___2giLh""><div>IIPR: A Marijuana Focused REIT With Bullish Breakout. <span><a data-event=""click"" data-for=""cashTag"" data-tip=""IIPR"" href=""/symbol/IIPR"" id=""IIPR-150556459-2572"">$IIPR</a></span> <span><a data-event=""click"" data-for=""cashTag"" data-tip=""TLRY"" href=""/symbol/TLRY"" id=""TLRY-150556459-2573"">$TLRY</a></span> <span><a data-event=""click"" data-for=""cashTag"" data-tip=""MJ"" href=""/symbol/MJ"" id=""MJ-150556459-2574"">$MJ</a></span> <span><a data-event=""click"" data-for=""cashTag"" data-tip=""VNQ"" href=""/symbol/VNQ"" id=""VNQ-150556459-2575"">$VNQ</a></span> <span><a data-event=""click"" data-for=""cashTag"" data-tip=""CRON"" href=""/symbol/CRON"" id=""CRON-150556459-2576"">$CRON</a></span> <span><a data-event=""click"" data-for=""cashTag"" data-tip=""CGC"" href=""/symbol/CGC"" id=""CGC-150556459-2577"">$CGC</a></span> <span><a data-event=""click"" data-for=""cashTag"" data-tip=""XLRE"" href=""/symbol/XLRE"" id=""XLRE-150556459-2578"">$XLRE</a></span>
<a data-event=""click"" href=""https://www.triplehstocks.com/2019/01/14/innovative-industrial-properties-a-marijuana-focused-reit/"" rel=""noopener nofollow"" target=""_blank"">triplehstocks.com/2019/01/1...</a></div></div>"
NE0,True,2019-01-14 11:24:00,13.733,"<div class=""MessageStreamView__body___2giLh""><div><span><a data-event=""click"" data-for=""cashTag"" data-tip=""CRON"" href=""/symbol/CRON"" id=""CRON-150555683-2581"">$CRON</a></span> just a friendly reminder that CRON had a 21% stake in whistler before the <span><a data-event=""click"" data-for=""cashTag"" data-tip=""ACB"" href=""/symbol/ACB"" id=""ACB-150555683-2582"">$ACB</a></span> acquisition. More money for the war chest.</div></div>"
GooseCityOregon,True,2019-01-14 11:21:00,13.765,"<div class=""MessageStreamView__body___2giLh""><div><span><a data-event=""click"" data-for=""cashTag"" data-tip=""CRON"" href=""/symbol/CRON"" id=""CRON-150555174-2590"">$CRON</a></span> Close above 14</div></div>"
MexicanBlackBird,True,2019-01-14 11:18:00,13.792,"<div class=""MessageStreamView__body___2giLh""><div><span><a data-event=""click"" data-for=""cashTag"" data-tip=""CRON"" href=""/symbol/CRON"" id=""CRON-150554644-2596"">$CRON</a></span> come on back down to papá,  Mijo!.. Re-entry 10.99ish for me.</div></div>"
EPS_MomentuM,True,2019-01-14 11:15:00,13.794,"<div class=""MessageStreamView__body___2giLh""><div><span><a data-event=""click"" data-for=""cashTag"" data-tip=""MJ"" href=""/symbol/MJ"" id=""MJ-150554159-2599"">$MJ</a></span> <span><a data-event=""click"" data-for=""cashTag"" data-tip=""TLRY"" href=""/symbol/TLRY"" id=""TLRY-150554159-2600"">$TLRY</a></span> <span><a data-event=""click"" data-for=""cashTag"" data-tip=""CGC"" href=""/symbol/CGC"" id=""CGC-150554159-2601"">$CGC</a></span> <span><a data-event=""click"" data-for=""cashTag"" data-tip=""ACB"" href=""/symbol/ACB"" id=""ACB-150554159-2602"">$ACB</a></span> <span><a data-event=""click"" data-for=""cashTag"" data-tip=""CRON"" href=""/symbol/CRON"" id=""CRON-150554159-2603"">$CRON</a></span> <span><a data-event=""click"" data-for=""cashTag"" data-tip=""NBEV"" href=""/symbol/NBEV"" id=""NBEV-150554159-2604"">$NBEV</a></span> <span><a data-event=""click"" data-for=""cashTag"" data-tip=""WTER"" href=""/symbol/WTER"" id=""WTER-150554159-2605"">$WTER</a></span> baskets of weed work best.</div></div>"
louisg1,True,2019-01-14 11:13:00,13.728,"<div class=""MessageStreamView__body___2giLh""><div><span><a data-event=""click"" data-for=""cashTag"" data-tip=""CRON"" href=""/symbol/CRON"" id=""CRON-150553906-2614"">$CRON</a></span> </div></div>"
xio8ups,False,2019-01-14 11:12:00,13.706,"<div class=""MessageStreamView__body___2giLh""><div><span><a data-event=""click"" data-for=""cashTag"" data-tip=""CRON"" href=""/symbol/CRON"" id=""CRON-150553702-2625"">$CRON</a></span> DOWN DOWN DOWN DOWN FLUSHHHHHHHHHHHHH</div></div>"
ParadoxParadigm,True,2019-01-14 11:10:00,13.747,"<div class=""MessageStreamView__body___2giLh""><div><span><a data-event=""click"" data-for=""cashTag"" data-tip=""PYX"" href=""/symbol/PYX"" id=""PYX-150553401-2634"">$PYX</a></span> <span><a data-event=""click"" data-for=""cashTag"" data-tip=""ACB"" href=""/symbol/ACB"" id=""ACB-150553401-2635"">$ACB</a></span> <span><a data-event=""click"" data-for=""cashTag"" data-tip=""CRON"" href=""/symbol/CRON"" id=""CRON-150553401-2636"">$CRON</a></span> <span><a data-event=""click"" data-for=""cashTag"" data-tip=""NBEV"" href=""/symbol/NBEV"" id=""NBEV-150553401-2637"">$NBEV</a></span> <span><a data-event=""click"" data-for=""cashTag"" data-tip=""TLRY"" href=""/symbol/TLRY"" id=""TLRY-150553401-2638"">$TLRY</a></span> <span><a data-event=""click"" data-for=""cashTag"" data-tip=""CGC"" href=""/symbol/CGC"" id=""CGC-150553401-2639"">$CGC</a></span> <span><a data-event=""click"" data-for=""cashTag"" data-tip=""TGOD.CA"" href=""/symbol/TGOD.CA"" id=""TGOD-CA-150553401-2640"">$TGOD.CA</a></span> HODL BRAH</div></div>"
chicksforfree,False,2019-01-14 11:06:00,13.74,"<div class=""MessageStreamView__body___2giLh""><div><span><a data-event=""click"" data-for=""cashTag"" data-tip=""CRON"" href=""/symbol/CRON"" id=""CRON-150552868-2643"">$CRON</a></span> 

Good luck, shortzzz .....( ! ) ... anything over $10 it's a safe entry.
Chronic bagholderzzz are present</div></div>"
GooseCityOregon,True,2019-01-14 11:03:00,13.75,"<div class=""MessageStreamView__body___2giLh""><div><span><a data-event=""click"" data-for=""cashTag"" data-tip=""CRON"" href=""/symbol/CRON"" id=""CRON-150552329-2649"">$CRON</a></span> Bear trap</div></div>"
Chark,True,2019-01-14 11:01:00,13.635,"<div class=""MessageStreamView__body___2giLh""><div><span><a data-event=""click"" data-for=""cashTag"" data-tip=""CRON"" href=""/symbol/CRON"" id=""CRON-150552032-2652"">$CRON</a></span> Double bottom on the daily. Nice.</div></div>"
eddysand,False,2019-01-14 10:56:00,13.698,"<div class=""MessageStreamView__body___2giLh""><div><span><a data-event=""click"" data-for=""cashTag"" data-tip=""CRON"" href=""/symbol/CRON"" id=""CRON-150551232-2658"">$CRON</a></span> long term bullish on the industry, but loading on puts here as the rally needs a breather</div></div>"
dinoperson1,True,2019-01-14 10:55:00,13.7,"<div class=""MessageStreamView__body___2giLh""><div><span><a data-event=""click"" data-for=""cashTag"" data-tip=""ACB"" href=""/symbol/ACB"" id=""ACB-150550984-2664"">$ACB</a></span> The 45% stake in <span><a data-event=""click"" data-for=""cashTag"" data-tip=""CRON"" href=""/symbol/CRON"" id=""CRON-150550984-2665"">$CRON</a></span> by tobacco giant Altria, is completely against the culture of Whistler. ACB just plucked a very nice jewel</div></div>"
gobie,True,2019-01-14 10:54:00,13.721,"<div class=""MessageStreamView__body___2giLh""><div><span><a data-event=""click"" data-for=""cashTag"" data-tip=""CRON"" href=""/symbol/CRON"" id=""CRON-150550839-2668"">$CRON</a></span> watch level 2 .. no big investors just day traders playing😀</div></div>"
Chark,True,2019-01-14 10:54:00,13.721,"<div class=""MessageStreamView__body___2giLh""><div><span><a data-event=""click"" data-for=""cashTag"" data-tip=""CRON"" href=""/symbol/CRON"" id=""CRON-150550789-2671"">$CRON</a></span> Convergence/divergence is lovely. Breakout imminent. DEO would be a great deal too.</div></div>"
DailyMarijuanaObserver,True,2019-01-14 10:53:00,13.727,"<div class=""MessageStreamView__body___2giLh""><div>Trading Marijuana Stocks on E-Trade

<a data-event=""click"" href=""https://mjobserver.com/united-states/trading-marijuana-stocks-on-e-trade/"" rel=""noopener nofollow"" target=""_blank"">mjobserver.com/united-state...</a>
<span><a data-event=""click"" data-for=""cashTag"" data-tip=""ETFC"" href=""/symbol/ETFC"" id=""ETFC-150550783-2674"">$ETFC</a></span> <span><a data-event=""click"" data-for=""cashTag"" data-tip=""MJ"" href=""/symbol/MJ"" id=""MJ-150550783-2675"">$MJ</a></span> <span><a data-event=""click"" data-for=""cashTag"" data-tip=""HMMJ.CA"" href=""/symbol/HMMJ.CA"" id=""HMMJ-CA-150550783-2676"">$HMMJ.CA</a></span> <span><a data-event=""click"" data-for=""cashTag"" data-tip=""TLRY"" href=""/symbol/TLRY"" id=""TLRY-150550783-2677"">$TLRY</a></span> <span><a data-event=""click"" data-for=""cashTag"" data-tip=""CRON"" href=""/symbol/CRON"" id=""CRON-150550783-2678"">$CRON</a></span> <span><a data-event=""click"" data-for=""cashTag"" data-tip=""CGC"" href=""/symbol/CGC"" id=""CGC-150550783-2679"">$CGC</a></span> <span><a data-event=""click"" data-for=""cashTag"" data-tip=""APHA"" href=""/symbol/APHA"" id=""APHA-150550783-2680"">$APHA</a></span> <span><a data-event=""click"" data-for=""cashTag"" data-tip=""ACB"" href=""/symbol/ACB"" id=""ACB-150550783-2681"">$ACB</a></span></div></div>"
mspgnl,False,2019-01-14 10:53:00,13.727,"<div class=""MessageStreamView__body___2giLh""><div><span><a data-event=""click"" data-for=""cashTag"" data-tip=""CRON"" href=""/symbol/CRON"" id=""CRON-150550725-2684"">$CRON</a></span> Cashing out was last Friday, but if you have profits, cash out because things are going to get ugly.</div></div>"
dinoperson1,True,2019-01-14 10:51:00,13.715,"<div class=""MessageStreamView__body___2giLh""><div><span><a data-event=""click"" data-for=""cashTag"" data-tip=""ACB"" href=""/symbol/ACB"" id=""ACB-150550450-2687"">$ACB</a></span> ACB getting Whistler is a blow to <span><a data-event=""click"" data-for=""cashTag"" data-tip=""CRON"" href=""/symbol/CRON"" id=""CRON-150550450-2688"">$CRON</a></span></div></div>"
LibertySilver,False,2019-01-14 10:50:00,13.747,"<div class=""MessageStreamView__body___2giLh""><div><span><a data-event=""click"" data-for=""cashTag"" data-tip=""CRON"" href=""/symbol/CRON"" id=""CRON-150550152-2691"">$CRON</a></span></div></div>"
TrendLineMaster,True,2019-01-14 10:49:00,13.789,"<div class=""MessageStreamView__body___2giLh""><div><span><a data-event=""click"" data-for=""cashTag"" data-tip=""CRON"" href=""/symbol/CRON"" id=""CRON-150550009-2694"">$CRON</a></span> last chart today on this one weekly chart target highlighted.</div></div>"
xio8ups,False,2019-01-14 10:38:00,13.875,"<div class=""MessageStreamView__body___2giLh""><div><span><a data-event=""click"" data-for=""cashTag"" data-tip=""CRON"" href=""/symbol/CRON"" id=""CRON-150548209-2718"">$CRON</a></span> The bag holding manipulating is strong with this one.</div></div>"
charlieQV,False,2019-01-14 10:35:00,13.893,"<div class=""MessageStreamView__body___2giLh""><div><span><a data-event=""click"" data-for=""cashTag"" data-tip=""CRON"" href=""/symbol/CRON"" id=""CRON-150547654-2721"">$CRON</a></span> the next Litecoin Crypto all over</div></div>"
jayrome11,True,2019-01-14 10:31:00,13.961,"<div class=""MessageStreamView__body___2giLh""><div><span><a data-event=""click"" data-for=""cashTag"" data-tip=""CRON"" href=""/symbol/CRON"" id=""CRON-150547037-2733"">$CRON</a></span> once 14 becomes support....its gonna jump over 15 quickly....buy now don't chase it later</div></div>"
RunningBulls007,True,2019-01-14 10:30:00,13.956,"<div class=""MessageStreamView__body___2giLh""><div><span><a data-event=""click"" data-for=""cashTag"" data-tip=""CRON"" href=""/symbol/CRON"" id=""CRON-150546819-2739"">$CRON</a></span> Can all your short term thinkers stop selling at $14 so we can blow past it? Thanks!</div></div>"
xio8ups,False,2019-01-14 10:26:00,13.905,"<div class=""MessageStreamView__body___2giLh""><div><span><a data-event=""click"" data-for=""cashTag"" data-tip=""CRON"" href=""/symbol/CRON"" id=""CRON-150546309-2742"">$CRON</a></span> DROP DROP DROP</div></div>"
jayrome11,True,2019-01-14 10:24:00,13.895,"<div class=""MessageStreamView__body___2giLh""><div><span><a data-event=""click"" data-for=""cashTag"" data-tip=""CRON"" href=""/symbol/CRON"" id=""CRON-150545989-2745"">$CRON</a></span> 14 about to become new support</div></div>"
jayrome11,True,2019-01-14 10:20:00,13.939,"<div class=""MessageStreamView__body___2giLh""><div><span><a data-event=""click"" data-for=""cashTag"" data-tip=""CRON"" href=""/symbol/CRON"" id=""CRON-150545392-2748"">$CRON</a></span> gonna break 14 today.....see you at 25 by mid Feb</div></div>"
Loadup,True,2019-01-14 10:16:00,13.831,"<div class=""MessageStreamView__body___2giLh""><div><span><a data-event=""click"" data-for=""cashTag"" data-tip=""QBIO"" href=""/symbol/QBIO"" id=""QBIO-150544660-2755"">$QBIO</a></span> Keep on watch!! Hearing Big <a data-event=""click"" href=""/topic/FDA"">#FDA</a> NEWS coming... <span><a data-event=""click"" data-for=""cashTag"" data-tip=""LULU"" href=""/symbol/LULU"" id=""LULU-150544660-2756"">$LULU</a></span> <span><a data-event=""click"" data-for=""cashTag"" data-tip=""UGAZ"" href=""/symbol/UGAZ"" id=""UGAZ-150544660-2757"">$UGAZ</a></span> <span><a data-event=""click"" data-for=""cashTag"" data-tip=""AEX"" href=""/symbol/AEX"" id=""AEX-150544660-2758"">$AEX</a></span> <span><a data-event=""click"" data-for=""cashTag"" data-tip=""OMER"" href=""/symbol/OMER"" id=""OMER-150544660-2759"">$OMER</a></span> <span><a data-event=""click"" data-for=""cashTag"" data-tip=""CRON"" href=""/symbol/CRON"" id=""CRON-150544660-2760"">$CRON</a></span></div></div>"
BurningShorts,True,2019-01-14 10:15:00,14,"<div class=""MessageStreamView__body___2giLh""><div><span><a data-event=""click"" data-for=""cashTag"" data-tip=""CRON"" href=""/symbol/CRON"" id=""CRON-150544505-2766"">$CRON</a></span>

Still showing strong healthy action.</div></div>"
Guinness511,True,2019-01-14 10:14:00,13.969,"<div class=""MessageStreamView__body___2giLh""><div><span><a data-event=""click"" data-for=""cashTag"" data-tip=""CRON"" href=""/symbol/CRON"" id=""CRON-150544284-2769"">$CRON</a></span> trending</div></div>"
st0cktits,True,2019-01-14 10:12:00,13.943,"<div class=""MessageStreamView__body___2giLh""><div><span><a data-event=""click"" data-for=""cashTag"" data-tip=""CRON"" href=""/symbol/CRON"" id=""CRON-150544024-2775"">$CRON</a></span> bounced beautifully near the opening price.  Gonna be a bullish day</div></div>"
check44,True,2019-01-14 10:12:00,13.943,"<div class=""MessageStreamView__body___2giLh""><div><span><a data-event=""click"" data-for=""cashTag"" data-tip=""CRON"" href=""/symbol/CRON"" id=""CRON-150543942-2778"">$CRON</a></span> $16</div></div>"
vbcapital,False,2019-01-14 10:11:00,13.92,"<div class=""MessageStreamView__body___2giLh""><div><span><a data-event=""click"" data-for=""cashTag"" data-tip=""CRON"" href=""/symbol/CRON"" id=""CRON-150543721-2792"">$CRON</a></span> shy at 14🤔 <a data-event=""click"" href=""http://double.top"" rel=""noopener nofollow"" target=""_blank"">double.top</a> ?</div></div>"
totherescue,True,2019-01-14 10:09:00,13.89,"<div class=""MessageStreamView__body___2giLh""><div><span><a data-event=""click"" data-for=""cashTag"" data-tip=""CRON"" href=""/symbol/CRON"" id=""CRON-150543445-2798"">$CRON</a></span> <span><a data-event=""click"" data-for=""cashTag"" data-tip=""TLRY"" href=""/symbol/TLRY"" id=""TLRY-150543445-2799"">$TLRY</a></span> <span><a data-event=""click"" data-for=""cashTag"" data-tip=""CGC"" href=""/symbol/CGC"" id=""CGC-150543445-2800"">$CGC</a></span> here we go!</div></div>"
Chark,True,2019-01-14 10:05:00,13.824,"<div class=""MessageStreamView__body___2giLh""><div><span><a data-event=""click"" data-for=""cashTag"" data-tip=""CRON"" href=""/symbol/CRON"" id=""CRON-150542644-2803"">$CRON</a></span> Backfilling beautifully for the breakout.</div></div>"
tdachille,True,2019-01-14 10:05:00,13.824,"<div class=""MessageStreamView__body___2giLh""><div><span><a data-event=""click"" data-for=""cashTag"" data-tip=""CRON"" href=""/symbol/CRON"" id=""CRON-150542533-2806"">$CRON</a></span> looks like an M for money is forming!</div></div>"
brptrader,True,2019-01-14 10:03:00,13.75,"<div class=""MessageStreamView__body___2giLh""><div><span><a data-event=""click"" data-for=""cashTag"" data-tip=""CRON"" href=""/symbol/CRON"" id=""CRON-150542226-2809"">$CRON</a></span> this freaking stock is going to make me old...</div></div>"
reanimatedgif,True,2019-01-14 10:01:00,13.694,"<div class=""MessageStreamView__body___2giLh""><div><span><a data-event=""click"" data-for=""cashTag"" data-tip=""CRON"" href=""/symbol/CRON"" id=""CRON-150541969-2816"">$CRON</a></span> going to test 16 today</div></div>"
BagaMillion,True,2019-01-14 09:59:00,13.812,"<div class=""MessageStreamView__body___2giLh""><div><span><a data-event=""click"" data-for=""cashTag"" data-tip=""CRON"" href=""/symbol/CRON"" id=""CRON-150541636-2819"">$CRON</a></span> <span><a data-event=""click"" data-for=""cashTag"" data-tip=""TLRY"" href=""/symbol/TLRY"" id=""TLRY-150541636-2820"">$TLRY</a></span> <span><a data-event=""click"" data-for=""cashTag"" data-tip=""NBEV"" href=""/symbol/NBEV"" id=""NBEV-150541636-2821"">$NBEV</a></span> <span><a data-event=""click"" data-for=""cashTag"" data-tip=""DTEA"" href=""/symbol/DTEA"" id=""DTEA-150541636-2822"">$DTEA</a></span> 'it's a pot stocks life for us'!  (Sung to the tune of Annie's It's a hard knocks life.)</div></div>"
OptionTradesBB,True,2019-01-14 09:59:00,13.812,"<div class=""MessageStreamView__body___2giLh""><div><span><a data-event=""click"" data-for=""cashTag"" data-tip=""CRON"" href=""/symbol/CRON"" id=""CRON-150541544-2830"">$CRON</a></span> 
news and we go 25</div></div>"
xio8ups,False,2019-01-14 09:58:00,13.9,"<div class=""MessageStreamView__body___2giLh""><div><span><a data-event=""click"" data-for=""cashTag"" data-tip=""CRON"" href=""/symbol/CRON"" id=""CRON-150541394-2836"">$CRON</a></span> added 90 Jan 18th expiry $15 strike price puts. Lets see how we do today :)</div></div>"
dejagerka,True,2019-01-14 09:58:00,13.9,"<div class=""MessageStreamView__body___2giLh""><div><span><a data-event=""click"" data-for=""cashTag"" data-tip=""CRON"" href=""/symbol/CRON"" id=""CRON-150541376-2839"">$CRON</a></span> settling before rocket</div></div>"
Chark,True,2019-01-14 09:56:00,14.001,"<div class=""MessageStreamView__body___2giLh""><div><span><a data-event=""click"" data-for=""cashTag"" data-tip=""CRON"" href=""/symbol/CRON"" id=""CRON-150541098-2850"">$CRON</a></span> Breaking out today. Obviously.</div></div>"
totherescue,True,2019-01-14 09:55:00,14.101,"<div class=""MessageStreamView__body___2giLh""><div><span><a data-event=""click"" data-for=""cashTag"" data-tip=""CRON"" href=""/symbol/CRON"" id=""CRON-150540906-2853"">$CRON</a></span> <span><a data-event=""click"" data-for=""cashTag"" data-tip=""TLRY"" href=""/symbol/TLRY"" id=""TLRY-150540906-2854"">$TLRY</a></span> <span><a data-event=""click"" data-for=""cashTag"" data-tip=""CGC"" href=""/symbol/CGC"" id=""CGC-150540906-2855"">$CGC</a></span> to follow TLRY  lol</div></div>"
BigMeatyClaws,False,2019-01-14 09:54:00,14.037,"<div class=""MessageStreamView__body___2giLh""><div><span><a data-event=""click"" data-for=""cashTag"" data-tip=""CRON"" href=""/symbol/CRON"" id=""CRON-150540626-2858"">$CRON</a></span> Altria investment putting a temporary support cloud under this fruad <a data-event=""click"" href=""http://trash.ER"" rel=""noopener nofollow"" target=""_blank"">trash.ER</a> will set set in reality. A pig with lipstick still a pig</div></div>"
GooseCityOregon,True,2019-01-14 09:53:00,13.999,"<div class=""MessageStreamView__body___2giLh""><div><span><a data-event=""click"" data-for=""cashTag"" data-tip=""CRON"" href=""/symbol/CRON"" id=""CRON-150540512-2871"">$CRON</a></span> Next leg up is 14.40</div></div>"
wekilledshorts147,True,2019-01-14 09:48:00,13.985,"<div class=""MessageStreamView__body___2giLh""><div><span><a data-event=""click"" data-for=""cashTag"" data-tip=""CRON"" href=""/symbol/CRON"" id=""CRON-150539597-2874"">$CRON</a></span> let’s cron start making deals bro</div></div>"
NickyD88,True,2019-01-14 09:45:00,13.962,"<div class=""MessageStreamView__body___2giLh""><div><span><a data-event=""click"" data-for=""cashTag"" data-tip=""CRON"" href=""/symbol/CRON"" id=""CRON-150539132-2881"">$CRON</a></span> unequivocally</div></div>"
Chark,True,2019-01-14 09:41:00,13.86,"<div class=""MessageStreamView__body___2giLh""><div><span><a data-event=""click"" data-for=""cashTag"" data-tip=""CRON"" href=""/symbol/CRON"" id=""CRON-150538409-2887"">$CRON</a></span> Same with KSHB. Buy the dip. Going to 10 easily.</div></div>"
Chuckgifford1,True,2019-01-14 09:40:00,14.062,"<div class=""MessageStreamView__body___2giLh""><div><span><a data-event=""click"" data-for=""cashTag"" data-tip=""CRON"" href=""/symbol/CRON"" id=""CRON-150538201-2893"">$CRON</a></span> woop sold on Friday.</div></div>"
mspgnl,False,2019-01-14 09:39:00,14.095,"<div class=""MessageStreamView__body___2giLh""><div><span><a data-event=""click"" data-for=""cashTag"" data-tip=""CRON"" href=""/symbol/CRON"" id=""CRON-150538028-2896"">$CRON</a></span> Dead cat bounce.</div></div>"
Drillman,True,2019-01-14 09:38:00,13.93,"<div class=""MessageStreamView__body___2giLh""><div><span><a data-event=""click"" data-for=""cashTag"" data-tip=""CRON"" href=""/symbol/CRON"" id=""CRON-150537979-2899"">$CRON</a></span>  Noe making home deliveries! 😂</div></div>"
check44,True,2019-01-14 09:38:00,13.93,"<div class=""MessageStreamView__body___2giLh""><div><span><a data-event=""click"" data-for=""cashTag"" data-tip=""CRON"" href=""/symbol/CRON"" id=""CRON-150537823-2905"">$CRON</a></span> at least 14.5 today</div></div>"
EPS_MomentuM,True,2019-01-14 09:36:00,13.97,"<div class=""MessageStreamView__body___2giLh""><div>After <span><a data-event=""click"" data-for=""cashTag"" data-tip=""CGC"" href=""/symbol/CGC"" id=""CGC-150537631-2915"">$CGC</a></span> and <span><a data-event=""click"" data-for=""cashTag"" data-tip=""CRON"" href=""/symbol/CRON"" id=""CRON-150537631-2916"">$CRON</a></span> it should be <span><a data-event=""click"" data-for=""cashTag"" data-tip=""ACB"" href=""/symbol/ACB"" id=""ACB-150537631-2917"">$ACB</a></span> that gets the next billion dollar investment in my opinion.  See <span><a data-event=""click"" data-for=""cashTag"" data-tip=""MJ"" href=""/symbol/MJ"" id=""MJ-150537631-2918"">$MJ</a></span> <span><a data-event=""click"" data-for=""cashTag"" data-tip=""TLRY"" href=""/symbol/TLRY"" id=""TLRY-150537631-2919"">$TLRY</a></span></div></div>"
Chark,True,2019-01-14 09:36:00,13.97,"<div class=""MessageStreamView__body___2giLh""><div><span><a data-event=""click"" data-for=""cashTag"" data-tip=""CRON"" href=""/symbol/CRON"" id=""CRON-150537620-2922"">$CRON</a></span> I did mention on Friday: Up next, 15, like a moth to the flame. Buy the dip.</div></div>"
tranquilor,True,2019-01-14 09:35:00,14.084,"<div class=""MessageStreamView__body___2giLh""><div><span><a data-event=""click"" data-for=""cashTag"" data-tip=""CRON"" href=""/symbol/CRON"" id=""CRON-150537518-2925"">$CRON</a></span> let’s get that money cron</div></div>"
Rolandomota,True,2019-01-14 09:34:00,14.098,"<div class=""MessageStreamView__body___2giLh""><div><span><a data-event=""click"" data-for=""cashTag"" data-tip=""CRON"" href=""/symbol/CRON"" id=""CRON-150537303-2928"">$CRON</a></span> we’re going mid 14’s today</div></div>"
stuart21,True,2019-01-14 09:34:00,14.098,"<div class=""MessageStreamView__body___2giLh""><div><span><a data-event=""click"" data-for=""cashTag"" data-tip=""TRPX"" href=""/symbol/TRPX"" id=""TRPX-150537247-2934"">$TRPX</a></span> still holding here! Cannabis still looking good.  <span><a data-event=""click"" data-for=""cashTag"" data-tip=""ACB"" href=""/symbol/ACB"" id=""ACB-150537247-2935"">$ACB</a></span> <span><a data-event=""click"" data-for=""cashTag"" data-tip=""CRON"" href=""/symbol/CRON"" id=""CRON-150537247-2936"">$CRON</a></span> <span><a data-event=""click"" data-for=""cashTag"" data-tip=""ZYNE"" href=""/symbol/ZYNE"" id=""ZYNE-150537247-2937"">$ZYNE</a></span></div></div>"
tranquilor,True,2019-01-14 09:33:00,14.005,"<div class=""MessageStreamView__body___2giLh""><div><span><a data-event=""click"" data-for=""cashTag"" data-tip=""CRON"" href=""/symbol/CRON"" id=""CRON-150537088-2946"">$CRON</a></span> and that’s 14</div></div>"
