Cdmb1177,True,2019-01-14 14:05:00,2.605,"<div class=""MessageStreamView__body___2giLh""><div><span><a data-event=""click"" data-for=""cashTag"" data-tip=""CVM"" href=""/symbol/CVM"" id=""CVM-150579291-438"">$CVM</a></span> I was told by a friend that great thing should be coming this week So I purchased a lot of shares. And now I’m hoping I didn’t screw up</div></div>"
Cdmb1177,True,2019-01-14 14:02:00,2.61,"<div class=""MessageStreamView__body___2giLh""><div><span><a data-event=""click"" data-for=""cashTag"" data-tip=""CVM"" href=""/symbol/CVM"" id=""CVM-150578901-441"">$CVM</a></span> Do You think it’s going to be a PR on there drug or just about there  compliance issue?If they release this week Thanks for any advice.</div></div>"
Cdmb1177,True,2019-01-14 13:09:00,2.618,"<div class=""MessageStreamView__body___2giLh""><div><span><a data-event=""click"" data-for=""cashTag"" data-tip=""CVM"" href=""/symbol/CVM"" id=""CVM-150570916-444"">$CVM</a></span> What are everybody’s guesses on when the company will issue a PR</div></div>"
makimaki,True,2019-01-14 12:04:00,2.643,"<div class=""MessageStreamView__body___2giLh""><div><span><a data-event=""click"" data-for=""cashTag"" data-tip=""CVM"" href=""/symbol/CVM"" id=""CVM-150561739-453"">$CVM</a></span> 
Loser👇</div></div>"
PianoShaner,False,2019-01-14 11:53:00,2.63,"<div class=""MessageStreamView__body___2giLh""><div><span><a data-event=""click"" data-for=""cashTag"" data-tip=""CVM"" href=""/symbol/CVM"" id=""CVM-150560123-456"">$CVM</a></span> </div></div>"
Cdmb1177,True,2019-01-14 11:47:00,2.64,"<div class=""MessageStreamView__body___2giLh""><div><span><a data-event=""click"" data-for=""cashTag"" data-tip=""CVM"" href=""/symbol/CVM"" id=""CVM-150559257-459"">$CVM</a></span> Why have we not heard anything about them being compliant?  Are they still not compliant?  And I thought today was the dead line.</div></div>"
Jebe,True,2019-01-14 10:33:00,2.614,"<div class=""MessageStreamView__body___2giLh""><div><span><a data-event=""click"" data-for=""cashTag"" data-tip=""CVM"" href=""/symbol/CVM"" id=""CVM-150547276-468"">$CVM</a></span> 
Damn This is cheap 
Loaded up more shares</div></div>"
Jebe,True,2019-01-14 09:49:00,2.666,"<div class=""MessageStreamView__body___2giLh""><div><span><a data-event=""click"" data-for=""cashTag"" data-tip=""CVM"" href=""/symbol/CVM"" id=""CVM-150539671-471"">$CVM</a></span>  News Will ome out soon 
Buy This dip  !!
SP is Very cheap now</div></div>"
