wsp624,True,2019-01-14 14:34:00,0.4188,"<div class=""MessageStreamView__body___2giLh""><div><span><a data-event=""click"" data-for=""cashTag"" data-tip=""DCAR"" href=""/symbol/DCAR"" id=""DCAR-150583599-328"">$DCAR</a></span> need to break 42 cents for another run</div></div>"
AZOZ,True,2019-01-14 14:24:00,0.41,"<div class=""MessageStreamView__body___2giLh""><div>NANO CAP STOCKS UNUSUAL VOLUME
<span><a data-event=""click"" data-for=""cashTag"" data-tip=""MBOT"" href=""/symbol/MBOT"" id=""MBOT-150582216-331"">$MBOT</a></span> <span><a data-event=""click"" data-for=""cashTag"" data-tip=""CODX"" href=""/symbol/CODX"" id=""CODX-150582216-332"">$CODX</a></span> <span><a data-event=""click"" data-for=""cashTag"" data-tip=""YOGA"" href=""/symbol/YOGA"" id=""YOGA-150582216-333"">$YOGA</a></span> <span><a data-event=""click"" data-for=""cashTag"" data-tip=""PED"" href=""/symbol/PED"" id=""PED-150582216-334"">$PED</a></span> <span><a data-event=""click"" data-for=""cashTag"" data-tip=""SAEX"" href=""/symbol/SAEX"" id=""SAEX-150582216-335"">$SAEX</a></span> <span><a data-event=""click"" data-for=""cashTag"" data-tip=""DCAR"" href=""/symbol/DCAR"" id=""DCAR-150582216-336"">$DCAR</a></span> <span><a data-event=""click"" data-for=""cashTag"" data-tip=""RNN"" href=""/symbol/RNN"" id=""RNN-150582216-337"">$RNN</a></span> <span><a data-event=""click"" data-for=""cashTag"" data-tip=""HYRE"" href=""/symbol/HYRE"" id=""HYRE-150582216-338"">$HYRE</a></span> <span><a data-event=""click"" data-for=""cashTag"" data-tip=""CBK"" href=""/symbol/CBK"" id=""CBK-150582216-339"">$CBK</a></span> <span><a data-event=""click"" data-for=""cashTag"" data-tip=""FTFT"" href=""/symbol/FTFT"" id=""FTFT-150582216-340"">$FTFT</a></span> <span><a data-event=""click"" data-for=""cashTag"" data-tip=""HTBX"" href=""/symbol/HTBX"" id=""HTBX-150582216-341"">$HTBX</a></span> <span><a data-event=""click"" data-for=""cashTag"" data-tip=""GNCA"" href=""/symbol/GNCA"" id=""GNCA-150582216-342"">$GNCA</a></span> <span><a data-event=""click"" data-for=""cashTag"" data-tip=""DFFN"" href=""/symbol/DFFN"" id=""DFFN-150582216-343"">$DFFN</a></span> <span><a data-event=""click"" data-for=""cashTag"" data-tip=""VVUS"" href=""/symbol/VVUS"" id=""VVUS-150582216-344"">$VVUS</a></span> <span><a data-event=""click"" data-for=""cashTag"" data-tip=""ABAC"" href=""/symbol/ABAC"" id=""ABAC-150582216-345"">$ABAC</a></span> <span><a data-event=""click"" data-for=""cashTag"" data-tip=""TRX"" href=""/symbol/TRX"" id=""TRX-150582216-346"">$TRX</a></span> <span><a data-event=""click"" data-for=""cashTag"" data-tip=""GSUM"" href=""/symbol/GSUM"" id=""GSUM-150582216-347"">$GSUM</a></span> <span><a data-event=""click"" data-for=""cashTag"" data-tip=""GBR"" href=""/symbol/GBR"" id=""GBR-150582216-348"">$GBR</a></span> <span><a data-event=""click"" data-for=""cashTag"" data-tip=""STAF"" href=""/symbol/STAF"" id=""STAF-150582216-349"">$STAF</a></span></div></div>"
Stocktor,True,2019-01-14 14:18:00,0.4117,"<div class=""MessageStreamView__body___2giLh""><div><span><a data-event=""click"" data-for=""cashTag"" data-tip=""MBOT"" href=""/symbol/MBOT"" id=""MBOT-150581274-352"">$MBOT</a></span> <span><a data-event=""click"" data-for=""cashTag"" data-tip=""ARGQ"" href=""/symbol/ARGQ"" id=""ARGQ-150581274-353"">$ARGQ</a></span> <span><a data-event=""click"" data-for=""cashTag"" data-tip=""PED"" href=""/symbol/PED"" id=""PED-150581274-354"">$PED</a></span> <span><a data-event=""click"" data-for=""cashTag"" data-tip=""AVGR"" href=""/symbol/AVGR"" id=""AVGR-150581274-355"">$AVGR</a></span> <span><a data-event=""click"" data-for=""cashTag"" data-tip=""DCAR"" href=""/symbol/DCAR"" id=""DCAR-150581274-356"">$DCAR</a></span> looking to have increased volume. Excellent liquidity at these today. Best of luck.</div></div>"
topstockalerts,True,2019-01-14 13:24:00,0.4163,"<div class=""MessageStreamView__body___2giLh""><div><span><a data-event=""click"" data-for=""cashTag"" data-tip=""DCAR"" href=""/symbol/DCAR"" id=""DCAR-150573100-362"">$DCAR</a></span> Strong move today</div></div>"
TheMarketWizard1,True,2019-01-14 13:17:00,0.4098,"<div class=""MessageStreamView__body___2giLh""><div><span><a data-event=""click"" data-for=""cashTag"" data-tip=""DCAR"" href=""/symbol/DCAR"" id=""DCAR-150572141-365"">$DCAR</a></span> almost 70% increased institional holdings!! Huge signs of bullish.</div></div>"
topstockalerts,True,2019-01-14 13:12:00,0.4094,"<div class=""MessageStreamView__body___2giLh""><div>Top Gainers:

<span><a data-event=""click"" data-for=""cashTag"" data-tip=""MBOT"" href=""/symbol/MBOT"" id=""MBOT-150571415-371"">$MBOT</a></span> <span><a data-event=""click"" data-for=""cashTag"" data-tip=""FTFT"" href=""/symbol/FTFT"" id=""FTFT-150571415-372"">$FTFT</a></span> <span><a data-event=""click"" data-for=""cashTag"" data-tip=""MTNB"" href=""/symbol/MTNB"" id=""MTNB-150571415-373"">$MTNB</a></span> <span><a data-event=""click"" data-for=""cashTag"" data-tip=""ABAC"" href=""/symbol/ABAC"" id=""ABAC-150571415-374"">$ABAC</a></span> <span><a data-event=""click"" data-for=""cashTag"" data-tip=""CODX"" href=""/symbol/CODX"" id=""CODX-150571415-375"">$CODX</a></span> <span><a data-event=""click"" data-for=""cashTag"" data-tip=""PED"" href=""/symbol/PED"" id=""PED-150571415-376"">$PED</a></span> <span><a data-event=""click"" data-for=""cashTag"" data-tip=""CCC"" href=""/symbol/CCC"" id=""CCC-150571415-377"">$CCC</a></span> <span><a data-event=""click"" data-for=""cashTag"" data-tip=""YGYI"" href=""/symbol/YGYI"" id=""YGYI-150571415-378"">$YGYI</a></span> <span><a data-event=""click"" data-for=""cashTag"" data-tip=""FLTR"" href=""/symbol/FLTR"" id=""FLTR-150571415-379"">$FLTR</a></span> <span><a data-event=""click"" data-for=""cashTag"" data-tip=""LIQT"" href=""/symbol/LIQT"" id=""LIQT-150571415-380"">$LIQT</a></span> <span><a data-event=""click"" data-for=""cashTag"" data-tip=""RNN"" href=""/symbol/RNN"" id=""RNN-150571415-381"">$RNN</a></span> <span><a data-event=""click"" data-for=""cashTag"" data-tip=""DCAR"" href=""/symbol/DCAR"" id=""DCAR-150571415-382"">$DCAR</a></span> <span><a data-event=""click"" data-for=""cashTag"" data-tip=""GCI"" href=""/symbol/GCI"" id=""GCI-150571415-383"">$GCI</a></span> <span><a data-event=""click"" data-for=""cashTag"" data-tip=""GG"" href=""/symbol/GG"" id=""GG-150571415-384"">$GG</a></span> <span><a data-event=""click"" data-for=""cashTag"" data-tip=""MPO"" href=""/symbol/MPO"" id=""MPO-150571415-385"">$MPO</a></span> <span><a data-event=""click"" data-for=""cashTag"" data-tip=""WTER"" href=""/symbol/WTER"" id=""WTER-150571415-386"">$WTER</a></span> <span><a data-event=""click"" data-for=""cashTag"" data-tip=""YETI"" href=""/symbol/YETI"" id=""YETI-150571415-387"">$YETI</a></span> <span><a data-event=""click"" data-for=""cashTag"" data-tip=""AEZS"" href=""/symbol/AEZS"" id=""AEZS-150571415-388"">$AEZS</a></span> <span><a data-event=""click"" data-for=""cashTag"" data-tip=""DFFN"" href=""/symbol/DFFN"" id=""DFFN-150571415-389"">$DFFN</a></span></div></div>"
crippling_losses_INC,True,2019-01-14 13:10:00,0.4072,"<div class=""MessageStreamView__body___2giLh""><div><span><a data-event=""click"" data-for=""cashTag"" data-tip=""DCAR"" href=""/symbol/DCAR"" id=""DCAR-150571114-392"">$DCAR</a></span> this is the beginning</div></div>"
TheMarketWizard1,True,2019-01-14 13:07:00,0.4035,"<div class=""MessageStreamView__body___2giLh""><div><span><a data-event=""click"" data-for=""cashTag"" data-tip=""DCAR"" href=""/symbol/DCAR"" id=""DCAR-150570626-395"">$DCAR</a></span> Bam. Low float. 7 mil. Broke thru 50 Ema on daily finally= strongest support 0.37 to 0.40. Expect huge bullish reversal this week!</div></div>"
Quanimus,False,2019-01-14 12:42:00,0.4037,"<div class=""MessageStreamView__body___2giLh""><div><span><a data-event=""click"" data-for=""cashTag"" data-tip=""DCAR"" href=""/symbol/DCAR"" id=""DCAR-150567043-398"">$DCAR</a></span> really? there are so many better stocks than this one.</div></div>"
crippling_losses_INC,True,2019-01-14 12:31:00,0.4098,"<div class=""MessageStreamView__body___2giLh""><div><span><a data-event=""click"" data-for=""cashTag"" data-tip=""DCAR"" href=""/symbol/DCAR"" id=""DCAR-150565625-455"">$DCAR</a></span> give it time</div></div>"
crippling_losses_INC,True,2019-01-14 12:24:00,0.4099,"<div class=""MessageStreamView__body___2giLh""><div><span><a data-event=""click"" data-for=""cashTag"" data-tip=""DCAR"" href=""/symbol/DCAR"" id=""DCAR-150564669-464"">$DCAR</a></span> good set up</div></div>"
TheMarketWizard1,True,2019-01-14 11:56:00,0.4098,"<div class=""MessageStreamView__body___2giLh""><div><span><a data-event=""click"" data-for=""cashTag"" data-tip=""DCAR"" href=""/symbol/DCAR"" id=""DCAR-150560511-467"">$DCAR</a></span> strong news working with TURO one of the top app!! I'm all in. Buy between 0.37 to 0.40 for swing!!! Long months in past- broke 50 ema</div></div>"
topstockalerts,True,2019-01-14 11:23:00,0.4087,"<div class=""MessageStreamView__body___2giLh""><div>Top movers to watch:

<span><a data-event=""click"" data-for=""cashTag"" data-tip=""MBOT"" href=""/symbol/MBOT"" id=""MBOT-150555614-476"">$MBOT</a></span> <span><a data-event=""click"" data-for=""cashTag"" data-tip=""SAEX"" href=""/symbol/SAEX"" id=""SAEX-150555614-477"">$SAEX</a></span> <span><a data-event=""click"" data-for=""cashTag"" data-tip=""PED"" href=""/symbol/PED"" id=""PED-150555614-478"">$PED</a></span> <span><a data-event=""click"" data-for=""cashTag"" data-tip=""BOOT"" href=""/symbol/BOOT"" id=""BOOT-150555614-479"">$BOOT</a></span> <span><a data-event=""click"" data-for=""cashTag"" data-tip=""DCAR"" href=""/symbol/DCAR"" id=""DCAR-150555614-480"">$DCAR</a></span> <span><a data-event=""click"" data-for=""cashTag"" data-tip=""UNG"" href=""/symbol/UNG"" id=""UNG-150555614-481"">$UNG</a></span> <span><a data-event=""click"" data-for=""cashTag"" data-tip=""YRCW"" href=""/symbol/YRCW"" id=""YRCW-150555614-482"">$YRCW</a></span> <span><a data-event=""click"" data-for=""cashTag"" data-tip=""YETI"" href=""/symbol/YETI"" id=""YETI-150555614-483"">$YETI</a></span> <span><a data-event=""click"" data-for=""cashTag"" data-tip=""UGAZ"" href=""/symbol/UGAZ"" id=""UGAZ-150555614-484"">$UGAZ</a></span> <span><a data-event=""click"" data-for=""cashTag"" data-tip=""GCI"" href=""/symbol/GCI"" id=""GCI-150555614-485"">$GCI</a></span> <span><a data-event=""click"" data-for=""cashTag"" data-tip=""RNN"" href=""/symbol/RNN"" id=""RNN-150555614-486"">$RNN</a></span> <span><a data-event=""click"" data-for=""cashTag"" data-tip=""SBS"" href=""/symbol/SBS"" id=""SBS-150555614-487"">$SBS</a></span> <span><a data-event=""click"" data-for=""cashTag"" data-tip=""NIO"" href=""/symbol/NIO"" id=""NIO-150555614-488"">$NIO</a></span> <span><a data-event=""click"" data-for=""cashTag"" data-tip=""TLRY"" href=""/symbol/TLRY"" id=""TLRY-150555614-489"">$TLRY</a></span> <span><a data-event=""click"" data-for=""cashTag"" data-tip=""SGYP"" href=""/symbol/SGYP"" id=""SGYP-150555614-490"">$SGYP</a></span> <span><a data-event=""click"" data-for=""cashTag"" data-tip=""LULU"" href=""/symbol/LULU"" id=""LULU-150555614-491"">$LULU</a></span> <span><a data-event=""click"" data-for=""cashTag"" data-tip=""NBEV"" href=""/symbol/NBEV"" id=""NBEV-150555614-492"">$NBEV</a></span></div></div>"
Quanimus,False,2019-01-14 10:50:00,0.4179,"<div class=""MessageStreamView__body___2giLh""><div><span><a data-event=""click"" data-for=""cashTag"" data-tip=""DCAR"" href=""/symbol/DCAR"" id=""DCAR-150550204-515"">$DCAR</a></span> I want to buy some but my brain and hands won’t do it</div></div>"
Quanimus,False,2019-01-14 10:49:00,0.4125,"<div class=""MessageStreamView__body___2giLh""><div><span><a data-event=""click"" data-for=""cashTag"" data-tip=""DCAR"" href=""/symbol/DCAR"" id=""DCAR-150550082-518"">$DCAR</a></span> I wanna but it but my brain &amp; hands won’t do it</div></div>"
Slingshot,True,2019-01-14 10:39:00,0.4195,"<div class=""MessageStreamView__body___2giLh""><div>Off highs     <span><a data-event=""click"" data-for=""cashTag"" data-tip=""MBOT"" href=""/symbol/MBOT"" id=""MBOT-150548279-521"">$MBOT</a></span> <span><a data-event=""click"" data-for=""cashTag"" data-tip=""ABAC"" href=""/symbol/ABAC"" id=""ABAC-150548279-522"">$ABAC</a></span> <span><a data-event=""click"" data-for=""cashTag"" data-tip=""PED"" href=""/symbol/PED"" id=""PED-150548279-523"">$PED</a></span> <span><a data-event=""click"" data-for=""cashTag"" data-tip=""RNN"" href=""/symbol/RNN"" id=""RNN-150548279-524"">$RNN</a></span> <span><a data-event=""click"" data-for=""cashTag"" data-tip=""DCAR"" href=""/symbol/DCAR"" id=""DCAR-150548279-525"">$DCAR</a></span> <span><a data-event=""click"" data-for=""cashTag"" data-tip=""CBK"" href=""/symbol/CBK"" id=""CBK-150548279-526"">$CBK</a></span> <span><a data-event=""click"" data-for=""cashTag"" data-tip=""VVUS"" href=""/symbol/VVUS"" id=""VVUS-150548279-527"">$VVUS</a></span> <span><a data-event=""click"" data-for=""cashTag"" data-tip=""SSLJ"" href=""/symbol/SSLJ"" id=""SSLJ-150548279-528"">$SSLJ</a></span> <span><a data-event=""click"" data-for=""cashTag"" data-tip=""ARQL"" href=""/symbol/ARQL"" id=""ARQL-150548279-529"">$ARQL</a></span> <span><a data-event=""click"" data-for=""cashTag"" data-tip=""SAEX"" href=""/symbol/SAEX"" id=""SAEX-150548279-530"">$SAEX</a></span></div></div>"
topstockalerts,True,2019-01-14 10:16:00,0.4204,"<div class=""MessageStreamView__body___2giLh""><div>Top Gainers:

<span><a data-event=""click"" data-for=""cashTag"" data-tip=""MBOT"" href=""/symbol/MBOT"" id=""MBOT-150544711-533"">$MBOT</a></span> <span><a data-event=""click"" data-for=""cashTag"" data-tip=""PED"" href=""/symbol/PED"" id=""PED-150544711-534"">$PED</a></span> <span><a data-event=""click"" data-for=""cashTag"" data-tip=""CODX"" href=""/symbol/CODX"" id=""CODX-150544711-535"">$CODX</a></span> <span><a data-event=""click"" data-for=""cashTag"" data-tip=""YGYI"" href=""/symbol/YGYI"" id=""YGYI-150544711-536"">$YGYI</a></span> <span><a data-event=""click"" data-for=""cashTag"" data-tip=""DFFN"" href=""/symbol/DFFN"" id=""DFFN-150544711-537"">$DFFN</a></span> <span><a data-event=""click"" data-for=""cashTag"" data-tip=""GCI"" href=""/symbol/GCI"" id=""GCI-150544711-538"">$GCI</a></span> <span><a data-event=""click"" data-for=""cashTag"" data-tip=""VVUS"" href=""/symbol/VVUS"" id=""VVUS-150544711-539"">$VVUS</a></span> <span><a data-event=""click"" data-for=""cashTag"" data-tip=""USAT"" href=""/symbol/USAT"" id=""USAT-150544711-540"">$USAT</a></span> <span><a data-event=""click"" data-for=""cashTag"" data-tip=""DCAR"" href=""/symbol/DCAR"" id=""DCAR-150544711-541"">$DCAR</a></span> <span><a data-event=""click"" data-for=""cashTag"" data-tip=""SGYP"" href=""/symbol/SGYP"" id=""SGYP-150544711-542"">$SGYP</a></span> <span><a data-event=""click"" data-for=""cashTag"" data-tip=""UNG"" href=""/symbol/UNG"" id=""UNG-150544711-543"">$UNG</a></span> <span><a data-event=""click"" data-for=""cashTag"" data-tip=""BOOT"" href=""/symbol/BOOT"" id=""BOOT-150544711-544"">$BOOT</a></span> <span><a data-event=""click"" data-for=""cashTag"" data-tip=""NBEV"" href=""/symbol/NBEV"" id=""NBEV-150544711-545"">$NBEV</a></span> <span><a data-event=""click"" data-for=""cashTag"" data-tip=""RNN"" href=""/symbol/RNN"" id=""RNN-150544711-546"">$RNN</a></span> <span><a data-event=""click"" data-for=""cashTag"" data-tip=""CG"" href=""/symbol/CG"" id=""CG-150544711-547"">$CG</a></span></div></div>"
Quanimus,False,2019-01-14 09:52:00,0.4049,"<div class=""MessageStreamView__body___2giLh""><div><span><a data-event=""click"" data-for=""cashTag"" data-tip=""DCAR"" href=""/symbol/DCAR"" id=""DCAR-150540365-575"">$DCAR</a></span> whoa! 😮</div></div>"
biruk757,True,2019-01-14 09:49:00,0.4527,"<div class=""MessageStreamView__body___2giLh""><div><span><a data-event=""click"" data-for=""cashTag"" data-tip=""DCAR"" href=""/symbol/DCAR"" id=""DCAR-150539718-578"">$DCAR</a></span> out @.45, it was worth the wait for a couple of days</div></div>"
FonsieTrader,True,2019-01-14 09:48:00,0.4545,"<div class=""MessageStreamView__body___2giLh""><div><span><a data-event=""click"" data-for=""cashTag"" data-tip=""DCAR"" href=""/symbol/DCAR"" id=""DCAR-150539630-584"">$DCAR</a></span> Looking for $0.58</div></div>"
