crippling_losses_INC,False,2019-01-14 15:43:00,0.8812,"<div class=""MessageStreamView__body___2giLh""><div><span><a data-event=""click"" data-for=""cashTag"" data-tip=""DCIX"" href=""/symbol/DCIX"" id=""DCIX-150594688-496"">$DCIX</a></span> oh god</div></div>"
DaddioTheFinest,True,2019-01-14 15:19:00,0.8912,"<div class=""MessageStreamView__body___2giLh""><div><span><a data-event=""click"" data-for=""cashTag"" data-tip=""DCIX"" href=""/symbol/DCIX"" id=""DCIX-150590711-524"">$DCIX</a></span> 5000@ 1.03 🤦🏻‍♂️🤦🏻‍♂️🤦🏻‍♂️🤦🏻‍♂️🤦🏻‍♂️🤦🏻‍♂️🤦🏻‍♂️🤦🏻‍♂️🤦🏻‍♂️🤮🤮🤮🤮</div></div>"
GoLeafs,True,2019-01-14 15:04:00,0.8903,"<div class=""MessageStreamView__body___2giLh""><div><span><a data-event=""click"" data-for=""cashTag"" data-tip=""DCIX"" href=""/symbol/DCIX"" id=""DCIX-150588218-527"">$DCIX</a></span> hodl!!</div></div>"
Bulldawgg78,True,2019-01-14 15:02:00,0.8915,"<div class=""MessageStreamView__body___2giLh""><div><span><a data-event=""click"" data-for=""cashTag"" data-tip=""DCIX"" href=""/symbol/DCIX"" id=""DCIX-150587929-530"">$DCIX</a></span> Just remember,  <span><a data-event=""click"" data-for=""cashTag"" data-tip=""MBOT"" href=""/symbol/MBOT"" id=""MBOT-150587929-531"">$MBOT</a></span> had a $5 million offering 1 month ago and look at it today. Same could happen with <span><a data-event=""click"" data-for=""cashTag"" data-tip=""DCIX"" href=""/symbol/DCIX"" id=""DCIX-150587929-532"">$DCIX</a></span>
<a data-event=""click"" href=""https://seekingalpha.com/news/3417778-microbot-medical-files-5_1m-share-stock-offering"" rel=""noopener nofollow"" target=""_blank"">seekingalpha.com/news/34177...</a></div></div>"
PepeSilvia3,True,2019-01-14 14:55:00,0.892,"<div class=""MessageStreamView__body___2giLh""><div><span><a data-event=""click"" data-for=""cashTag"" data-tip=""DCIX"" href=""/symbol/DCIX"" id=""DCIX-150586642-544"">$DCIX</a></span> bought at .90. Ready to roll some dice</div></div>"
GoLeafs,True,2019-01-14 14:40:00,0.9011,"<div class=""MessageStreamView__body___2giLh""><div><span><a data-event=""click"" data-for=""cashTag"" data-tip=""DCIX"" href=""/symbol/DCIX"" id=""DCIX-150584494-547"">$DCIX</a></span>  should close at a buck for compliance?</div></div>"
jtreu,False,2019-01-14 14:37:00,0.9001,"<div class=""MessageStreamView__body___2giLh""><div><span><a data-event=""click"" data-for=""cashTag"" data-tip=""DCIX"" href=""/symbol/DCIX"" id=""DCIX-150584053-550"">$DCIX</a></span> will test .84</div></div>"
EmDee,True,2019-01-14 14:32:00,0.8999,"<div class=""MessageStreamView__body___2giLh""><div><span><a data-event=""click"" data-for=""cashTag"" data-tip=""DCIX"" href=""/symbol/DCIX"" id=""DCIX-150583388-556"">$DCIX</a></span> I smell reversal</div></div>"
SerialStockGains,True,2019-01-14 14:23:00,0.8996,"<div class=""MessageStreamView__body___2giLh""><div><span><a data-event=""click"" data-for=""cashTag"" data-tip=""DCIX"" href=""/symbol/DCIX"" id=""DCIX-150581944-562"">$DCIX</a></span> sorry to all who sold. You'll soon regret you did.</div></div>"
Tepan,True,2019-01-14 14:17:00,0.8974,"<div class=""MessageStreamView__body___2giLh""><div><span><a data-event=""click"" data-for=""cashTag"" data-tip=""DCIX"" href=""/symbol/DCIX"" id=""DCIX-150581205-568"">$DCIX</a></span> why?????</div></div>"
mozkul82,True,2019-01-14 14:09:00,0.8992,"<div class=""MessageStreamView__body___2giLh""><div><span><a data-event=""click"" data-for=""cashTag"" data-tip=""DCIX"" href=""/symbol/DCIX"" id=""DCIX-150580038-571"">$DCIX</a></span> Cheaper it gets, more low floater it will be!  Waiting game here!</div></div>"
Alenstarl,False,2019-01-14 14:02:00,0.8947,"<div class=""MessageStreamView__body___2giLh""><div><span><a data-event=""click"" data-for=""cashTag"" data-tip=""DCIX"" href=""/symbol/DCIX"" id=""DCIX-150578941-577"">$DCIX</a></span> This thing never fails to bring in more bagholders, congrats</div></div>"
vinland,False,2019-01-14 14:01:00,0.8946,"<div class=""MessageStreamView__body___2giLh""><div><span><a data-event=""click"" data-for=""cashTag"" data-tip=""TOPS"" href=""/symbol/TOPS"" id=""TOPS-150578752-583"">$TOPS</a></span> going under just like <span><a data-event=""click"" data-for=""cashTag"" data-tip=""DCIX"" href=""/symbol/DCIX"" id=""DCIX-150578752-584"">$DCIX</a></span></div></div>"
INVESTOR_FOCUS,True,2019-01-14 13:02:00,0.9051,"<div class=""MessageStreamView__body___2giLh""><div><span><a data-event=""click"" data-for=""cashTag"" data-tip=""DCIX"" href=""/symbol/DCIX"" id=""DCIX-150569889-593"">$DCIX</a></span> added on .89 2k   avg .95 , will buy more</div></div>"
INVESTOR_FOCUS,True,2019-01-14 12:52:00,0.9053,"<div class=""MessageStreamView__body___2giLh""><div><span><a data-event=""click"" data-for=""cashTag"" data-tip=""DCIX"" href=""/symbol/DCIX"" id=""DCIX-150568486-599"">$DCIX</a></span> and added more</div></div>"
kevinponce95,True,2019-01-14 12:51:00,0.9183,"<div class=""MessageStreamView__body___2giLh""><div><span><a data-event=""click"" data-for=""cashTag"" data-tip=""DCIX"" href=""/symbol/DCIX"" id=""DCIX-150568279-605"">$DCIX</a></span> bag holding.. optimistic though 🤠</div></div>"
EmDee,True,2019-01-14 12:32:00,0.939,"<div class=""MessageStreamView__body___2giLh""><div><span><a data-event=""click"" data-for=""cashTag"" data-tip=""DCIX"" href=""/symbol/DCIX"" id=""DCIX-150565723-614"">$DCIX</a></span> Try not to blink or you'll miss the spike</div></div>"
BradBerkobien,True,2019-01-14 12:30:00,0.939,"<div class=""MessageStreamView__body___2giLh""><div><span><a data-event=""click"" data-for=""cashTag"" data-tip=""DCIX"" href=""/symbol/DCIX"" id=""DCIX-150565528-617"">$DCIX</a></span> Just waiting for a couple big buys</div></div>"
INVESTOR_FOCUS,True,2019-01-14 12:29:00,0.9369,"<div class=""MessageStreamView__body___2giLh""><div><span><a data-event=""click"" data-for=""cashTag"" data-tip=""DCIX"" href=""/symbol/DCIX"" id=""DCIX-150565394-620"">$DCIX</a></span> The float is getting smaller every day....</div></div>"
INVESTOR_FOCUS,True,2019-01-14 12:07:00,0.9349,"<div class=""MessageStreamView__body___2giLh""><div><span><a data-event=""click"" data-for=""cashTag"" data-tip=""DCIX"" href=""/symbol/DCIX"" id=""DCIX-150562101-636"">$DCIX</a></span> <a data-event=""click"" href=""https://twitter.com/ShipNews/status/1083006123689545733"" rel=""noopener nofollow"" target=""_blank"">twitter.com/shipnews/status...</a></div></div>"
INVESTOR_FOCUS,True,2019-01-14 12:05:00,0.9317,"<div class=""MessageStreamView__body___2giLh""><div><span><a data-event=""click"" data-for=""cashTag"" data-tip=""DCIX"" href=""/symbol/DCIX"" id=""DCIX-150561817-639"">$DCIX</a></span>  Container ships are a valuable commodity at the moment</div></div>"
SpikerST,True,2019-01-14 11:54:00,0.95,"<div class=""MessageStreamView__body___2giLh""><div><span><a data-event=""click"" data-for=""cashTag"" data-tip=""DCIX"" href=""/symbol/DCIX"" id=""DCIX-150560302-646"">$DCIX</a></span> Didnt go expected. <span><a data-event=""click"" data-for=""cashTag"" data-tip=""DFFN"" href=""/symbol/DFFN"" id=""DFFN-150560302-647"">$DFFN</a></span> &amp; <span><a data-event=""click"" data-for=""cashTag"" data-tip=""YOGA"" href=""/symbol/YOGA"" id=""YOGA-150560302-648"">$YOGA</a></span> for tech setup idea! Looking for breakout! saw <span><a data-event=""click"" data-for=""cashTag"" data-tip=""MBOT"" href=""/symbol/MBOT"" id=""MBOT-150560302-649"">$MBOT</a></span> at 1.89 on thursday but didn't pull the trigger!</div></div>"
INVESTOR_FOCUS,True,2019-01-14 11:50:00,0.9501,"<div class=""MessageStreamView__body___2giLh""><div><span><a data-event=""click"" data-for=""cashTag"" data-tip=""DCIX"" href=""/symbol/DCIX"" id=""DCIX-150559673-652"">$DCIX</a></span> Last day to buy cheap shares</div></div>"
INVESTOR_FOCUS,True,2019-01-14 11:40:00,0.9566,"<div class=""MessageStreamView__body___2giLh""><div><span><a data-event=""click"" data-for=""cashTag"" data-tip=""DCIX"" href=""/symbol/DCIX"" id=""DCIX-150558165-658"">$DCIX</a></span> With 90mil in net asset value they can take at least 20 mil in loans easy do a buyback.All vessels chartered means cash flow is ok.</div></div>"
mozkul82,True,2019-01-14 11:37:00,0.9493,"<div class=""MessageStreamView__body___2giLh""><div><span><a data-event=""click"" data-for=""cashTag"" data-tip=""DCIX"" href=""/symbol/DCIX"" id=""DCIX-150557767-661"">$DCIX</a></span> In 12K at .93, , , Lets go BULLS!!!!</div></div>"
Tepan,True,2019-01-14 11:35:00,0.9463,"<div class=""MessageStreamView__body___2giLh""><div><span><a data-event=""click"" data-for=""cashTag"" data-tip=""DCIX"" href=""/symbol/DCIX"" id=""DCIX-150557393-667"">$DCIX</a></span> its trading stop?</div></div>"
INVESTOR_FOCUS,True,2019-01-14 11:33:00,0.9498,"<div class=""MessageStreamView__body___2giLh""><div><span><a data-event=""click"" data-for=""cashTag"" data-tip=""DCIX"" href=""/symbol/DCIX"" id=""DCIX-150557022-677"">$DCIX</a></span> Panamax vessels are going to increase in value over 50% and DCIX has 2 of them</div></div>"
INVESTOR_FOCUS,True,2019-01-14 11:17:00,0.9412,"<div class=""MessageStreamView__body___2giLh""><div><span><a data-event=""click"" data-for=""cashTag"" data-tip=""DCIX"" href=""/symbol/DCIX"" id=""DCIX-150554607-695"">$DCIX</a></span> Place your bids , this can squeeze now</div></div>"
INVESTOR_FOCUS,True,2019-01-14 11:12:00,0.9209,"<div class=""MessageStreamView__body___2giLh""><div><span><a data-event=""click"" data-for=""cashTag"" data-tip=""DCIX"" href=""/symbol/DCIX"" id=""DCIX-150553802-707"">$DCIX</a></span> Time to go up</div></div>"
INVESTOR_FOCUS,True,2019-01-14 11:12:00,0.9209,"<div class=""MessageStreamView__body___2giLh""><div><span><a data-event=""click"" data-for=""cashTag"" data-tip=""DCIX"" href=""/symbol/DCIX"" id=""DCIX-150553781-710"">$DCIX</a></span> Buying more</div></div>"
INVESTOR_FOCUS,True,2019-01-14 11:10:00,0.9191,"<div class=""MessageStreamView__body___2giLh""><div><span><a data-event=""click"" data-for=""cashTag"" data-tip=""DCIX"" href=""/symbol/DCIX"" id=""DCIX-150553460-716"">$DCIX</a></span> short sale restriction activated</div></div>"
Homer_Simpson,True,2019-01-14 10:57:00,0.9512,"<div class=""MessageStreamView__body___2giLh""><div><span><a data-event=""click"" data-for=""cashTag"" data-tip=""DCIX"" href=""/symbol/DCIX"" id=""DCIX-150551400-734"">$DCIX</a></span> people panic for no reason again... holding till kalani is over!</div></div>"
josethepig,False,2019-01-14 10:48:00,0.9589,"<div class=""MessageStreamView__body___2giLh""><div><span><a data-event=""click"" data-for=""cashTag"" data-tip=""DCIX"" href=""/symbol/DCIX"" id=""DCIX-150549903-737"">$DCIX</a></span> opa!!</div></div>"
pshelby,False,2019-01-14 10:45:00,0.9594,"<div class=""MessageStreamView__body___2giLh""><div><span><a data-event=""click"" data-for=""cashTag"" data-tip=""DCIX"" href=""/symbol/DCIX"" id=""DCIX-150549363-743"">$DCIX</a></span> Overbought, expect to see breakdown into the 80s… wait to buy.</div></div>"
INVESTOR_FOCUS,True,2019-01-14 10:07:00,0.9747,"<div class=""MessageStreamView__body___2giLh""><div><span><a data-event=""click"" data-for=""cashTag"" data-tip=""DCIX"" href=""/symbol/DCIX"" id=""DCIX-150543006-770"">$DCIX</a></span> Focus on the market cap , net asset value , cash flow - not only the price</div></div>"
stockboy66,True,2019-01-14 10:05:00,0.9701,"<div class=""MessageStreamView__body___2giLh""><div><span><a data-event=""click"" data-for=""cashTag"" data-tip=""DCIX"" href=""/symbol/DCIX"" id=""DCIX-150542673-776"">$DCIX</a></span> somehow this will close above $1 !!</div></div>"
SpikerST,True,2019-01-14 09:49:00,0.9884,"<div class=""MessageStreamView__body___2giLh""><div><span><a data-event=""click"" data-for=""cashTag"" data-tip=""DCIX"" href=""/symbol/DCIX"" id=""DCIX-150539695-797"">$DCIX</a></span> spread is .99-.99 anything can happen now!</div></div>"
INVESTOR_FOCUS,True,2019-01-14 09:45:00,0.998,"<div class=""MessageStreamView__body___2giLh""><div><span><a data-event=""click"" data-for=""cashTag"" data-tip=""DCIX"" href=""/symbol/DCIX"" id=""DCIX-150538989-803"">$DCIX</a></span> everything sub 1$ is a gift</div></div>"
INVESTOR_FOCUS,True,2019-01-14 09:38:00,1.005,"<div class=""MessageStreamView__body___2giLh""><div><span><a data-event=""click"" data-for=""cashTag"" data-tip=""DCIX"" href=""/symbol/DCIX"" id=""DCIX-150537837-806"">$DCIX</a></span> did you catch the dip ?</div></div>"
GoLeafs,True,2019-01-14 09:34:00,0.9662,"<div class=""MessageStreamView__body___2giLh""><div><span><a data-event=""click"" data-for=""cashTag"" data-tip=""DCIX"" href=""/symbol/DCIX"" id=""DCIX-150537209-818"">$DCIX</a></span> wow, so much for holding the dollar for compliance. is it just the closing price that matters for compliance?</div></div>"
