ttheylive,True,2019-01-14 14:53:00,11.125,"<div class=""MessageStreamView__body___2giLh""><div><span><a data-event=""click"" data-for=""cashTag"" data-tip=""DRIP"" href=""/symbol/DRIP"" id=""DRIP-150586384-86"">$DRIP</a></span> holding 825 shrs @ 11.30</div></div>"
Sir_Scalps_A_lot,True,2019-01-14 14:16:00,11.142,"<div class=""MessageStreamView__body___2giLh""><div><span><a data-event=""click"" data-for=""cashTag"" data-tip=""DRIP"" href=""/symbol/DRIP"" id=""DRIP-150581036-104"">$DRIP</a></span> back in 11.14 let's try this again</div></div>"
LupusNox,True,2019-01-14 13:38:00,10.94,"<div class=""MessageStreamView__body___2giLh""><div>📈 <span><a data-event=""click"" data-for=""cashTag"" data-tip=""GUSH"" href=""/symbol/GUSH"" id=""GUSH-150575160-110"">$GUSH</a></span> 📉 <span><a data-event=""click"" data-for=""cashTag"" data-tip=""DRIP"" href=""/symbol/DRIP"" id=""DRIP-150575160-111"">$DRIP</a></span> 📈 <span><a data-event=""click"" data-for=""cashTag"" data-tip=""CRON"" href=""/symbol/CRON"" id=""CRON-150575160-112"">$CRON</a></span> 🤔💱💲</div></div>"
Kviper,False,2019-01-14 11:10:00,11.309,"<div class=""MessageStreamView__body___2giLh""><div><span><a data-event=""click"" data-for=""cashTag"" data-tip=""DRIP"" href=""/symbol/DRIP"" id=""DRIP-150553487-121"">$DRIP</a></span> lower highs looks like the same downward trend as Friday</div></div>"
TonyPoll,True,2019-01-14 11:02:00,11.31,"<div class=""MessageStreamView__body___2giLh""><div><span><a data-event=""click"" data-for=""cashTag"" data-tip=""DRIP"" href=""/symbol/DRIP"" id=""DRIP-150552260-124"">$DRIP</a></span> A fight between GUSH and DRIP Who could hit the hardest?</div></div>"
Kviper,False,2019-01-14 10:51:00,11.338,"<div class=""MessageStreamView__body___2giLh""><div><span><a data-event=""click"" data-for=""cashTag"" data-tip=""DRIP"" href=""/symbol/DRIP"" id=""DRIP-150550446-127"">$DRIP</a></span> WTI and NG up <span><a data-event=""click"" data-for=""cashTag"" data-tip=""GUSH"" href=""/symbol/GUSH"" id=""GUSH-150550446-128"">$GUSH</a></span> is the play</div></div>"
