Roya2,False,2019-01-14 15:59:00,0.541,"<div class=""MessageStreamView__body___2giLh""><div><span><a data-event=""click"" data-for=""cashTag"" data-tip=""FCEL"" href=""/symbol/FCEL"" id=""FCEL-150597560-175"">$FCEL</a></span> this stock no go...</div></div>"
Roya2,False,2019-01-14 15:34:00,0.5415,"<div class=""MessageStreamView__body___2giLh""><div><span><a data-event=""click"" data-for=""cashTag"" data-tip=""FCEL"" href=""/symbol/FCEL"" id=""FCEL-150593182-181"">$FCEL</a></span> someone bring defibrillator....</div></div>"
Roya2,False,2019-01-14 15:31:00,0.5411,"<div class=""MessageStreamView__body___2giLh""><div><span><a data-event=""click"" data-for=""cashTag"" data-tip=""FCEL"" href=""/symbol/FCEL"" id=""FCEL-150592798-184"">$FCEL</a></span> not enough</div></div>"
stockcloud,True,2019-01-14 15:29:00,0.5412,"<div class=""MessageStreamView__body___2giLh""><div><span><a data-event=""click"" data-for=""cashTag"" data-tip=""RWLK"" href=""/symbol/RWLK"" id=""RWLK-150592444-187"">$RWLK</a></span> <span><a data-event=""click"" data-for=""cashTag"" data-tip=""FCEL"" href=""/symbol/FCEL"" id=""FCEL-150592444-188"">$FCEL</a></span> <span><a data-event=""click"" data-for=""cashTag"" data-tip=""SN"" href=""/symbol/SN"" id=""SN-150592444-189"">$SN</a></span> <span><a data-event=""click"" data-for=""cashTag"" data-tip=""HTBX"" href=""/symbol/HTBX"" id=""HTBX-150592444-190"">$HTBX</a></span> <span><a data-event=""click"" data-for=""cashTag"" data-tip=""CODX"" href=""/symbol/CODX"" id=""CODX-150592444-191"">$CODX</a></span> <span><a data-event=""click"" data-for=""cashTag"" data-tip=""CPST"" href=""/symbol/CPST"" id=""CPST-150592444-192"">$CPST</a></span> <span><a data-event=""click"" data-for=""cashTag"" data-tip=""OMED"" href=""/symbol/OMED"" id=""OMED-150592444-193"">$OMED</a></span> <span><a data-event=""click"" data-for=""cashTag"" data-tip=""MHLD"" href=""/symbol/MHLD"" id=""MHLD-150592444-194"">$MHLD</a></span> <span><a data-event=""click"" data-for=""cashTag"" data-tip=""SESN"" href=""/symbol/SESN"" id=""SESN-150592444-195"">$SESN</a></span> <span><a data-event=""click"" data-for=""cashTag"" data-tip=""ACHV"" href=""/symbol/ACHV"" id=""ACHV-150592444-196"">$ACHV</a></span> <span><a data-event=""click"" data-for=""cashTag"" data-tip=""VGZ"" href=""/symbol/VGZ"" id=""VGZ-150592444-197"">$VGZ</a></span> <span><a data-event=""click"" data-for=""cashTag"" data-tip=""RTTR"" href=""/symbol/RTTR"" id=""RTTR-150592444-198"">$RTTR</a></span> <span><a data-event=""click"" data-for=""cashTag"" data-tip=""APDN"" href=""/symbol/APDN"" id=""APDN-150592444-199"">$APDN</a></span>  - RSI Move -  Watch.
$</div></div>"
stockpick4u,True,2019-01-14 14:13:00,0.5646,"<div class=""MessageStreamView__body___2giLh""><div><span><a data-event=""click"" data-for=""cashTag"" data-tip=""FCEL"" href=""/symbol/FCEL"" id=""FCEL-150580572-206"">$FCEL</a></span> shorts burning ... squeeze beginning</div></div>"
audi65,True,2019-01-14 13:44:00,0.567,"<div class=""MessageStreamView__body___2giLh""><div><span><a data-event=""click"" data-for=""cashTag"" data-tip=""FCEL"" href=""/symbol/FCEL"" id=""FCEL-150576099-212"">$FCEL</a></span> Shorties doing everything to keep it down, but it keeps bouncing right back up.  Watch out, we could explode to upside here. GL</div></div>"
audi65,True,2019-01-14 13:41:00,0.5693,"<div class=""MessageStreamView__body___2giLh""><div><span><a data-event=""click"" data-for=""cashTag"" data-tip=""FCEL"" href=""/symbol/FCEL"" id=""FCEL-150575662-215"">$FCEL</a></span> Here we go!!! C'mon, let's push this baby over .60+ today &amp; $1+ before end of month or hopefully sooner!  GLTA</div></div>"
camfield7,True,2019-01-14 13:12:00,0.5581,"<div class=""MessageStreamView__body___2giLh""><div><span><a data-event=""click"" data-for=""cashTag"" data-tip=""FCEL"" href=""/symbol/FCEL"" id=""FCEL-150571418-218"">$FCEL</a></span> How about shorts and Bashers save the loaded questions for May 1, after the end of Q2.  Or at least wait until Q1 is over so t</div></div>"
audi65,True,2019-01-14 12:35:00,0.5421,"<div class=""MessageStreamView__body___2giLh""><div><span><a data-event=""click"" data-for=""cashTag"" data-tip=""FCEL"" href=""/symbol/FCEL"" id=""FCEL-150566113-221"">$FCEL</a></span> Big buy orders hitting the market.  We could see a nice spike before day is out. GLTA</div></div>"
audi65,True,2019-01-14 11:57:00,0.5472,"<div class=""MessageStreamView__body___2giLh""><div><span><a data-event=""click"" data-for=""cashTag"" data-tip=""FCEL"" href=""/symbol/FCEL"" id=""FCEL-150560738-227"">$FCEL</a></span> Even though not by much, it's nice to see it green for a change.  Hopefully we can finally manage to get back over .60 this week. GLTA</div></div>"
shortvolume,True,2019-01-14 11:48:00,0.5527,"<div class=""MessageStreamView__body___2giLh""><div><span><a data-event=""click"" data-for=""cashTag"" data-tip=""FCEL"" href=""/symbol/FCEL"" id=""FCEL-150559358-233"">$FCEL</a></span> Short <a data-event=""click"" href=""/topic/squeeze"">#squeeze</a> Maul the bears!</div></div>"
stockpick4u,True,2019-01-14 11:08:00,0.5395,"<div class=""MessageStreamView__body___2giLh""><div><span><a data-event=""click"" data-for=""cashTag"" data-tip=""FCEL"" href=""/symbol/FCEL"" id=""FCEL-150553204-239"">$FCEL</a></span> buying continues ... in bed with EXXON ... target 6.00+ ...over a buck very soon imho</div></div>"
shortvolume,True,2019-01-14 11:07:00,0.5373,"<div class=""MessageStreamView__body___2giLh""><div><span><a data-event=""click"" data-for=""cashTag"" data-tip=""FCEL"" href=""/symbol/FCEL"" id=""FCEL-150552970-242"">$FCEL</a></span> Take your money back Weak Hands</div></div>"
shortvolume,True,2019-01-14 11:07:00,0.5373,"<div class=""MessageStreamView__body___2giLh""><div><span><a data-event=""click"" data-for=""cashTag"" data-tip=""FCEL"" href=""/symbol/FCEL"" id=""FCEL-150552922-245"">$FCEL</a></span> don’t let the bears cover.</div></div>"
shortvolume,True,2019-01-14 10:59:00,0.5348,"<div class=""MessageStreamView__body___2giLh""><div><span><a data-event=""click"" data-for=""cashTag"" data-tip=""FCEL"" href=""/symbol/FCEL"" id=""FCEL-150551706-248"">$FCEL</a></span> Lol bears are tripping over each other’s hidden orders catching baby 100 share sells. BUY</div></div>"
camfield7,True,2019-01-14 10:29:00,0.53,"<div class=""MessageStreamView__body___2giLh""><div><span><a data-event=""click"" data-for=""cashTag"" data-tip=""FCEL"" href=""/symbol/FCEL"" id=""FCEL-150546689-251"">$FCEL</a></span> Many sell orders and the stock is still pushing up.  Looks good!</div></div>"
shortvolume,True,2019-01-14 10:16:00,0.5301,"<div class=""MessageStreamView__body___2giLh""><div><span><a data-event=""click"" data-for=""cashTag"" data-tip=""FCEL"" href=""/symbol/FCEL"" id=""FCEL-150544721-257"">$FCEL</a></span> the bears are cutting in line trying to cover. Hidden orders popping.</div></div>"
shortvolume,True,2019-01-14 10:16:00,0.5301,"<div class=""MessageStreamView__body___2giLh""><div><span><a data-event=""click"" data-for=""cashTag"" data-tip=""FCEL"" href=""/symbol/FCEL"" id=""FCEL-150544583-260"">$FCEL</a></span> look at those volume bars.</div></div>"
On_pphire,True,2019-01-14 10:15:00,0.5292,"<div class=""MessageStreamView__body___2giLh""><div><span><a data-event=""click"" data-for=""cashTag"" data-tip=""FCEL"" href=""/symbol/FCEL"" id=""FCEL-150544472-263"">$FCEL</a></span> Picked up another 2k</div></div>"
camfield7,True,2019-01-14 09:48:00,0.5334,"<div class=""MessageStreamView__body___2giLh""><div><span><a data-event=""click"" data-for=""cashTag"" data-tip=""FCEL"" href=""/symbol/FCEL"" id=""FCEL-150539588-266"">$FCEL</a></span> <a data-event=""click"" href=""https://www.google.com/url?sa=t&amp;source=web&amp;rct=j&amp;url=https://pressoracle.com/news/2019/01/14/b-riley-reiterates-3-00-price-target-for-fuelcell-energy-fcel.html/amp&amp;ved=2ahUKEwiFnrmJwe3fAhVEheAKHbpnDiYQqUMwBHoECAMQEA&amp;usg=AOvVaw3UbS1fwy0rRlRhR7WkA6d4&amp;ampcf=1"" rel=""noopener nofollow"" target=""_blank"">pressoracle.com/news/2019/0...</a></div></div>"
camfield7,True,2019-01-14 09:34:00,0.5258,"<div class=""MessageStreamView__body___2giLh""><div><span><a data-event=""click"" data-for=""cashTag"" data-tip=""FCEL"" href=""/symbol/FCEL"" id=""FCEL-150537212-269"">$FCEL</a></span> 11,501</div></div>"
