Jamtrades,True,2019-01-14 13:49:00,173.06,"<div class=""MessageStreamView__body___2giLh""><div><span><a data-event=""click"" data-for=""cashTag"" data-tip=""FDX"" href=""/symbol/FDX"" id=""FDX-150576942-86"">$FDX</a></span> .. remember it came from $274.. a 50% retracement of that alone is good enough for you long!!</div></div>"
Jamtrades,True,2019-01-14 13:48:00,172.999,"<div class=""MessageStreamView__body___2giLh""><div><span><a data-event=""click"" data-for=""cashTag"" data-tip=""FDX"" href=""/symbol/FDX"" id=""FDX-150576729-89"">$FDX</a></span> stay long kids</div></div>"
UnderPressure,True,2019-01-14 11:42:00,172.118,"<div class=""MessageStreamView__body___2giLh""><div><span><a data-event=""click"" data-for=""cashTag"" data-tip=""FDX"" href=""/symbol/FDX"" id=""FDX-150558522-107"">$FDX</a></span> Added some today</div></div>"
Jamtrades,True,2019-01-14 11:17:00,171.37,"<div class=""MessageStreamView__body___2giLh""><div><span><a data-event=""click"" data-for=""cashTag"" data-tip=""FDX"" href=""/symbol/FDX"" id=""FDX-150554523-110"">$FDX</a></span> will no longer ship destructive tobacco after settlement ... no more liability</div></div>"
Jamtrades,True,2019-01-14 11:01:00,171.087,"<div class=""MessageStreamView__body___2giLh""><div><span><a data-event=""click"" data-for=""cashTag"" data-tip=""FDX"" href=""/symbol/FDX"" id=""FDX-150552011-113"">$FDX</a></span> is being accumulated</div></div>"
Jamtrades,True,2019-01-14 09:53:00,170.775,"<div class=""MessageStreamView__body___2giLh""><div><span><a data-event=""click"" data-for=""cashTag"" data-tip=""FDX"" href=""/symbol/FDX"" id=""FDX-150540443-151"">$FDX</a></span> 190 overbeaten name</div></div>"
Jamtrades,True,2019-01-14 09:47:00,170.78,"<div class=""MessageStreamView__body___2giLh""><div><span><a data-event=""click"" data-for=""cashTag"" data-tip=""FDX"" href=""/symbol/FDX"" id=""FDX-150539473-154"">$FDX</a></span> there has never been a better time to buy</div></div>"
