Market_Run_By_Crooks,False,2019-01-14 15:59:00,16.42,"<div class=""MessageStreamView__body___2giLh""><div><span><a data-event=""click"" data-for=""cashTag"" data-tip=""FEYE"" href=""/symbol/FEYE"" id=""FEYE-150597541-85"">$FEYE</a></span> CEO MUST GO... He's had 3 years to perform for the shareholders value!  He has brought shareholders nothing!</div></div>"
Yahtzee27,True,2019-01-14 15:42:00,16.455,"<div class=""MessageStreamView__body___2giLh""><div><span><a data-event=""click"" data-for=""cashTag"" data-tip=""FEYE"" href=""/symbol/FEYE"" id=""FEYE-150594419-88"">$FEYE</a></span> we believed you mandia... little kick back would be nice</div></div>"
Market_Run_By_Crooks,False,2019-01-14 15:26:00,16.495,"<div class=""MessageStreamView__body___2giLh""><div><span><a data-event=""click"" data-for=""cashTag"" data-tip=""FEYE"" href=""/symbol/FEYE"" id=""FEYE-150591850-91"">$FEYE</a></span> CEO needs to resign and BOD should be fired for not taking action.  I don't care what the ER results are, leadership can't build value</div></div>"
longguyisland,False,2019-01-14 14:40:00,16.415,"<div class=""MessageStreamView__body___2giLh""><div><span><a data-event=""click"" data-for=""cashTag"" data-tip=""FEYE"" href=""/symbol/FEYE"" id=""FEYE-150584414-94"">$FEYE</a></span> Mandia disappointing big time. Made small amount but still kicking myself&gt; he is very believable. ""fool me once""</div></div>"
longguyisland,False,2019-01-14 14:38:00,16.415,"<div class=""MessageStreamView__body___2giLh""><div><span><a data-event=""click"" data-for=""cashTag"" data-tip=""FEYE"" href=""/symbol/FEYE"" id=""FEYE-150584155-129"">$FEYE</a></span> sold all my position last year. followed this for long time believing in Mandia big time!. Just can't get this stock price to move.</div></div>"
Market_Run_By_Crooks,False,2019-01-14 09:30:00,16.63,"<div class=""MessageStreamView__body___2giLh""><div><span><a data-event=""click"" data-for=""cashTag"" data-tip=""FEYE"" href=""/symbol/FEYE"" id=""FEYE-150536744-147"">$FEYE</a></span> Another week of failure</div></div>"
