King_Zahi,True,2019-01-14 15:01:00,15.986,"<div class=""MessageStreamView__body___2giLh""><div><span><a data-event=""click"" data-for=""cashTag"" data-tip=""FNKO"" href=""/symbol/FNKO"" id=""FNKO-150587635-39"">$FNKO</a></span> swing</div></div>"
King_Zahi,True,2019-01-14 13:59:00,16.09,"<div class=""MessageStreamView__body___2giLh""><div><span><a data-event=""click"" data-for=""cashTag"" data-tip=""SAEX"" href=""/symbol/SAEX"" id=""SAEX-150578377-48"">$SAEX</a></span> $5.60 <span><a data-event=""click"" data-for=""cashTag"" data-tip=""FNKO"" href=""/symbol/FNKO"" id=""FNKO-150578377-49"">$FNKO</a></span> 16.05 <span><a data-event=""click"" data-for=""cashTag"" data-tip=""ROKU"" href=""/symbol/ROKU"" id=""ROKU-150578377-50"">$ROKU</a></span> 39.74</div></div>"
freakk_,True,2019-01-14 12:33:00,16.28,"<div class=""MessageStreamView__body___2giLh""><div><span><a data-event=""click"" data-for=""cashTag"" data-tip=""FNKO"" href=""/symbol/FNKO"" id=""FNKO-150565914-59"">$FNKO</a></span> ah damn :/ all the bagholders from earlier selling out sideways or cutting for small loss is my guess. ill just wait for another dip</div></div>"
PittsburghTrader,True,2019-01-14 11:09:00,16.916,"<div class=""MessageStreamView__body___2giLh""><div><span><a data-event=""click"" data-for=""cashTag"" data-tip=""FNKO"" href=""/symbol/FNKO"" id=""FNKO-150553245-71"">$FNKO</a></span> nice, If <span><a data-event=""click"" data-for=""cashTag"" data-tip=""SPY"" href=""/symbol/SPY"" id=""SPY-150553245-72"">$SPY</a></span> does a bullish reversal as EU closes, should help propel higher</div></div>"
Bullsonparades,True,2019-01-14 11:06:00,16.917,"<div class=""MessageStreamView__body___2giLh""><div><span><a data-event=""click"" data-for=""cashTag"" data-tip=""NIO"" href=""/symbol/NIO"" id=""NIO-150552838-75"">$NIO</a></span> <span><a data-event=""click"" data-for=""cashTag"" data-tip=""FNKO"" href=""/symbol/FNKO"" id=""FNKO-150552838-76"">$FNKO</a></span> My 2 babies going up today big time. There is something truly nice about being an investor in these 2 underdogs.</div></div>"
freakk_,True,2019-01-14 10:33:00,17.002,"<div class=""MessageStreamView__body___2giLh""><div><span><a data-event=""click"" data-for=""cashTag"" data-tip=""FNKO"" href=""/symbol/FNKO"" id=""FNKO-150547278-82"">$FNKO</a></span> ill see you twit moron bears back in the thirties</div></div>"
freakk_,True,2019-01-14 10:31:00,16.992,"<div class=""MessageStreamView__body___2giLh""><div><span><a data-event=""click"" data-for=""cashTag"" data-tip=""FNKO"" href=""/symbol/FNKO"" id=""FNKO-150547103-85"">$FNKO</a></span> man, this twit group was filled with idiots all the way down to 11.45- where i got assigned cheapies and bought more</div></div>"
coinclown,True,2019-01-14 10:18:00,17.047,"<div class=""MessageStreamView__body___2giLh""><div><span><a data-event=""click"" data-for=""cashTag"" data-tip=""FNKO"" href=""/symbol/FNKO"" id=""FNKO-150545067-95"">$FNKO</a></span> need that 21.50 to hit for my options.</div></div>"
shortistmord,True,2019-01-14 09:55:00,16.851,"<div class=""MessageStreamView__body___2giLh""><div><span><a data-event=""click"" data-for=""cashTag"" data-tip=""FNKO"" href=""/symbol/FNKO"" id=""FNKO-150540860-145"">$FNKO</a></span> the beast is back!</div></div>"
