Topolino,True,2019-01-14 15:55:00,0.8301,"<div class=""MessageStreamView__body___2giLh""><div><span><a data-event=""click"" data-for=""cashTag"" data-tip=""FRAN"" href=""/symbol/FRAN"" id=""FRAN-150596802-163"">$FRAN</a></span> clowns have the power today. Shorts wtf..</div></div>"
Topolino,True,2019-01-14 15:22:00,0.852,"<div class=""MessageStreamView__body___2giLh""><div><span><a data-event=""click"" data-for=""cashTag"" data-tip=""FRAN"" href=""/symbol/FRAN"" id=""FRAN-150591261-166"">$FRAN</a></span> <span><a data-event=""click"" data-for=""cashTag"" data-tip=""PIR"" href=""/symbol/PIR"" id=""PIR-150591261-167"">$PIR</a></span> pir is re starting..and Fran next minutes🛫🛫</div></div>"
EdisonTesla,True,2019-01-14 15:10:00,0.872,"<div class=""MessageStreamView__body___2giLh""><div><span><a data-event=""click"" data-for=""cashTag"" data-tip=""FRAN"" href=""/symbol/FRAN"" id=""FRAN-150589155-174"">$FRAN</a></span> RUN BABY RUN!!!</div></div>"
EdisonTesla,True,2019-01-14 15:02:00,0.8486,"<div class=""MessageStreamView__body___2giLh""><div><span><a data-event=""click"" data-for=""cashTag"" data-tip=""FRAN"" href=""/symbol/FRAN"" id=""FRAN-150587855-177"">$FRAN</a></span> This flatfline makes me want to believe we have shaken the low shorts from the money tree</div></div>"
Shroomy726,True,2019-01-14 15:01:00,0.8485,"<div class=""MessageStreamView__body___2giLh""><div><span><a data-event=""click"" data-for=""cashTag"" data-tip=""FRAN"" href=""/symbol/FRAN"" id=""FRAN-150587657-180"">$FRAN</a></span> Positive divergence seen on daily chart:</div></div>"
Shroomy726,True,2019-01-14 14:56:00,0.8486,"<div class=""MessageStreamView__body___2giLh""><div><span><a data-event=""click"" data-for=""cashTag"" data-tip=""FRAN"" href=""/symbol/FRAN"" id=""FRAN-150586939-183"">$FRAN</a></span> 825k Buys vs 670k Sells. Churning nicely.</div></div>"
EdisonTesla,True,2019-01-14 14:52:00,0.8485,"<div class=""MessageStreamView__body___2giLh""><div><span><a data-event=""click"" data-for=""cashTag"" data-tip=""FRAN"" href=""/symbol/FRAN"" id=""FRAN-150586255-186"">$FRAN</a></span> low volume day dont be scared away!</div></div>"
Shroomy726,True,2019-01-14 14:45:00,0.8491,"<div class=""MessageStreamView__body___2giLh""><div><span><a data-event=""click"" data-for=""cashTag"" data-tip=""FRAN"" href=""/symbol/FRAN"" id=""FRAN-150585266-189"">$FRAN</a></span> Buy all you can because these prices won't last IMO. Tomorrow we should keep moving up after consolidating all day today.</div></div>"
Nedwin513,True,2019-01-14 14:45:00,0.8491,"<div class=""MessageStreamView__body___2giLh""><div><span><a data-event=""click"" data-for=""cashTag"" data-tip=""FRAN"" href=""/symbol/FRAN"" id=""FRAN-150585263-192"">$FRAN</a></span> Filling in nicely from Friday's spike. Seeking entry.</div></div>"
Topolino,True,2019-01-14 14:45:00,0.8491,"<div class=""MessageStreamView__body___2giLh""><div><span><a data-event=""click"" data-for=""cashTag"" data-tip=""FRAN"" href=""/symbol/FRAN"" id=""FRAN-150585163-195"">$FRAN</a></span> a take over is imminent . Go down and I buy more....thanks clowns</div></div>"
Topolino,True,2019-01-14 14:44:00,0.8491,"<div class=""MessageStreamView__body___2giLh""><div><span><a data-event=""click"" data-for=""cashTag"" data-tip=""FRAN"" href=""/symbol/FRAN"" id=""FRAN-150585016-198"">$FRAN</a></span> oversold monthly oversold weekly oversold daily 33 , next to the short support...29 M cap for 400 M of assets and 30 M of cash... ???</div></div>"
esrouter,True,2019-01-14 14:40:00,0.8497,"<div class=""MessageStreamView__body___2giLh""><div><span><a data-event=""click"" data-for=""cashTag"" data-tip=""FRAN"" href=""/symbol/FRAN"" id=""FRAN-150584422-201"">$FRAN</a></span> <span><a data-event=""click"" data-for=""cashTag"" data-tip=""SPY"" href=""/symbol/SPY"" id=""SPY-150584422-202"">$SPY</a></span> <span><a data-event=""click"" data-for=""cashTag"" data-tip=""CGC"" href=""/symbol/CGC"" id=""CGC-150584422-203"">$CGC</a></span> - <span><a data-event=""click"" data-for=""cashTag"" data-tip=""FRAN"" href=""/symbol/FRAN"" id=""FRAN-150584422-204"">$FRAN</a></span> is incredible value from the great fear plunge. Will likely double. No debt. Treading at 1/3 book value.</div></div>"
Hakop,True,2019-01-14 14:26:00,0.8568,"<div class=""MessageStreamView__body___2giLh""><div><span><a data-event=""click"" data-for=""cashTag"" data-tip=""FRAN"" href=""/symbol/FRAN"" id=""FRAN-150582442-210"">$FRAN</a></span> added</div></div>"
Boxer2204,True,2019-01-14 14:10:00,0.8749,"<div class=""MessageStreamView__body___2giLh""><div><span><a data-event=""click"" data-for=""cashTag"" data-tip=""FRAN"" href=""/symbol/FRAN"" id=""FRAN-150580099-216"">$FRAN</a></span> big interest 1 and 2 strike...easy money within Friday...all in...possible miracle 100% spike into 18 january</div></div>"
robseigel,True,2019-01-14 14:03:00,0.8785,"<div class=""MessageStreamView__body___2giLh""><div><span><a data-event=""click"" data-for=""cashTag"" data-tip=""FRAN"" href=""/symbol/FRAN"" id=""FRAN-150579027-219"">$FRAN</a></span> Cross River does DD</div></div>"
tonymanero,True,2019-01-14 13:56:00,0.8759,"<div class=""MessageStreamView__body___2giLh""><div><span><a data-event=""click"" data-for=""cashTag"" data-tip=""FRAN"" href=""/symbol/FRAN"" id=""FRAN-150577937-222"">$FRAN</a></span> green close</div></div>"
Shroomy726,True,2019-01-14 13:40:00,0.876,"<div class=""MessageStreamView__body___2giLh""><div><span><a data-event=""click"" data-for=""cashTag"" data-tip=""FRAN"" href=""/symbol/FRAN"" id=""FRAN-150575387-225"">$FRAN</a></span> Last time we had a day like this we ran +27% the next day. Expecting similar behavior.</div></div>"
Shroomy726,True,2019-01-14 13:15:00,0.8686,"<div class=""MessageStreamView__body___2giLh""><div><span><a data-event=""click"" data-for=""cashTag"" data-tip=""FRAN"" href=""/symbol/FRAN"" id=""FRAN-150571878-228"">$FRAN</a></span> Nothing has changed here except cheaper entry prices for the continuation of the run. All indicators still intact. Buy and accumulate.</div></div>"
db4,True,2019-01-14 12:50:00,0.8627,"<div class=""MessageStreamView__body___2giLh""><div><span><a data-event=""click"" data-for=""cashTag"" data-tip=""FRAN"" href=""/symbol/FRAN"" id=""FRAN-150568155-231"">$FRAN</a></span> +++</div></div>"
BigAlpha,True,2019-01-14 11:45:00,0.9128,"<div class=""MessageStreamView__body___2giLh""><div><span><a data-event=""click"" data-for=""cashTag"" data-tip=""FRAN"" href=""/symbol/FRAN"" id=""FRAN-150558900-237"">$FRAN</a></span> This is worth at least 2 bucks. Easy double boys.</div></div>"
db4,True,2019-01-14 11:40:00,0.91,"<div class=""MessageStreamView__body___2giLh""><div><span><a data-event=""click"" data-for=""cashTag"" data-tip=""FRAN"" href=""/symbol/FRAN"" id=""FRAN-150558187-240"">$FRAN</a></span> something is brewing here today</div></div>"
db4,True,2019-01-14 11:40:00,0.91,"<div class=""MessageStreamView__body___2giLh""><div><span><a data-event=""click"" data-for=""cashTag"" data-tip=""FRAN"" href=""/symbol/FRAN"" id=""FRAN-150558095-243"">$FRAN</a></span> adding</div></div>"
YANEZ,True,2019-01-14 11:30:00,0.9099,"<div class=""MessageStreamView__body___2giLh""><div><span><a data-event=""click"" data-for=""cashTag"" data-tip=""FRAN"" href=""/symbol/FRAN"" id=""FRAN-150556559-246"">$FRAN</a></span> added 15k .8831 at market on the dip...1+ close...mark the post</div></div>"
Shroomy726,True,2019-01-14 11:19:00,0.8787,"<div class=""MessageStreamView__body___2giLh""><div><span><a data-event=""click"" data-for=""cashTag"" data-tip=""AAPL"" href=""/symbol/AAPL"" id=""AAPL-150554913-252"">$AAPL</a></span> <span><a data-event=""click"" data-for=""cashTag"" data-tip=""FRAN"" href=""/symbol/FRAN"" id=""FRAN-150554913-253"">$FRAN</a></span> <span><a data-event=""click"" data-for=""cashTag"" data-tip=""PYX"" href=""/symbol/PYX"" id=""PYX-150554913-254"">$PYX</a></span> <span><a data-event=""click"" data-for=""cashTag"" data-tip=""SBOT"" href=""/symbol/SBOT"" id=""SBOT-150554913-255"">$SBOT</a></span> Market in consolidation mode. Great day to buy.</div></div>"
esrouter,True,2019-01-14 11:10:00,0.8929,"<div class=""MessageStreamView__body___2giLh""><div><span><a data-event=""click"" data-for=""cashTag"" data-tip=""FRAN"" href=""/symbol/FRAN"" id=""FRAN-150553435-258"">$FRAN</a></span> Wild swings are common until it gets back to a reasonable stock price. RSI was high and now reset for another leg up.</div></div>"
Shroomy726,True,2019-01-14 10:48:00,0.8975,"<div class=""MessageStreamView__body___2giLh""><div><span><a data-event=""click"" data-for=""cashTag"" data-tip=""FRAN"" href=""/symbol/FRAN"" id=""FRAN-150549759-265"">$FRAN</a></span> Doubled down my position at 0.89.</div></div>"
Shroomy726,True,2019-01-14 10:42:00,0.8931,"<div class=""MessageStreamView__body___2giLh""><div><span><a data-event=""click"" data-for=""cashTag"" data-tip=""FRAN"" href=""/symbol/FRAN"" id=""FRAN-150548892-268"">$FRAN</a></span> Look at daily RSI, +DI, MFI, MACD. Those indicators tell the story. Flip of PAR SAR at $1.01 next, then $1.12.</div></div>"
autumn1962,True,2019-01-14 10:16:00,0.8997,"<div class=""MessageStreamView__body___2giLh""><div><span><a data-event=""click"" data-for=""cashTag"" data-tip=""FRAN"" href=""/symbol/FRAN"" id=""FRAN-150544669-274"">$FRAN</a></span> Decreasing price on low volume is a bullish sign.</div></div>"
mrz687,True,2019-01-14 10:01:00,0.927,"<div class=""MessageStreamView__body___2giLh""><div><span><a data-event=""click"" data-for=""cashTag"" data-tip=""FRAN"" href=""/symbol/FRAN"" id=""FRAN-150541946-280"">$FRAN</a></span> we will break 1,02$ next minutes</div></div>"
mrz687,True,2019-01-14 09:58:00,0.919,"<div class=""MessageStreamView__body___2giLh""><div><span><a data-event=""click"" data-for=""cashTag"" data-tip=""FRAN"" href=""/symbol/FRAN"" id=""FRAN-150541379-283"">$FRAN</a></span> nice moment intraday 😎</div></div>"
Shroomy726,True,2019-01-14 09:41:00,0.9181,"<div class=""MessageStreamView__body___2giLh""><div><span><a data-event=""click"" data-for=""cashTag"" data-tip=""FRAN"" href=""/symbol/FRAN"" id=""FRAN-150538328-289"">$FRAN</a></span> Nice open. Should continue running here shortly. Next: test of $1.12.</div></div>"
