Nomadic_Indian,False,2019-01-14 15:59:00,20.938,"<div class=""MessageStreamView__body___2giLh""><div><span><a data-event=""click"" data-for=""cashTag"" data-tip=""GLD"" href=""/symbol/GLD"" id=""GLD-150597482-531"">$GLD</a></span> <span><a data-event=""click"" data-for=""cashTag"" data-tip=""GDX"" href=""/symbol/GDX"" id=""GDX-150597482-532"">$GDX</a></span> <span><a data-event=""click"" data-for=""cashTag"" data-tip=""JNUG"" href=""/symbol/JNUG"" id=""JNUG-150597482-533"">$JNUG</a></span> If asians don't prop up gold tomorrow, gold will head to 1285... Say a prayer for the miners!🕇</div></div>"
fofom,True,2019-01-14 15:05:00,21.011,"<div class=""MessageStreamView__body___2giLh""><div><span><a data-event=""click"" data-for=""cashTag"" data-tip=""GDX"" href=""/symbol/GDX"" id=""GDX-150588292-539"">$GDX</a></span> <span><a data-event=""click"" data-for=""cashTag"" data-tip=""NUGT"" href=""/symbol/NUGT"" id=""NUGT-150588292-540"">$NUGT</a></span> Let's see rebound towards EOD.Sure glad thieves did not get their way. We need ""honest"" analysts producing worthy to read reports</div></div>"
LiveTradePro,True,2019-01-14 14:52:00,21.05,"<div class=""MessageStreamView__body___2giLh""><div><span><a data-event=""click"" data-for=""cashTag"" data-tip=""GDX"" href=""/symbol/GDX"" id=""GDX-150586277-543"">$GDX</a></span> <span><a data-event=""click"" data-for=""cashTag"" data-tip=""NUGT"" href=""/symbol/NUGT"" id=""NUGT-150586277-544"">$NUGT</a></span> <span><a data-event=""click"" data-for=""cashTag"" data-tip=""JNUG"" href=""/symbol/JNUG"" id=""JNUG-150586277-545"">$JNUG</a></span> Not the most exciting action today perhaps but seeing trend as intact.</div></div>"
fofom,True,2019-01-14 13:47:00,20.998,"<div class=""MessageStreamView__body___2giLh""><div><span><a data-event=""click"" data-for=""cashTag"" data-tip=""GDX"" href=""/symbol/GDX"" id=""GDX-150576597-554"">$GDX</a></span> <span><a data-event=""click"" data-for=""cashTag"" data-tip=""NUGT"" href=""/symbol/NUGT"" id=""NUGT-150576597-555"">$NUGT</a></span> Glad to see that some of you are staying the course with me on the journey to massive rewards Let's burn the shorts.Upswing🏇🏇🏇</div></div>"
skarper,False,2019-01-14 13:02:00,21.013,"<div class=""MessageStreamView__body___2giLh""><div><span><a data-event=""click"" data-for=""cashTag"" data-tip=""GDX"" href=""/symbol/GDX"" id=""GDX-150569930-562"">$GDX</a></span> Same goes for you. You pop I short</div></div>"
mpolo,True,2019-01-14 12:30:00,20.965,"<div class=""MessageStreamView__body___2giLh""><div><span><a data-event=""click"" data-for=""cashTag"" data-tip=""EGO"" href=""/symbol/EGO"" id=""EGO-150565513-590"">$EGO</a></span> <span><a data-event=""click"" data-for=""cashTag"" data-tip=""ELD.CA"" href=""/symbol/ELD.CA"" id=""ELD-CA-150565513-591"">$ELD.CA</a></span> <span><a data-event=""click"" data-for=""cashTag"" data-tip=""DGC.CA"" href=""/symbol/DGC.CA"" id=""DGC-CA-150565513-592"">$DGC.CA</a></span> <span><a data-event=""click"" data-for=""cashTag"" data-tip=""GG"" href=""/symbol/GG"" id=""GG-150565513-593"">$GG</a></span> <span><a data-event=""click"" data-for=""cashTag"" data-tip=""NEM"" href=""/symbol/NEM"" id=""NEM-150565513-594"">$NEM</a></span> <span><a data-event=""click"" data-for=""cashTag"" data-tip=""ABX"" href=""/symbol/ABX"" id=""ABX-150565513-595"">$ABX</a></span> <span><a data-event=""click"" data-for=""cashTag"" data-tip=""GOLD"" href=""/symbol/GOLD"" id=""GOLD-150565513-596"">$GOLD</a></span> <span><a data-event=""click"" data-for=""cashTag"" data-tip=""GDXJ"" href=""/symbol/GDXJ"" id=""GDXJ-150565513-597"">$GDXJ</a></span> <span><a data-event=""click"" data-for=""cashTag"" data-tip=""GDX"" href=""/symbol/GDX"" id=""GDX-150565513-598"">$GDX</a></span> 🛫🛫</div></div>"
TeabullAssetTimer,True,2019-01-14 12:08:00,20.881,"<div class=""MessageStreamView__body___2giLh""><div>Our Gold Market MT timing system is on Buy. Therefore, we are long <span><a data-event=""click"" data-for=""cashTag"" data-tip=""NUGT"" href=""/symbol/NUGT"" id=""NUGT-150562241-624"">$NUGT</a></span>, <span><a data-event=""click"" data-for=""cashTag"" data-tip=""JNUG"" href=""/symbol/JNUG"" id=""JNUG-150562241-625"">$JNUG</a></span>, <span><a data-event=""click"" data-for=""cashTag"" data-tip=""GDXX"" href=""/symbol/GDXX"" id=""GDXX-150562241-626"">$GDXX</a></span>, <span><a data-event=""click"" data-for=""cashTag"" data-tip=""GDX"" href=""/symbol/GDX"" id=""GDX-150562241-627"">$GDX</a></span>. <a data-event=""click"" href=""http://www.teabullassettimer.com/current-signals/"" rel=""noopener nofollow"" target=""_blank"">teabullassettimer.com/curre...</a></div></div>"
fofom,True,2019-01-14 11:23:00,20.91,"<div class=""MessageStreamView__body___2giLh""><div><span><a data-event=""click"" data-for=""cashTag"" data-tip=""GDX"" href=""/symbol/GDX"" id=""GDX-150555593-647"">$GDX</a></span> <span><a data-event=""click"" data-for=""cashTag"" data-tip=""NUGT"" href=""/symbol/NUGT"" id=""NUGT-150555593-648"">$NUGT</a></span> The thieves of wall street would want you to let go of your undervalued shares,so that they can buy on the cheap &amp; make a kiling</div></div>"
kkhome4159,True,2019-01-14 11:22:00,20.895,"<div class=""MessageStreamView__body___2giLh""><div><span><a data-event=""click"" data-for=""cashTag"" data-tip=""GDX"" href=""/symbol/GDX"" id=""GDX-150555381-651"">$GDX</a></span> it’s going to be ok.</div></div>"
fofom,True,2019-01-14 11:07:00,20.869,"<div class=""MessageStreamView__body___2giLh""><div><span><a data-event=""click"" data-for=""cashTag"" data-tip=""GDX"" href=""/symbol/GDX"" id=""GDX-150553030-664"">$GDX</a></span> <span><a data-event=""click"" data-for=""cashTag"" data-tip=""NUGT"" href=""/symbol/NUGT"" id=""NUGT-150553030-665"">$NUGT</a></span> Head fake..head fake...not buying it on a day when gold is firming, while 10 yr, oil and dollar is dropping.  BTFD.</div></div>"
Trader_Yen,False,2019-01-14 10:58:00,20.928,"<div class=""MessageStreamView__body___2giLh""><div><span><a data-event=""click"" data-for=""cashTag"" data-tip=""GDX"" href=""/symbol/GDX"" id=""GDX-150551475-671"">$GDX</a></span> <span><a data-event=""click"" data-for=""cashTag"" data-tip=""NUGT"" href=""/symbol/NUGT"" id=""NUGT-150551475-672"">$NUGT</a></span> Levels</div></div>"
Nomadic_Indian,False,2019-01-14 10:40:00,20.965,"<div class=""MessageStreamView__body___2giLh""><div><span><a data-event=""click"" data-for=""cashTag"" data-tip=""GLD"" href=""/symbol/GLD"" id=""GLD-150548484-679"">$GLD</a></span> <span><a data-event=""click"" data-for=""cashTag"" data-tip=""GDX"" href=""/symbol/GDX"" id=""GDX-150548484-680"">$GDX</a></span> <span><a data-event=""click"" data-for=""cashTag"" data-tip=""JNUG"" href=""/symbol/JNUG"" id=""JNUG-150548484-681"">$JNUG</a></span> ""In the short run, markets always move to inflict max PAIN to MAX investors possible!""

So true!</div></div>"
Nomadic_Indian,False,2019-01-14 10:20:00,21.085,"<div class=""MessageStreamView__body___2giLh""><div><span><a data-event=""click"" data-for=""cashTag"" data-tip=""GLD"" href=""/symbol/GLD"" id=""GLD-150545285-694"">$GLD</a></span> <span><a data-event=""click"" data-for=""cashTag"" data-tip=""GDX"" href=""/symbol/GDX"" id=""GDX-150545285-695"">$GDX</a></span> <span><a data-event=""click"" data-for=""cashTag"" data-tip=""JNUG"" href=""/symbol/JNUG"" id=""JNUG-150545285-696"">$JNUG</a></span> If this is what miners do when gold is up $4... god help us if tomorrow gold is down $4</div></div>"
fofom,True,2019-01-14 10:09:00,21.142,"<div class=""MessageStreamView__body___2giLh""><div><span><a data-event=""click"" data-for=""cashTag"" data-tip=""GDX"" href=""/symbol/GDX"" id=""GDX-150543385-699"">$GDX</a></span> <span><a data-event=""click"" data-for=""cashTag"" data-tip=""NUGT"" href=""/symbol/NUGT"" id=""NUGT-150543385-700"">$NUGT</a></span> 10 yr yield, oil and dollar are <a data-event=""click"" href=""http://down.Gold"" rel=""noopener nofollow"" target=""_blank"">down.Gold</a> is spiking towards $1300.  M&amp;A is heating up.  All of that and miners are suppressed.  BTFD 🏇</div></div>"
YellowRock,False,2019-01-14 10:05:00,21.135,"<div class=""MessageStreamView__body___2giLh""><div><span><a data-event=""click"" data-for=""cashTag"" data-tip=""GDX"" href=""/symbol/GDX"" id=""GDX-150542555-703"">$GDX</a></span> <span><a data-event=""click"" data-for=""cashTag"" data-tip=""GDXJ"" href=""/symbol/GDXJ"" id=""GDXJ-150542555-704"">$GDXJ</a></span> price action today suggests more downside p:b atleast to 200 dma</div></div>"
TeabullAssetTimer,True,2019-01-14 10:01:00,21.105,"<div class=""MessageStreamView__body___2giLh""><div>Our Gold Market MT timing system is on Buy. Therefore, we are long <span><a data-event=""click"" data-for=""cashTag"" data-tip=""NUGT"" href=""/symbol/NUGT"" id=""NUGT-150541881-707"">$NUGT</a></span>, <span><a data-event=""click"" data-for=""cashTag"" data-tip=""JNUG"" href=""/symbol/JNUG"" id=""JNUG-150541881-708"">$JNUG</a></span>, <span><a data-event=""click"" data-for=""cashTag"" data-tip=""GDXX"" href=""/symbol/GDXX"" id=""GDXX-150541881-709"">$GDXX</a></span>, <span><a data-event=""click"" data-for=""cashTag"" data-tip=""GDX"" href=""/symbol/GDX"" id=""GDX-150541881-710"">$GDX</a></span>. <a data-event=""click"" href=""http://www.teabullassettimer.com/current-signals/"" rel=""noopener nofollow"" target=""_blank"">teabullassettimer.com/curre...</a></div></div>"
