BITKOIN4LIFE,True,2019-01-14 15:55:00,9.182,"<div class=""MessageStreamView__body___2giLh""><div><span><a data-event=""click"" data-for=""cashTag"" data-tip=""GLUU"" href=""/symbol/GLUU"" id=""GLUU-150596931-149"">$GLUU</a></span> Tomorrow will be another BIG DAY as long as the market doesn't shit on itself. Holding up way to well! Breakout not finished yet!</div></div>"
BITKOIN4LIFE,True,2019-01-14 15:52:00,9.197,"<div class=""MessageStreamView__body___2giLh""><div><span><a data-event=""click"" data-for=""cashTag"" data-tip=""GLUU"" href=""/symbol/GLUU"" id=""GLUU-150596249-152"">$GLUU</a></span> Does not want to go down below $9.19-$9.20!</div></div>"
BITKOIN4LIFE,True,2019-01-14 15:40:00,9.185,"<div class=""MessageStreamView__body___2giLh""><div><span><a data-event=""click"" data-for=""cashTag"" data-tip=""GLUU"" href=""/symbol/GLUU"" id=""GLUU-150594217-155"">$GLUU</a></span> Love 2C a pullback (i doubt we will get it) so the ones who missed can jump in(makes stock stronger)ALWAYS comes back stronger than B4</div></div>"
apgould,True,2019-01-14 13:11:00,9.248,"<div class=""MessageStreamView__body___2giLh""><div><span><a data-event=""click"" data-for=""cashTag"" data-tip=""GLUU"" href=""/symbol/GLUU"" id=""GLUU-150571218-161"">$GLUU</a></span> GD, where's the top?</div></div>"
pjman3,True,2019-01-14 11:21:00,9.203,"<div class=""MessageStreamView__body___2giLh""><div><span><a data-event=""click"" data-for=""cashTag"" data-tip=""GLUU"" href=""/symbol/GLUU"" id=""GLUU-150555251-167"">$GLUU</a></span> Building new support</div></div>"
BITKOIN4LIFE,False,2019-01-14 11:01:00,9.195,"<div class=""MessageStreamView__body___2giLh""><div><span><a data-event=""click"" data-for=""cashTag"" data-tip=""ZNGA"" href=""/symbol/ZNGA"" id=""ZNGA-150552020-170"">$ZNGA</a></span> Bearish B/C FRANK&amp;GER Until these guys R gone dead$, These 2 are NOT capable of doing what Nick Earl&amp;Ludwig have accomplished at <span><a data-event=""click"" data-for=""cashTag"" data-tip=""GLUU"" href=""/symbol/GLUU"" id=""GLUU-150552020-171"">$GLUU</a></span></div></div>"
BackToSchool,False,2019-01-14 10:42:00,9.201,"<div class=""MessageStreamView__body___2giLh""><div><span><a data-event=""click"" data-for=""cashTag"" data-tip=""GLUU"" href=""/symbol/GLUU"" id=""GLUU-150548856-174"">$GLUU</a></span> we have resistamce and a top. Time to test below $9</div></div>"
cason20,False,2019-01-14 10:28:00,9.34,"<div class=""MessageStreamView__body___2giLh""><div><span><a data-event=""click"" data-for=""cashTag"" data-tip=""GLUU"" href=""/symbol/GLUU"" id=""GLUU-150546569-177"">$GLUU</a></span> </div></div>"
BITKOIN4LIFE,True,2019-01-14 10:25:00,9.381,"<div class=""MessageStreamView__body___2giLh""><div><span><a data-event=""click"" data-for=""cashTag"" data-tip=""GLUU"" href=""/symbol/GLUU"" id=""GLUU-150546147-180"">$GLUU</a></span> Amazing thing about this stock is when it does take a breather &amp; retrace a bit it ALWAYS comes back twice as strong, too many want in!</div></div>"
