TrooperTrades,False,2019-01-14 15:00:00,15.585,"<div class=""MessageStreamView__body___2giLh""><div><span><a data-event=""click"" data-for=""cashTag"" data-tip=""GME"" href=""/symbol/GME"" id=""GME-150587585-68"">$GME</a></span> <a data-event=""click"" href=""https://seekingalpha.com/amp/article/4233298-sold-gamestop?source=feed_f&amp;__twitter_impression=true"" rel=""noopener nofollow"" target=""_blank"">seekingalpha.com/article/42...</a></div></div>"
shortyclaus,False,2019-01-14 14:58:00,15.58,"<div class=""MessageStreamView__body___2giLh""><div><span><a data-event=""click"" data-for=""cashTag"" data-tip=""GME"" href=""/symbol/GME"" id=""GME-150587153-71"">$GME</a></span> could close at or below 15</div></div>"
shortyclaus,False,2019-01-14 14:56:00,15.626,"<div class=""MessageStreamView__body___2giLh""><div><span><a data-event=""click"" data-for=""cashTag"" data-tip=""GME"" href=""/symbol/GME"" id=""GME-150586927-74"">$GME</a></span></div></div>"
TrooperTrades,False,2019-01-14 12:26:00,15.73,"<div class=""MessageStreamView__body___2giLh""><div><span><a data-event=""click"" data-for=""cashTag"" data-tip=""GME"" href=""/symbol/GME"" id=""GME-150565016-92"">$GME</a></span></div></div>"
KK1415,False,2019-01-14 11:21:00,15.722,"<div class=""MessageStreamView__body___2giLh""><div><span><a data-event=""click"" data-for=""cashTag"" data-tip=""GME"" href=""/symbol/GME"" id=""GME-150555221-98"">$GME</a></span> hit resistance, will pull back today</div></div>"
shortyclaus,False,2019-01-14 10:04:00,15.91,"<div class=""MessageStreamView__body___2giLh""><div><span><a data-event=""click"" data-for=""cashTag"" data-tip=""GME"" href=""/symbol/GME"" id=""GME-150542500-101"">$GME</a></span> fine I'll keep adding to short ya pos</div></div>"
sleekOptions,True,2019-01-14 09:36:00,15.84,"<div class=""MessageStreamView__body___2giLh""><div><span><a data-event=""click"" data-for=""cashTag"" data-tip=""GME"" href=""/symbol/GME"" id=""GME-150537628-104"">$GME</a></span> In the last six months 26 setups peaked above 100% after they were posted</div></div>"
