trondisc,True,2019-01-14 15:34:00,3.765,"<div class=""MessageStreamView__body___2giLh""><div><span><a data-event=""click"" data-for=""cashTag"" data-tip=""GRPN"" href=""/symbol/GRPN"" id=""GRPN-150593171-188"">$GRPN</a></span> non-app users+short selling dipsh*ts: global AU inevitable 70-75M+7-8 yrs=local O2O leader will not fade. <span><a data-event=""click"" data-for=""cashTag"" data-tip=""YELP"" href=""/symbol/YELP"" id=""YELP-150593171-189"">$YELP</a></span> sucks! <a data-event=""click"" href=""/topic/F"">#F</a>*ckWallSt</div></div>"
rupert1,False,2019-01-14 14:01:00,3.78,"<div class=""MessageStreamView__body___2giLh""><div><span><a data-event=""click"" data-for=""cashTag"" data-tip=""GRPN"" href=""/symbol/GRPN"" id=""GRPN-150578725-244"">$GRPN</a></span> massive pump over past 3 weeks for the massive dump incoming</div></div>"
wobbie,True,2019-01-14 13:37:00,3.82,"<div class=""MessageStreamView__body___2giLh""><div><span><a data-event=""click"" data-for=""cashTag"" data-tip=""GRPN"" href=""/symbol/GRPN"" id=""GRPN-150575065-250"">$GRPN</a></span> the trades keep getting bigger.  Shorts are trying to push this down and isn't going to happen</div></div>"
Sliver,True,2019-01-14 13:24:00,3.82,"<div class=""MessageStreamView__body___2giLh""><div><span><a data-event=""click"" data-for=""cashTag"" data-tip=""GRPN"" href=""/symbol/GRPN"" id=""GRPN-150572983-253"">$GRPN</a></span> ???  Hmmm...we have more than ten days of accumulation with few exits. May be worth a few $$$???  Try for $4.50+ by JAN 30th</div></div>"
wobbie,True,2019-01-14 13:20:00,3.83,"<div class=""MessageStreamView__body___2giLh""><div><span><a data-event=""click"" data-for=""cashTag"" data-tip=""GRPN"" href=""/symbol/GRPN"" id=""GRPN-150572473-256"">$GRPN</a></span> theres about 140mil shares on the open market.</div></div>"
Sliver,True,2019-01-14 13:17:00,3.84,"<div class=""MessageStreamView__body___2giLh""><div><span><a data-event=""click"" data-for=""cashTag"" data-tip=""GRPN"" href=""/symbol/GRPN"" id=""GRPN-150572077-259"">$GRPN</a></span> ...this type of power and accumulation may mean that this piggy wants the $6 level again or some group wants to own her! Hmmm...</div></div>"
wobbie,True,2019-01-14 13:16:00,3.835,"<div class=""MessageStreamView__body___2giLh""><div><span><a data-event=""click"" data-for=""cashTag"" data-tip=""GRPN"" href=""/symbol/GRPN"" id=""GRPN-150572009-262"">$GRPN</a></span> Lefkofsky that stubborn? No way</div></div>"
wobbie,True,2019-01-14 13:15:00,3.84,"<div class=""MessageStreamView__body___2giLh""><div><span><a data-event=""click"" data-for=""cashTag"" data-tip=""GRPN"" href=""/symbol/GRPN"" id=""GRPN-150571763-265"">$GRPN</a></span> 4mil vol with about 10%swing.    Oh yeah.  Some buying</div></div>"
wobbie,True,2019-01-14 13:13:00,3.84,"<div class=""MessageStreamView__body___2giLh""><div><span><a data-event=""click"" data-for=""cashTag"" data-tip=""GRPN"" href=""/symbol/GRPN"" id=""GRPN-150571560-268"">$GRPN</a></span> I haven't heard of a hostile takeover.  30% chance?  Someone is accumulating a lot post holiday.</div></div>"
Sliver,True,2019-01-14 13:05:00,3.835,"<div class=""MessageStreamView__body___2giLh""><div><span><a data-event=""click"" data-for=""cashTag"" data-tip=""GRPN"" href=""/symbol/GRPN"" id=""GRPN-150570387-271"">$GRPN</a></span> ???  Hmm... speculation is rising here around the $4 area. What lies ahead may be found in the deep tall damp grass!!!</div></div>"
wobbie,True,2019-01-14 12:24:00,3.821,"<div class=""MessageStreamView__body___2giLh""><div><span><a data-event=""click"" data-for=""cashTag"" data-tip=""GRPN"" href=""/symbol/GRPN"" id=""GRPN-150564731-286"">$GRPN</a></span> exactly 3 years ago to this day the stock rose over 15%</div></div>"
Jsilva24,True,2019-01-14 12:22:00,3.825,"<div class=""MessageStreamView__body___2giLh""><div><span><a data-event=""click"" data-for=""cashTag"" data-tip=""GRPN"" href=""/symbol/GRPN"" id=""GRPN-150564383-289"">$GRPN</a></span> wow wants to keep goin .. we not that far to see 4 .. somethings up .. unusual action 😬🤔😬🔥🔥🔥</div></div>"
wobbie,True,2019-01-14 12:20:00,3.816,"<div class=""MessageStreamView__body___2giLh""><div><span><a data-event=""click"" data-for=""cashTag"" data-tip=""GRPN"" href=""/symbol/GRPN"" id=""GRPN-150564041-292"">$GRPN</a></span> CNBC is silent...</div></div>"
Jsilva24,True,2019-01-14 12:17:00,3.815,"<div class=""MessageStreamView__body___2giLh""><div><span><a data-event=""click"" data-for=""cashTag"" data-tip=""GRPN"" href=""/symbol/GRPN"" id=""GRPN-150563594-298"">$GRPN</a></span> maybe a leak about earnings or something else 🤔🤔🤔🤞🏻🤞🏻</div></div>"
uknatty,True,2019-01-14 12:10:00,3.796,"<div class=""MessageStreamView__body___2giLh""><div><span><a data-event=""click"" data-for=""cashTag"" data-tip=""GRPN"" href=""/symbol/GRPN"" id=""GRPN-150562534-304"">$GRPN</a></span> will we see 4</div></div>"
uknatty,True,2019-01-14 12:10:00,3.796,"<div class=""MessageStreamView__body___2giLh""><div><span><a data-event=""click"" data-for=""cashTag"" data-tip=""GRPN"" href=""/symbol/GRPN"" id=""GRPN-150562465-307"">$GRPN</a></span> the contrarian stock</div></div>"
wobbie,True,2019-01-14 12:09:00,3.795,"<div class=""MessageStreamView__body___2giLh""><div><span><a data-event=""click"" data-for=""cashTag"" data-tip=""GRPN"" href=""/symbol/GRPN"" id=""GRPN-150562401-313"">$GRPN</a></span> all markets are down &lt;1%</div></div>"
uknatty,True,2019-01-14 12:09:00,3.795,"<div class=""MessageStreamView__body___2giLh""><div><span><a data-event=""click"" data-for=""cashTag"" data-tip=""GRPN"" href=""/symbol/GRPN"" id=""GRPN-150562386-316"">$GRPN</a></span> wus up</div></div>"
wobbie,True,2019-01-14 12:09:00,3.795,"<div class=""MessageStreamView__body___2giLh""><div><span><a data-event=""click"" data-for=""cashTag"" data-tip=""GRPN"" href=""/symbol/GRPN"" id=""GRPN-150562348-319"">$GRPN</a></span> we go above $3.90 and something is up</div></div>"
wobbie,True,2019-01-14 12:08:00,3.795,"<div class=""MessageStreamView__body___2giLh""><div><span><a data-event=""click"" data-for=""cashTag"" data-tip=""GRPN"" href=""/symbol/GRPN"" id=""GRPN-150562237-322"">$GRPN</a></span> pushing 8%</div></div>"
wobbie,True,2019-01-14 12:06:00,3.791,"<div class=""MessageStreamView__body___2giLh""><div><span><a data-event=""click"" data-for=""cashTag"" data-tip=""GRPN"" href=""/symbol/GRPN"" id=""GRPN-150561974-325"">$GRPN</a></span> Do you believe!?</div></div>"
wobbie,True,2019-01-14 12:06:00,3.791,"<div class=""MessageStreamView__body___2giLh""><div><span><a data-event=""click"" data-for=""cashTag"" data-tip=""GRPN"" href=""/symbol/GRPN"" id=""GRPN-150561937-328"">$GRPN</a></span> 80 Hallelujah.</div></div>"
wobbie,True,2019-01-14 12:04:00,3.795,"<div class=""MessageStreamView__body___2giLh""><div><span><a data-event=""click"" data-for=""cashTag"" data-tip=""GRPN"" href=""/symbol/GRPN"" id=""GRPN-150561720-331"">$GRPN</a></span> Jan 18 still at 8 to 1 calls [78660 to 9876]</div></div>"
wobbie,True,2019-01-14 12:03:00,3.788,"<div class=""MessageStreamView__body___2giLh""><div><span><a data-event=""click"" data-for=""cashTag"" data-tip=""GRPN"" href=""/symbol/GRPN"" id=""GRPN-150561606-334"">$GRPN</a></span> active options @ &gt;7 to 1 calls</div></div>"
Jsilva24,True,2019-01-14 11:59:00,3.789,"<div class=""MessageStreamView__body___2giLh""><div><span><a data-event=""click"" data-for=""cashTag"" data-tip=""GRPN"" href=""/symbol/GRPN"" id=""GRPN-150560957-337"">$GRPN</a></span> this year grpn on 🔥🔥🔥 some going down 🙏🏻🙏🏻🙏🏻</div></div>"
wobbie,True,2019-01-14 11:50:00,3.79,"<div class=""MessageStreamView__body___2giLh""><div><span><a data-event=""click"" data-for=""cashTag"" data-tip=""GRPN"" href=""/symbol/GRPN"" id=""GRPN-150559676-346"">$GRPN</a></span> 80?</div></div>"
wobbie,True,2019-01-14 11:42:00,3.769,"<div class=""MessageStreamView__body___2giLh""><div><span><a data-event=""click"" data-for=""cashTag"" data-tip=""GRPN"" href=""/symbol/GRPN"" id=""GRPN-150558442-349"">$GRPN</a></span> If we close green that will be day 7</div></div>"
wobbie,True,2019-01-14 11:40:00,3.76,"<div class=""MessageStreamView__body___2giLh""><div><span><a data-event=""click"" data-for=""cashTag"" data-tip=""GRPN"" href=""/symbol/GRPN"" id=""GRPN-150558164-352"">$GRPN</a></span> that ping pong didn't last either.  are mm going to skip lunch?</div></div>"
wobbie,True,2019-01-14 11:39:00,3.76,"<div class=""MessageStreamView__body___2giLh""><div><span><a data-event=""click"" data-for=""cashTag"" data-tip=""GRPN"" href=""/symbol/GRPN"" id=""GRPN-150557987-355"">$GRPN</a></span> &gt;300 per tick.  Nice</div></div>"
Jsilva24,True,2019-01-14 11:18:00,3.74,"<div class=""MessageStreamView__body___2giLh""><div><span><a data-event=""click"" data-for=""cashTag"" data-tip=""GRPN"" href=""/symbol/GRPN"" id=""GRPN-150554673-358"">$GRPN</a></span> niceeeee 💪🏻💪🏻</div></div>"
wobbie,True,2019-01-14 11:15:00,3.75,"<div class=""MessageStreamView__body___2giLh""><div><span><a data-event=""click"" data-for=""cashTag"" data-tip=""GRPN"" href=""/symbol/GRPN"" id=""GRPN-150554155-361"">$GRPN</a></span> 77!  haven't seen that since oct</div></div>"
trondisc,True,2019-01-14 11:14:00,3.74,"<div class=""MessageStreamView__body___2giLh""><div><span><a data-event=""click"" data-for=""cashTag"" data-tip=""GRPN"" href=""/symbol/GRPN"" id=""GRPN-150554080-364"">$GRPN</a></span> :local lifestyle beacon owns my heart/wallet. <a data-event=""click"" href=""/topic/Amateurzon"">#Amateurzon</a> <span><a data-event=""click"" data-for=""cashTag"" data-tip=""AMZN"" href=""/symbol/AMZN"" id=""AMZN-150554080-365"">$AMZN</a></span> <a data-event=""click"" href=""/topic/CostNo"">#CostNo</a> <span><a data-event=""click"" data-for=""cashTag"" data-tip=""COST"" href=""/symbol/COST"" id=""COST-150554080-366"">$COST</a></span> <a data-event=""click"" href=""/topic/Walfart"">#Walfart</a> <span><a data-event=""click"" data-for=""cashTag"" data-tip=""WMT"" href=""/symbol/WMT"" id=""WMT-150554080-367"">$WMT</a></span> <a data-event=""click"" href=""/topic/SnapCrap"">#SnapCrap</a> <span><a data-event=""click"" data-for=""cashTag"" data-tip=""SNAP"" href=""/symbol/SNAP"" id=""SNAP-150554080-368"">$SNAP</a></span> <span><a data-event=""click"" data-for=""cashTag"" data-tip=""QUOT"" href=""/symbol/QUOT"" id=""QUOT-150554080-369"">$QUOT</a></span> =joke <span><a data-event=""click"" data-for=""cashTag"" data-tip=""YELP"" href=""/symbol/YELP"" id=""YELP-150554080-370"">$YELP</a></span> sucks!</div></div>"
rupert1,False,2019-01-14 11:13:00,3.733,"<div class=""MessageStreamView__body___2giLh""><div><span><a data-event=""click"" data-for=""cashTag"" data-tip=""GRPN"" href=""/symbol/GRPN"" id=""GRPN-150553929-373"">$GRPN</a></span> $3.50s by eow</div></div>"
kgnfdeagle,True,2019-01-14 11:05:00,3.746,"<div class=""MessageStreamView__body___2giLh""><div><span><a data-event=""click"" data-for=""cashTag"" data-tip=""GRPN"" href=""/symbol/GRPN"" id=""GRPN-150552714-376"">$GRPN</a></span> Folks were waiting for $3.60 ceiling to break; now, there will be decent amount of short covering as new uptrend into Q4 established.</div></div>"
wobbie,True,2019-01-14 10:57:00,3.72,"<div class=""MessageStreamView__body___2giLh""><div><span><a data-event=""click"" data-for=""cashTag"" data-tip=""GRPN"" href=""/symbol/GRPN"" id=""GRPN-150551381-379"">$GRPN</a></span> guess a lot of buyers were sitting at 60</div></div>"
wobbie,True,2019-01-14 10:56:00,3.71,"<div class=""MessageStreamView__body___2giLh""><div><span><a data-event=""click"" data-for=""cashTag"" data-tip=""GRPN"" href=""/symbol/GRPN"" id=""GRPN-150551263-382"">$GRPN</a></span> &gt;5% swing.  If we see &gt;10% there has to be news</div></div>"
kgnfdeagle,True,2019-01-14 10:44:00,3.695,"<div class=""MessageStreamView__body___2giLh""><div><span><a data-event=""click"" data-for=""cashTag"" data-tip=""GRPN"" href=""/symbol/GRPN"" id=""GRPN-150549131-385"">$GRPN</a></span> Time to breakout and burn perma-shorts; Q4 <a data-event=""click"" href=""/topic/s"">#s</a> will be stellar &amp; strong double bottom put in place! Time for bulls to make the $$$ now!</div></div>"
wobbie,True,2019-01-14 10:01:00,3.659,"<div class=""MessageStreamView__body___2giLh""><div><span><a data-event=""click"" data-for=""cashTag"" data-tip=""GRPN"" href=""/symbol/GRPN"" id=""GRPN-150541893-392"">$GRPN</a></span> 4%!🤔🙃☺</div></div>"
wobbie,True,2019-01-14 09:57:00,3.63,"<div class=""MessageStreamView__body___2giLh""><div><span><a data-event=""click"" data-for=""cashTag"" data-tip=""GRPN"" href=""/symbol/GRPN"" id=""GRPN-150541286-395"">$GRPN</a></span> &gt;3% swing in less than 30 minutes.  Back to our old ways I see.</div></div>"
