Gsat3GPP,True,2019-01-14 15:36:00,0.7126,"<div class=""MessageStreamView__body___2giLh""><div><span><a data-event=""click"" data-for=""cashTag"" data-tip=""GSAT"" href=""/symbol/GSAT"" id=""GSAT-150593562-84"">$GSAT</a></span> I see on today trading was healthy, it did brought dawn the RSI on low volume of trading</div></div>"
AttackK9,True,2019-01-14 15:17:00,0.7094,"<div class=""MessageStreamView__body___2giLh""><div><span><a data-event=""click"" data-for=""cashTag"" data-tip=""GSAT"" href=""/symbol/GSAT"" id=""GSAT-150590349-87"">$GSAT</a></span> Nothing to be disappointed about today. This wants to move up and take it nice and easy. Nothing wrong with 1-2% upside days now</div></div>"
Gsat3GPP,True,2019-01-14 14:06:00,0.7161,"<div class=""MessageStreamView__body___2giLh""><div><span><a data-event=""click"" data-for=""cashTag"" data-tip=""GSAT"" href=""/symbol/GSAT"" id=""GSAT-150579509-128"">$GSAT</a></span> just to point out the last time we had 10 DA crossed above 50 DA was on 31st Jan 2017 . We R headed there</div></div>"
opaque1,True,2019-01-14 13:41:00,0.718,"<div class=""MessageStreamView__body___2giLh""><div><span><a data-event=""click"" data-for=""cashTag"" data-tip=""GSAT"" href=""/symbol/GSAT"" id=""GSAT-150575656-134"">$GSAT</a></span> make it or break it time for this bull run. Continuation or pullback?</div></div>"
Gsat3GPP,True,2019-01-14 13:36:00,0.7184,"<div class=""MessageStreamView__body___2giLh""><div><span><a data-event=""click"" data-for=""cashTag"" data-tip=""GSAT"" href=""/symbol/GSAT"" id=""GSAT-150574894-137"">$GSAT</a></span> will GSAT explode today!!!’</div></div>"
palisay,True,2019-01-14 13:34:00,0.7199,"<div class=""MessageStreamView__body___2giLh""><div><span><a data-event=""click"" data-for=""cashTag"" data-tip=""GSAT"" href=""/symbol/GSAT"" id=""GSAT-150574423-140"">$GSAT</a></span> about to be a runner! 🤲🏽</div></div>"
eddiepf,True,2019-01-14 13:32:00,0.7177,"<div class=""MessageStreamView__body___2giLh""><div><span><a data-event=""click"" data-for=""cashTag"" data-tip=""GSAT"" href=""/symbol/GSAT"" id=""GSAT-150574190-143"">$GSAT</a></span> don't forget the weekend effect</div></div>"
opaque1,True,2019-01-14 13:32:00,0.7177,"<div class=""MessageStreamView__body___2giLh""><div><span><a data-event=""click"" data-for=""cashTag"" data-tip=""GSAT"" href=""/symbol/GSAT"" id=""GSAT-150574154-146"">$GSAT</a></span> the Great Wall of .72</div></div>"
Jremacy,True,2019-01-14 13:30:00,0.7182,"<div class=""MessageStreamView__body___2giLh""><div><span><a data-event=""click"" data-for=""cashTag"" data-tip=""GSAT"" href=""/symbol/GSAT"" id=""GSAT-150573966-152"">$GSAT</a></span> remember months ago the $1+ calls for Jan.... Hmmmmm</div></div>"
Gsat3GPP,True,2019-01-14 13:13:00,0.7167,"<div class=""MessageStreamView__body___2giLh""><div><span><a data-event=""click"" data-for=""cashTag"" data-tip=""GSAT"" href=""/symbol/GSAT"" id=""GSAT-150571622-155"">$GSAT</a></span> Amazing  the small swing traders are going to break the wall , This is GSAT the land of wonder</div></div>"
Gsat3GPP,True,2019-01-14 12:43:00,0.7124,"<div class=""MessageStreamView__body___2giLh""><div><span><a data-event=""click"" data-for=""cashTag"" data-tip=""GSAT"" href=""/symbol/GSAT"" id=""GSAT-150567172-158"">$GSAT</a></span> if my hunch is correct, we might repeat the same action from mid 2013 to mid 2014, but this time it might go much higher</div></div>"
Gsat3GPP,True,2019-01-14 12:11:00,0.7132,"<div class=""MessageStreamView__body___2giLh""><div><span><a data-event=""click"" data-for=""cashTag"" data-tip=""GSAT"" href=""/symbol/GSAT"" id=""GSAT-150562657-161"">$GSAT</a></span> only swing trades are making the action today while the big guys holding up ???</div></div>"
BoogieDown9,True,2019-01-14 12:11:00,0.7132,"<div class=""MessageStreamView__body___2giLh""><div><span><a data-event=""click"" data-for=""cashTag"" data-tip=""GSAT"" href=""/symbol/GSAT"" id=""GSAT-150562597-164"">$GSAT</a></span> .72 wall 😱 😱</div></div>"
opaque1,True,2019-01-14 12:06:00,0.7131,"<div class=""MessageStreamView__body___2giLh""><div><span><a data-event=""click"" data-for=""cashTag"" data-tip=""GSAT"" href=""/symbol/GSAT"" id=""GSAT-150561887-167"">$GSAT</a></span> shorts better hope market doesn't turn green..... $1+</div></div>"
Gsat3GPP,True,2019-01-14 10:39:00,0.7128,"<div class=""MessageStreamView__body___2giLh""><div><span><a data-event=""click"" data-for=""cashTag"" data-tip=""GSAT"" href=""/symbol/GSAT"" id=""GSAT-150548400-173"">$GSAT</a></span> the game for this week is wait and see  for rumors to come out until 18th of Jan</div></div>"
mrm0x,True,2019-01-14 10:21:00,0.6999,"<div class=""MessageStreamView__body___2giLh""><div><span><a data-event=""click"" data-for=""cashTag"" data-tip=""GSAT"" href=""/symbol/GSAT"" id=""GSAT-150545522-176"">$GSAT</a></span> or maybe sideways to let all call options on 18th to expire ... will see..</div></div>"
mrm0x,True,2019-01-14 10:20:00,0.703,"<div class=""MessageStreamView__body___2giLh""><div><span><a data-event=""click"" data-for=""cashTag"" data-tip=""GSAT"" href=""/symbol/GSAT"" id=""GSAT-150545316-179"">$GSAT</a></span> holding up strong💪💪 another push higher this week?? 🤔...👀 .72</div></div>"
