atilla1,True,2019-01-14 15:03:00,0.222,"<div class=""MessageStreamView__body___2giLh""><div><span><a data-event=""click"" data-for=""cashTag"" data-tip=""HEB"" href=""/symbol/HEB"" id=""HEB-150587991-22"">$HEB</a></span> MERCK is gonna make money if there is a deal.</div></div>"
atilla1,True,2019-01-14 14:50:00,0.2243,"<div class=""MessageStreamView__body___2giLh""><div><span><a data-event=""click"" data-for=""cashTag"" data-tip=""HEB"" href=""/symbol/HEB"" id=""HEB-150585949-25"">$HEB</a></span> ampligen in poleposition in immuno-oncology ,Prof. Pawel Kalinsky from Buffalo cancer center:""ampligen the most promosing cancer drug""</div></div>"
markieboy,False,2019-01-14 14:43:00,0.222,"<div class=""MessageStreamView__body___2giLh""><div><span><a data-event=""click"" data-for=""cashTag"" data-tip=""HEB"" href=""/symbol/HEB"" id=""HEB-150584921-28"">$HEB</a></span> Cotton Candy syrup is selling well,,the clown mngt. is hoping to bring it to market soon.</div></div>"
atilla1,True,2019-01-14 14:40:00,0.222,"<div class=""MessageStreamView__body___2giLh""><div><span><a data-event=""click"" data-for=""cashTag"" data-tip=""HEB"" href=""/symbol/HEB"" id=""HEB-150584518-31"">$HEB</a></span> end of the month 0.25-0.30$,with a partnership  2-3$, buyout 20-30$ range.</div></div>"
atilla1,True,2019-01-14 14:34:00,0.222,"<div class=""MessageStreamView__body___2giLh""><div><span><a data-event=""click"" data-for=""cashTag"" data-tip=""HEB"" href=""/symbol/HEB"" id=""HEB-150583636-34"">$HEB</a></span> Yes,this baby going to fly</div></div>"
