Marco911,True,2019-01-14 15:56:00,0.1596,"<div class=""MessageStreamView__body___2giLh""><div><span><a data-event=""click"" data-for=""cashTag"" data-tip=""HSGX"" href=""/symbol/HSGX"" id=""HSGX-150597064-441"">$HSGX</a></span> either.1555 or .1627 close</div></div>"
FREEDISCORDINBIO,True,2019-01-14 15:00:00,0.1611,"<div class=""MessageStreamView__body___2giLh""><div><span><a data-event=""click"" data-for=""cashTag"" data-tip=""HSGX"" href=""/symbol/HSGX"" id=""HSGX-150587500-447"">$HSGX</a></span> - 2nd alert for bottom - first resistance trend line break here</div></div>"
23timers,True,2019-01-14 14:40:00,0.1597,"<div class=""MessageStreamView__body___2giLh""><div><span><a data-event=""click"" data-for=""cashTag"" data-tip=""HSGX"" href=""/symbol/HSGX"" id=""HSGX-150584447-453"">$HSGX</a></span> <span><a data-event=""click"" data-for=""cashTag"" data-tip=""HSGX"" href=""/symbol/HSGX"" id=""HSGX-150584447-454"">$HSGX</a></span> <span><a data-event=""click"" data-for=""cashTag"" data-tip=""GNMX"" href=""/symbol/GNMX"" id=""GNMX-150584447-455"">$GNMX</a></span> low volume for these stocks as well as the entire market. We may be trading sideways for a while</div></div>"
Marco911,True,2019-01-14 14:39:00,0.1592,"<div class=""MessageStreamView__body___2giLh""><div><span><a data-event=""click"" data-for=""cashTag"" data-tip=""HSGX"" href=""/symbol/HSGX"" id=""HSGX-150584387-458"">$HSGX</a></span> I have such a good feeling about this chart, like the moment they release news . It’s a wrap , Hold tight my friend</div></div>"
FREEDISCORDINBIO,True,2019-01-14 14:37:00,0.1595,"<div class=""MessageStreamView__body___2giLh""><div><span><a data-event=""click"" data-for=""cashTag"" data-tip=""HSGX"" href=""/symbol/HSGX"" id=""HSGX-150584037-461"">$HSGX</a></span> - Chart - should be very bottomed out here</div></div>"
23timers,True,2019-01-14 14:15:00,0.1594,"<div class=""MessageStreamView__body___2giLh""><div><span><a data-event=""click"" data-for=""cashTag"" data-tip=""HSGX"" href=""/symbol/HSGX"" id=""HSGX-150580899-464"">$HSGX</a></span> possible Gap Up once it breaks this .16 wall</div></div>"
csu,True,2019-01-14 14:12:00,0.1596,"<div class=""MessageStreamView__body___2giLh""><div><span><a data-event=""click"" data-for=""cashTag"" data-tip=""HSGX"" href=""/symbol/HSGX"" id=""HSGX-150580421-467"">$HSGX</a></span> Looks like a bottom here.</div></div>"
Bulls2theWalls,True,2019-01-14 13:45:00,0.1584,"<div class=""MessageStreamView__body___2giLh""><div><span><a data-event=""click"" data-for=""cashTag"" data-tip=""HSGX"" href=""/symbol/HSGX"" id=""HSGX-150576298-470"">$HSGX</a></span> are we finally seeing the close to last weeks pinch?</div></div>"
Ousso1991,True,2019-01-14 13:43:00,0.1597,"<div class=""MessageStreamView__body___2giLh""><div><span><a data-event=""click"" data-for=""cashTag"" data-tip=""HSGX"" href=""/symbol/HSGX"" id=""HSGX-150575925-473"">$HSGX</a></span> all in at 0.1625</div></div>"
yourbuddystoo,True,2019-01-14 13:43:00,0.1597,"<div class=""MessageStreamView__body___2giLh""><div><span><a data-event=""click"" data-for=""cashTag"" data-tip=""HSGX"" href=""/symbol/HSGX"" id=""HSGX-150575900-476"">$HSGX</a></span> just averaged down another nickel. Let’s move!</div></div>"
brianmalonee,True,2019-01-14 13:32:00,0.1598,"<div class=""MessageStreamView__body___2giLh""><div><span><a data-event=""click"" data-for=""cashTag"" data-tip=""MBOT"" href=""/symbol/MBOT"" id=""MBOT-150574157-482"">$MBOT</a></span> <span><a data-event=""click"" data-for=""cashTag"" data-tip=""CRMD"" href=""/symbol/CRMD"" id=""CRMD-150574157-483"">$CRMD</a></span> next low floater <span><a data-event=""click"" data-for=""cashTag"" data-tip=""IBIO"" href=""/symbol/IBIO"" id=""IBIO-150574157-484"">$IBIO</a></span> <span><a data-event=""click"" data-for=""cashTag"" data-tip=""AEMD"" href=""/symbol/AEMD"" id=""AEMD-150574157-485"">$AEMD</a></span> <span><a data-event=""click"" data-for=""cashTag"" data-tip=""HSGX"" href=""/symbol/HSGX"" id=""HSGX-150574157-486"">$HSGX</a></span> <span><a data-event=""click"" data-for=""cashTag"" data-tip=""CLDX"" href=""/symbol/CLDX"" id=""CLDX-150574157-487"">$CLDX</a></span></div></div>"
Nickosysa,True,2019-01-14 12:42:00,0.1597,"<div class=""MessageStreamView__body___2giLh""><div><span><a data-event=""click"" data-for=""cashTag"" data-tip=""HSGX"" href=""/symbol/HSGX"" id=""HSGX-150567023-498"">$HSGX</a></span> buying more 5k more shares 🤞</div></div>"
23timers,True,2019-01-14 12:03:00,0.16,"<div class=""MessageStreamView__body___2giLh""><div><span><a data-event=""click"" data-for=""cashTag"" data-tip=""HSGX"" href=""/symbol/HSGX"" id=""HSGX-150561573-501"">$HSGX</a></span> volume has died down, needs a spark then it can run big time</div></div>"
Tommyl,True,2019-01-14 11:36:00,0.1624,"<div class=""MessageStreamView__body___2giLh""><div><span><a data-event=""click"" data-for=""cashTag"" data-tip=""VLRX"" href=""/symbol/VLRX"" id=""VLRX-150557486-507"">$VLRX</a></span> <span><a data-event=""click"" data-for=""cashTag"" data-tip=""PIR"" href=""/symbol/PIR"" id=""PIR-150557486-508"">$PIR</a></span> <span><a data-event=""click"" data-for=""cashTag"" data-tip=""RAD"" href=""/symbol/RAD"" id=""RAD-150557486-509"">$RAD</a></span> <span><a data-event=""click"" data-for=""cashTag"" data-tip=""PTN"" href=""/symbol/PTN"" id=""PTN-150557486-510"">$PTN</a></span> <span><a data-event=""click"" data-for=""cashTag"" data-tip=""MNGA"" href=""/symbol/MNGA"" id=""MNGA-150557486-511"">$MNGA</a></span> <span><a data-event=""click"" data-for=""cashTag"" data-tip=""MOSY"" href=""/symbol/MOSY"" id=""MOSY-150557486-512"">$MOSY</a></span> <span><a data-event=""click"" data-for=""cashTag"" data-tip=""BPMX"" href=""/symbol/BPMX"" id=""BPMX-150557486-513"">$BPMX</a></span> <span><a data-event=""click"" data-for=""cashTag"" data-tip=""HSGX"" href=""/symbol/HSGX"" id=""HSGX-150557486-514"">$HSGX</a></span> watch volumes</div></div>"
MSC4speed,True,2019-01-14 11:26:00,0.1622,"<div class=""MessageStreamView__body___2giLh""><div><span><a data-event=""click"" data-for=""cashTag"" data-tip=""OHGI"" href=""/symbol/OHGI"" id=""OHGI-150556066-517"">$OHGI</a></span> <span><a data-event=""click"" data-for=""cashTag"" data-tip=""BPMX"" href=""/symbol/BPMX"" id=""BPMX-150556066-518"">$BPMX</a></span> <span><a data-event=""click"" data-for=""cashTag"" data-tip=""MNGA"" href=""/symbol/MNGA"" id=""MNGA-150556066-519"">$MNGA</a></span> <span><a data-event=""click"" data-for=""cashTag"" data-tip=""HSGX"" href=""/symbol/HSGX"" id=""HSGX-150556066-520"">$HSGX</a></span> just a matter of time...</div></div>"
Marco911,True,2019-01-14 11:04:00,0.159,"<div class=""MessageStreamView__body___2giLh""><div><span><a data-event=""click"" data-for=""cashTag"" data-tip=""HSGX"" href=""/symbol/HSGX"" id=""HSGX-150552466-523"">$HSGX</a></span> I guess today we just make more steps . A lil consolidation won’t hurt</div></div>"
williambrannen,True,2019-01-14 10:54:00,0.16,"<div class=""MessageStreamView__body___2giLh""><div><span><a data-event=""click"" data-for=""cashTag"" data-tip=""HSGX"" href=""/symbol/HSGX"" id=""HSGX-150550890-529"">$HSGX</a></span> HOLDING</div></div>"
zokiki,True,2019-01-14 10:17:00,0.1573,"<div class=""MessageStreamView__body___2giLh""><div><span><a data-event=""click"" data-for=""cashTag"" data-tip=""HSGX"" href=""/symbol/HSGX"" id=""HSGX-150544790-538"">$HSGX</a></span> don’t be scared though Hold if you sell you lose</div></div>"
Marco911,True,2019-01-14 10:16:00,0.1573,"<div class=""MessageStreamView__body___2giLh""><div><span><a data-event=""click"" data-for=""cashTag"" data-tip=""HSGX"" href=""/symbol/HSGX"" id=""HSGX-150544690-541"">$HSGX</a></span> took a small loss from 16.32 , bought back in avg 15.55 with more shares . 👀</div></div>"
GorillaGlue2020,True,2019-01-14 10:14:00,0.157,"<div class=""MessageStreamView__body___2giLh""><div><span><a data-event=""click"" data-for=""cashTag"" data-tip=""HSGX"" href=""/symbol/HSGX"" id=""HSGX-150544305-547"">$HSGX</a></span> got caught chasing this garbage.  out for a loss. GL</div></div>"
kingraq,True,2019-01-14 09:59:00,0.1633,"<div class=""MessageStreamView__body___2giLh""><div><span><a data-event=""click"" data-for=""cashTag"" data-tip=""HSGX"" href=""/symbol/HSGX"" id=""HSGX-150541622-562"">$HSGX</a></span> added yet another 10K</div></div>"
williambrannen,True,2019-01-14 09:46:00,0.1676,"<div class=""MessageStreamView__body___2giLh""><div><span><a data-event=""click"" data-for=""cashTag"" data-tip=""HSGX"" href=""/symbol/HSGX"" id=""HSGX-150539291-568"">$HSGX</a></span>  1 million traded</div></div>"
DayTrader001,True,2019-01-14 09:45:00,0.1681,"<div class=""MessageStreamView__body___2giLh""><div><span><a data-event=""click"" data-for=""cashTag"" data-tip=""HSGX"" href=""/symbol/HSGX"" id=""HSGX-150539091-571"">$HSGX</a></span> Seeing some promising trends. Get ready for green.</div></div>"
agranville,True,2019-01-14 09:32:00,0.1614,"<div class=""MessageStreamView__body___2giLh""><div><span><a data-event=""click"" data-for=""cashTag"" data-tip=""HSGX"" href=""/symbol/HSGX"" id=""HSGX-150536887-577"">$HSGX</a></span> Does anyone know when HSGX need to meet compliance or are they going to do a RS?</div></div>"
