framus_morrigan,False,2019-01-14 15:56:00,107.359,"<div class=""MessageStreamView__body___2giLh""><div><span><a data-event=""click"" data-for=""cashTag"" data-tip=""IBB"" href=""/symbol/IBB"" id=""IBB-150597065-418"">$IBB</a></span> <span><a data-event=""click"" data-for=""cashTag"" data-tip=""XBI"" href=""/symbol/XBI"" id=""XBI-150597065-419"">$XBI</a></span> Daily Stochastic about to crossdown. Sector pullback incoming</div></div>"
sal61,False,2019-01-14 15:51:00,107.418,"<div class=""MessageStreamView__body___2giLh""><div><span><a data-event=""click"" data-for=""cashTag"" data-tip=""IBB"" href=""/symbol/IBB"" id=""IBB-150595987-422"">$IBB</a></span> down she goes</div></div>"
DCF,False,2019-01-14 15:44:00,107.549,"<div class=""MessageStreamView__body___2giLh""><div><span><a data-event=""click"" data-for=""cashTag"" data-tip=""XBI"" href=""/symbol/XBI"" id=""XBI-150594834-425"">$XBI</a></span> Loaded <span><a data-event=""click"" data-for=""cashTag"" data-tip=""LABD"" href=""/symbol/LABD"" id=""LABD-150594834-426"">$LABD</a></span>. S&amp;P failed to reach previous resistance on very low volume. Market going down. <span><a data-event=""click"" data-for=""cashTag"" data-tip=""IBB"" href=""/symbol/IBB"" id=""IBB-150594834-427"">$IBB</a></span></div></div>"
jpmquintas,False,2019-01-14 15:25:00,107.793,"<div class=""MessageStreamView__body___2giLh""><div><span><a data-event=""click"" data-for=""cashTag"" data-tip=""IBB"" href=""/symbol/IBB"" id=""IBB-150591720-430"">$IBB</a></span> going back to $101 or even below with this vol... longs trying to hold into something that is already +20%...</div></div>"
VegasRenegade,True,2019-01-14 15:20:00,107.811,"<div class=""MessageStreamView__body___2giLh""><div><span><a data-event=""click"" data-for=""cashTag"" data-tip=""XBI"" href=""/symbol/XBI"" id=""XBI-150590890-433"">$XBI</a></span> &amp; <span><a data-event=""click"" data-for=""cashTag"" data-tip=""IBB"" href=""/symbol/IBB"" id=""IBB-150590890-434"">$IBB</a></span> been buying biotech, my guess less chance of fox paw!</div></div>"
sal61,False,2019-01-14 09:44:00,107.665,"<div class=""MessageStreamView__body___2giLh""><div><span><a data-event=""click"" data-for=""cashTag"" data-tip=""IBB"" href=""/symbol/IBB"" id=""IBB-150538969-495"">$IBB</a></span> top heavy</div></div>"
jpmquintas,False,2019-01-14 09:34:00,107.673,"<div class=""MessageStreamView__body___2giLh""><div><span><a data-event=""click"" data-for=""cashTag"" data-tip=""IBB"" href=""/symbol/IBB"" id=""IBB-150537261-502"">$IBB</a></span> 1st stop around  $105.50</div></div>"
