topstockalerts,True,2019-01-14 15:06:00,110.116,"<div class=""MessageStreamView__body___2giLh""><div>Upgrades:

<span><a data-event=""click"" data-for=""cashTag"" data-tip=""AA"" href=""/symbol/AA"" id=""AA-150588456-44"">$AA</a></span> <span><a data-event=""click"" data-for=""cashTag"" data-tip=""CTT"" href=""/symbol/CTT"" id=""CTT-150588456-45"">$CTT</a></span> <span><a data-event=""click"" data-for=""cashTag"" data-tip=""NOC"" href=""/symbol/NOC"" id=""NOC-150588456-46"">$NOC</a></span> <span><a data-event=""click"" data-for=""cashTag"" data-tip=""AGNC"" href=""/symbol/AGNC"" id=""AGNC-150588456-47"">$AGNC</a></span> <span><a data-event=""click"" data-for=""cashTag"" data-tip=""AJRD"" href=""/symbol/AJRD"" id=""AJRD-150588456-48"">$AJRD</a></span> <span><a data-event=""click"" data-for=""cashTag"" data-tip=""CPS"" href=""/symbol/CPS"" id=""CPS-150588456-49"">$CPS</a></span> <span><a data-event=""click"" data-for=""cashTag"" data-tip=""CIT"" href=""/symbol/CIT"" id=""CIT-150588456-50"">$CIT</a></span> <span><a data-event=""click"" data-for=""cashTag"" data-tip=""NTES"" href=""/symbol/NTES"" id=""NTES-150588456-51"">$NTES</a></span> <span><a data-event=""click"" data-for=""cashTag"" data-tip=""LJPC"" href=""/symbol/LJPC"" id=""LJPC-150588456-52"">$LJPC</a></span> <span><a data-event=""click"" data-for=""cashTag"" data-tip=""CENX"" href=""/symbol/CENX"" id=""CENX-150588456-53"">$CENX</a></span> <span><a data-event=""click"" data-for=""cashTag"" data-tip=""NWSA"" href=""/symbol/NWSA"" id=""NWSA-150588456-54"">$NWSA</a></span> <span><a data-event=""click"" data-for=""cashTag"" data-tip=""CMC"" href=""/symbol/CMC"" id=""CMC-150588456-55"">$CMC</a></span> <span><a data-event=""click"" data-for=""cashTag"" data-tip=""INFY"" href=""/symbol/INFY"" id=""INFY-150588456-56"">$INFY</a></span> <span><a data-event=""click"" data-for=""cashTag"" data-tip=""NLY"" href=""/symbol/NLY"" id=""NLY-150588456-57"">$NLY</a></span> <span><a data-event=""click"" data-for=""cashTag"" data-tip=""ICPT"" href=""/symbol/ICPT"" id=""ICPT-150588456-58"">$ICPT</a></span></div></div>"
EuropenUSBull,True,2019-01-14 12:16:00,108.997,"<div class=""MessageStreamView__body___2giLh""><div><span><a data-event=""click"" data-for=""cashTag"" data-tip=""ICPT"" href=""/symbol/ICPT"" id=""ICPT-150563421-101"">$ICPT</a></span> Where is the Jayne guy lol</div></div>"
sleekOptions,True,2019-01-14 11:22:00,108.337,"<div class=""MessageStreamView__body___2giLh""><div><a data-event=""click"" href=""/topic/Update"">#Update</a>(9)  <span><a data-event=""click"" data-for=""cashTag"" data-tip=""ICPT"" href=""/symbol/ICPT"" id=""ICPT-150555410-110"">$ICPT</a></span> Jan-18 100 Calls Up +40%.  since alerted on: Dec 28, 2018. Peak 109%</div></div>"
