vacha,True,2019-01-14 15:06:00,17.63,"<div class=""MessageStreamView__body___2giLh""><div><span><a data-event=""click"" data-for=""cashTag"" data-tip=""IMMU"" href=""/symbol/IMMU"" id=""IMMU-150588506-215"">$IMMU</a></span>  
Union Bankshares Corp  BOUGHT 10K SHARES 01/14 <a data-event=""click"" href=""https://fintel.io/so/us/immu"" rel=""noopener nofollow"" target=""_blank"">https://fintel.io/so/us/immu</a></div></div>"
vacha,True,2019-01-14 14:12:00,17.57,"<div class=""MessageStreamView__body___2giLh""><div><span><a data-event=""click"" data-for=""cashTag"" data-tip=""IMMU"" href=""/symbol/IMMU"" id=""IMMU-150580435-221"">$IMMU</a></span>   
Investment ideas for 2019 <a data-event=""click"" href=""http://www.orf-blog.com/investment-ideas-for-2019/"" rel=""noopener nofollow"" target=""_blank"">orf-blog.com/investment-ide...</a></div></div>"
vacha,True,2019-01-14 13:21:00,17.621,"<div class=""MessageStreamView__body___2giLh""><div><span><a data-event=""click"" data-for=""cashTag"" data-tip=""IMMU"" href=""/symbol/IMMU"" id=""IMMU-150572696-224"">$IMMU</a></span>  B. Riley FBR analyst Harshita Polishetty resumed coverage on Immunomedics with a Buy and $55 price target.</div></div>"
jazz90,True,2019-01-14 13:20:00,17.62,"<div class=""MessageStreamView__body___2giLh""><div><span><a data-event=""click"" data-for=""cashTag"" data-tip=""IMMU"" href=""/symbol/IMMU"" id=""IMMU-150572542-227"">$IMMU</a></span> It's coming.....
<a data-event=""click"" href=""https://www.biospace.com/article/fda-action-alert-exelixis-and-immunomedics/"" rel=""noopener nofollow"" target=""_blank"">biospace.com/article/fda-ac...</a></div></div>"
Investo101,False,2019-01-14 13:15:00,17.674,"<div class=""MessageStreamView__body___2giLh""><div><span><a data-event=""click"" data-for=""cashTag"" data-tip=""IMMU"" href=""/symbol/IMMU"" id=""IMMU-150571791-230"">$IMMU</a></span> bad news leaked sell now</div></div>"
