JDEZ09,True,2019-01-14 15:45:00,2.5,"<div class=""MessageStreamView__body___2giLh""><div><span><a data-event=""click"" data-for=""cashTag"" data-tip=""INPX"" href=""/symbol/INPX"" id=""INPX-150595030-1132"">$INPX</a></span> seeing a slight bounce but im sure people want news by now.</div></div>"
Double_O_Eight,False,2019-01-14 15:43:00,2.51,"<div class=""MessageStreamView__body___2giLh""><div><span><a data-event=""click"" data-for=""cashTag"" data-tip=""INPX"" href=""/symbol/INPX"" id=""INPX-150594672-1135"">$INPX</a></span> Target = $0.03</div></div>"
biruk757,True,2019-01-14 15:42:00,2.469,"<div class=""MessageStreamView__body___2giLh""><div><span><a data-event=""click"" data-for=""cashTag"" data-tip=""INPX"" href=""/symbol/INPX"" id=""INPX-150594537-1141"">$INPX</a></span> back to $3 tomorrow</div></div>"
babasake,True,2019-01-14 15:35:00,2.444,"<div class=""MessageStreamView__body___2giLh""><div><span><a data-event=""click"" data-for=""cashTag"" data-tip=""INPX"" href=""/symbol/INPX"" id=""INPX-150593459-1149"">$INPX</a></span> Can’t wait...well, yes I can. And I will.</div></div>"
flusername123,True,2019-01-14 15:20:00,2.465,"<div class=""MessageStreamView__body___2giLh""><div><span><a data-event=""click"" data-for=""cashTag"" data-tip=""INPX"" href=""/symbol/INPX"" id=""INPX-150590797-1161"">$INPX</a></span> In at 2.49...!!! GLTA</div></div>"
BullishDaddyDrake,True,2019-01-14 14:54:00,2.517,"<div class=""MessageStreamView__body___2giLh""><div><span><a data-event=""click"" data-for=""cashTag"" data-tip=""MBOT"" href=""/symbol/MBOT"" id=""MBOT-150586591-1170"">$MBOT</a></span> <span><a data-event=""click"" data-for=""cashTag"" data-tip=""DPW"" href=""/symbol/DPW"" id=""DPW-150586591-1171"">$DPW</a></span> <span><a data-event=""click"" data-for=""cashTag"" data-tip=""TLRY"" href=""/symbol/TLRY"" id=""TLRY-150586591-1172"">$TLRY</a></span> <span><a data-event=""click"" data-for=""cashTag"" data-tip=""CEI"" href=""/symbol/CEI"" id=""CEI-150586591-1173"">$CEI</a></span> <span><a data-event=""click"" data-for=""cashTag"" data-tip=""NBEV"" href=""/symbol/NBEV"" id=""NBEV-150586591-1174"">$NBEV</a></span> <span><a data-event=""click"" data-for=""cashTag"" data-tip=""INPX"" href=""/symbol/INPX"" id=""INPX-150586591-1175"">$INPX</a></span> <span><a data-event=""click"" data-for=""cashTag"" data-tip=""MNGA"" href=""/symbol/MNGA"" id=""MNGA-150586591-1176"">$MNGA</a></span> <span><a data-event=""click"" data-for=""cashTag"" data-tip=""AGRX"" href=""/symbol/AGRX"" id=""AGRX-150586591-1177"">$AGRX</a></span> <span><a data-event=""click"" data-for=""cashTag"" data-tip=""VTVT"" href=""/symbol/VTVT"" id=""VTVT-150586591-1178"">$VTVT</a></span> Come to <span><a data-event=""click"" data-for=""cashTag"" data-tip=""SAEX"" href=""/symbol/SAEX"" id=""SAEX-150586591-1179"">$SAEX</a></span> it’s going to 10$ soon</div></div>"
shorttermtrader,True,2019-01-14 14:54:00,2.517,"<div class=""MessageStreamView__body___2giLh""><div><span><a data-event=""click"" data-for=""cashTag"" data-tip=""INPX"" href=""/symbol/INPX"" id=""INPX-150586569-1182"">$INPX</a></span> this is for sure, a garbage...but I sense this might bounce up and hit the roof and make a hole...</div></div>"
BullishTradings,True,2019-01-14 14:46:00,2.529,"<div class=""MessageStreamView__body___2giLh""><div><span><a data-event=""click"" data-for=""cashTag"" data-tip=""INPX"" href=""/symbol/INPX"" id=""INPX-150585304-1192"">$INPX</a></span> giving this a shot here for a possible reversal. In at 2.48</div></div>"
StockAlerts77,True,2019-01-14 14:42:00,2.482,"<div class=""MessageStreamView__body___2giLh""><div><span><a data-event=""click"" data-for=""cashTag"" data-tip=""INPX"" href=""/symbol/INPX"" id=""INPX-150584790-1195"">$INPX</a></span> nearing 52 week low. Keep watch</div></div>"
luckeee,True,2019-01-14 14:37:00,2.48,"<div class=""MessageStreamView__body___2giLh""><div><span><a data-event=""click"" data-for=""cashTag"" data-tip=""INPX"" href=""/symbol/INPX"" id=""INPX-150583985-1204"">$INPX</a></span> 52 week low~ time for reversal?</div></div>"
TurdHal,False,2019-01-14 14:28:00,2.458,"<div class=""MessageStreamView__body___2giLh""><div><span><a data-event=""click"" data-for=""cashTag"" data-tip=""INPX"" href=""/symbol/INPX"" id=""INPX-150582765-1213"">$INPX</a></span> I’ve warned people here many times. This is nothing but a p&amp;d. Get in and get slaughtered. Ali is a scam artist</div></div>"
stockrocketman,False,2019-01-14 14:24:00,2.483,"<div class=""MessageStreamView__body___2giLh""><div><span><a data-event=""click"" data-for=""cashTag"" data-tip=""INPX"" href=""/symbol/INPX"" id=""INPX-150582183-1222"">$INPX</a></span> same shit different RS and dilution</div></div>"
EdmTrader,False,2019-01-14 14:15:00,2.445,"<div class=""MessageStreamView__body___2giLh""><div><span><a data-event=""click"" data-for=""cashTag"" data-tip=""INPX"" href=""/symbol/INPX"" id=""INPX-150580888-1237"">$INPX</a></span> down 1.00</div></div>"
hulk09,False,2019-01-14 13:55:00,2.512,"<div class=""MessageStreamView__body___2giLh""><div><span><a data-event=""click"" data-for=""cashTag"" data-tip=""INPX"" href=""/symbol/INPX"" id=""INPX-150577820-1249"">$INPX</a></span> INPX core business is investment scam. The only thing they produce and sell is fake news to support this!</div></div>"
MiamiMoney,False,2019-01-14 13:30:00,2.56,"<div class=""MessageStreamView__body___2giLh""><div><span><a data-event=""click"" data-for=""cashTag"" data-tip=""INPX"" href=""/symbol/INPX"" id=""INPX-150573929-1261"">$INPX</a></span> Heading back to 10c where it deserves to be. Shameful Nadir</div></div>"
J3marty,False,2019-01-14 13:22:00,2.525,"<div class=""MessageStreamView__body___2giLh""><div><span><a data-event=""click"" data-for=""cashTag"" data-tip=""INPX"" href=""/symbol/INPX"" id=""INPX-150572778-1270"">$INPX</a></span> everybody should sell and go buy stock from a real company</div></div>"
kevinponce95,True,2019-01-14 13:06:00,2.555,"<div class=""MessageStreamView__body___2giLh""><div><span><a data-event=""click"" data-for=""cashTag"" data-tip=""INPX"" href=""/symbol/INPX"" id=""INPX-150570454-1286"">$INPX</a></span> I'm in the 🤠</div></div>"
Tbone762,True,2019-01-14 12:53:00,2.664,"<div class=""MessageStreamView__body___2giLh""><div><span><a data-event=""click"" data-for=""cashTag"" data-tip=""INPX"" href=""/symbol/INPX"" id=""INPX-150568660-1315"">$INPX</a></span></div></div>"
biruk757,True,2019-01-14 12:49:00,2.655,"<div class=""MessageStreamView__body___2giLh""><div><span><a data-event=""click"" data-for=""cashTag"" data-tip=""INPX"" href=""/symbol/INPX"" id=""INPX-150568105-1318"">$INPX</a></span> 2.65 is bottom</div></div>"
kevinponce95,True,2019-01-14 12:19:00,2.707,"<div class=""MessageStreamView__body___2giLh""><div><span><a data-event=""click"" data-for=""cashTag"" data-tip=""INPX"" href=""/symbol/INPX"" id=""INPX-150563888-1339"">$INPX</a></span> what's with all the bears?</div></div>"
stockrocketman,False,2019-01-14 12:06:00,2.72,"<div class=""MessageStreamView__body___2giLh""><div><span><a data-event=""click"" data-for=""cashTag"" data-tip=""INPX"" href=""/symbol/INPX"" id=""INPX-150561980-1354"">$INPX</a></span> get ready for the next downward step in the spiral that is <span><a data-event=""click"" data-for=""cashTag"" data-tip=""INPX"" href=""/symbol/INPX"" id=""INPX-150561980-1355"">$INPX</a></span> . Fucking</div></div>"
biruk757,True,2019-01-14 11:23:00,2.742,"<div class=""MessageStreamView__body___2giLh""><div><span><a data-event=""click"" data-for=""cashTag"" data-tip=""INPX"" href=""/symbol/INPX"" id=""INPX-150555584-1376"">$INPX</a></span> I’m in . Back to $3+ soon</div></div>"
scris,False,2019-01-14 11:18:00,2.77,"<div class=""MessageStreamView__body___2giLh""><div><span><a data-event=""click"" data-for=""cashTag"" data-tip=""INPX"" href=""/symbol/INPX"" id=""INPX-150554664-1379"">$INPX</a></span> I hope you listened. If you didn't, you were warned.</div></div>"
EvilCloudyy,False,2019-01-14 11:00:00,2.766,"<div class=""MessageStreamView__body___2giLh""><div><span><a data-event=""click"" data-for=""cashTag"" data-tip=""INPX"" href=""/symbol/INPX"" id=""INPX-150551795-1395"">$INPX</a></span> God this stock is just never gets old, baggie land hahahahah</div></div>"
TimeKeepsTicking,True,2019-01-14 10:59:00,2.767,"<div class=""MessageStreamView__body___2giLh""><div><span><a data-event=""click"" data-for=""cashTag"" data-tip=""INPX"" href=""/symbol/INPX"" id=""INPX-150551699-1398"">$INPX</a></span> Time to buy because time keeps ticking!</div></div>"
stockrocketman,False,2019-01-14 10:59:00,2.767,"<div class=""MessageStreamView__body___2giLh""><div><span><a data-event=""click"" data-for=""cashTag"" data-tip=""INPX"" href=""/symbol/INPX"" id=""INPX-150551665-1401"">$INPX</a></span> not even close to bottom. Ali will give you a brand spanking new 52 week low today. Scumbag thief!</div></div>"
jrodriguez1127,True,2019-01-14 10:52:00,2.77,"<div class=""MessageStreamView__body___2giLh""><div><span class=""UserProfileLink__container___2JY3s""><a data-event=""click"" href=""/GSP"" id=""user-profile-GSP-1547603357929-1407"">@GSP</a></span> thoughts on <span><a data-event=""click"" data-for=""cashTag"" data-tip=""INPX"" href=""/symbol/INPX"" id=""INPX-150550600-1408"">$INPX</a></span>. Are we near the bottom around $2.78?</div></div>"
Phoenixes,True,2019-01-14 10:41:00,2.821,"<div class=""MessageStreamView__body___2giLh""><div><span><a data-event=""click"" data-for=""cashTag"" data-tip=""INPX"" href=""/symbol/INPX"" id=""INPX-150548656-1419"">$INPX</a></span> Lets see if it's able to break 3.25 resist</div></div>"
Longbuy,False,2019-01-14 10:34:00,2.791,"<div class=""MessageStreamView__body___2giLh""><div><span><a data-event=""click"" data-for=""cashTag"" data-tip=""INPX"" href=""/symbol/INPX"" id=""INPX-150547396-1428"">$INPX</a></span> whoa massive dilution incoming</div></div>"
TurboTime,False,2019-01-14 10:33:00,2.792,"<div class=""MessageStreamView__body___2giLh""><div><span><a data-event=""click"" data-for=""cashTag"" data-tip=""INPX"" href=""/symbol/INPX"" id=""INPX-150547303-1431"">$INPX</a></span> = Cancer</div></div>"
Marco911,False,2019-01-14 10:32:00,2.788,"<div class=""MessageStreamView__body___2giLh""><div><span><a data-event=""click"" data-for=""cashTag"" data-tip=""INPX"" href=""/symbol/INPX"" id=""INPX-150547260-1434"">$INPX</a></span> throw the whole company away , lol such a joke . Tried warning y’all months ago .</div></div>"
Phoenixes,True,2019-01-14 10:32:00,2.788,"<div class=""MessageStreamView__body___2giLh""><div><span><a data-event=""click"" data-for=""cashTag"" data-tip=""INPX"" href=""/symbol/INPX"" id=""INPX-150547232-1437"">$INPX</a></span> Five minutes chart, break out a falling channel, indicators just turn upside, rebound in front of us !</div></div>"
Phoenixes,True,2019-01-14 10:28:00,2.815,"<div class=""MessageStreamView__body___2giLh""><div><span><a data-event=""click"" data-for=""cashTag"" data-tip=""INPX"" href=""/symbol/INPX"" id=""INPX-150546566-1440"">$INPX</a></span> Increased to 20K shares (added another 10K shares).</div></div>"
krnsnwbd,True,2019-01-14 10:23:00,2.75,"<div class=""MessageStreamView__body___2giLh""><div><span><a data-event=""click"" data-for=""cashTag"" data-tip=""INPX"" href=""/symbol/INPX"" id=""INPX-150545770-1446"">$INPX</a></span> lowest is 2.58. But maybe 2.7s will hold</div></div>"
glougl123,True,2019-01-14 10:17:00,2.752,"<div class=""MessageStreamView__body___2giLh""><div><span><a data-event=""click"" data-for=""cashTag"" data-tip=""INPX"" href=""/symbol/INPX"" id=""INPX-150544899-1452"">$INPX</a></span> going green eod</div></div>"
glougl123,True,2019-01-14 10:07:00,2.803,"<div class=""MessageStreamView__body___2giLh""><div><span><a data-event=""click"" data-for=""cashTag"" data-tip=""INPX"" href=""/symbol/INPX"" id=""INPX-150543060-1470"">$INPX</a></span> read to green</div></div>"
glougl123,True,2019-01-14 10:07:00,2.803,"<div class=""MessageStreamView__body___2giLh""><div><span><a data-event=""click"" data-for=""cashTag"" data-tip=""INPX"" href=""/symbol/INPX"" id=""INPX-150542911-1473"">$INPX</a></span> great buy opportinuity</div></div>"
Phoenixes,True,2019-01-14 10:04:00,2.791,"<div class=""MessageStreamView__body___2giLh""><div><span><a data-event=""click"" data-for=""cashTag"" data-tip=""INPX"" href=""/symbol/INPX"" id=""INPX-150542498-1479"">$INPX</a></span> Added another 5K at $2.81</div></div>"
Phoenixes,True,2019-01-14 09:59:00,2.913,"<div class=""MessageStreamView__body___2giLh""><div><span><a data-event=""click"" data-for=""cashTag"" data-tip=""INPX"" href=""/symbol/INPX"" id=""INPX-150541652-1495"">$INPX</a></span> Just bought here 5K shares at $2.92</div></div>"
gregnice69,False,2019-01-14 09:56:00,2.938,"<div class=""MessageStreamView__body___2giLh""><div><span><a data-event=""click"" data-for=""cashTag"" data-tip=""INPX"" href=""/symbol/INPX"" id=""INPX-150541090-1501"">$INPX</a></span> sh*t stain scam</div></div>"
Maxxwall,True,2019-01-14 09:53:00,2.946,"<div class=""MessageStreamView__body___2giLh""><div><span><a data-event=""click"" data-for=""cashTag"" data-tip=""INPX"" href=""/symbol/INPX"" id=""INPX-150540479-1510"">$INPX</a></span> damn time to buy again soon</div></div>"
mtStas,False,2019-01-14 09:49:00,3.036,"<div class=""MessageStreamView__body___2giLh""><div><span><a data-event=""click"" data-for=""cashTag"" data-tip=""INPX"" href=""/symbol/INPX"" id=""INPX-150539738-1537"">$INPX</a></span> this shit fall faster then pump</div></div>"
TimeKeepsTicking,True,2019-01-14 09:39:00,3.205,"<div class=""MessageStreamView__body___2giLh""><div><span><a data-event=""click"" data-for=""cashTag"" data-tip=""INPX"" href=""/symbol/INPX"" id=""INPX-150538104-1549"">$INPX</a></span> News  <a data-event=""click"" href=""https://globenewswire.com/news-release/2019/01/14/1691037/0/en/Inpixon-to-Receive-12-0-Million-in-Gross-Proceeds-from-Oversubscribed-Rights-Offering.html"" rel=""noopener nofollow"" target=""_blank"">globenewswire.com/news-rele...</a></div></div>"
idrisanuk,True,2019-01-14 09:30:00,3.2,"<div class=""MessageStreamView__body___2giLh""><div><span><a data-event=""click"" data-for=""cashTag"" data-tip=""INPX"" href=""/symbol/INPX"" id=""INPX-150536649-1555"">$INPX</a></span> here is quarlt revenue and other financial datas!!!!!!!!!!!!!!!!!!!!!!!!!!!!!!!!!!!!!!!!!!!!!!!!!!</div></div>"
