msumak,True,2019-01-14 12:55:00,5.702,"<div class=""MessageStreamView__body___2giLh""><div><a data-event=""click"" href=""https://www.theguardian.com/world/2019/jan/12/huawei-sacks-chinese-worker-accused-of-spying-in-poland-wang-weijing"" rel=""noopener nofollow"" target=""_blank"">theguardian.com/world/2019/...</a> <span><a data-event=""click"" data-for=""cashTag"" data-tip=""INSG"" href=""/symbol/INSG"" id=""INSG-150568854-190"">$INSG</a></span> <span><a data-event=""click"" data-for=""cashTag"" data-tip=""INFN"" href=""/symbol/INFN"" id=""INFN-150568854-191"">$INFN</a></span> <span><a data-event=""click"" data-for=""cashTag"" data-tip=""ERIC"" href=""/symbol/ERIC"" id=""ERIC-150568854-192"">$ERIC</a></span> <span><a data-event=""click"" data-for=""cashTag"" data-tip=""NOK"" href=""/symbol/NOK"" id=""NOK-150568854-193"">$NOK</a></span> <span><a data-event=""click"" data-for=""cashTag"" data-tip=""CIEN"" href=""/symbol/CIEN"" id=""CIEN-150568854-194"">$CIEN</a></span></div></div>"
markim,True,2019-01-14 12:39:00,5.717,"<div class=""MessageStreamView__body___2giLh""><div><span><a data-event=""click"" data-for=""cashTag"" data-tip=""TEUM"" href=""/symbol/TEUM"" id=""TEUM-150566625-203"">$TEUM</a></span> <span><a data-event=""click"" data-for=""cashTag"" data-tip=""INSG"" href=""/symbol/INSG"" id=""INSG-150566625-204"">$INSG</a></span> <span><a data-event=""click"" data-for=""cashTag"" data-tip=""BOXL"" href=""/symbol/BOXL"" id=""BOXL-150566625-205"">$BOXL</a></span> just got where the future is headed to-5G an classroom excellence-got into <span><a data-event=""click"" data-for=""cashTag"" data-tip=""USAT"" href=""/symbol/USAT"" id=""USAT-150566625-206"">$USAT</a></span> this morn-another one that's got it-imo</div></div>"
cameron5,False,2019-01-14 12:22:00,5.706,"<div class=""MessageStreamView__body___2giLh""><div><span><a data-event=""click"" data-for=""cashTag"" data-tip=""INSG"" href=""/symbol/INSG"" id=""INSG-150564345-212"">$INSG</a></span> Overbought and overpriced. Insiders sold at much lower price. They are the ones who know.</div></div>"
DudeRocket,True,2019-01-14 11:08:00,5.66,"<div class=""MessageStreamView__body___2giLh""><div><span><a data-event=""click"" data-for=""cashTag"" data-tip=""STAF"" href=""/symbol/STAF"" id=""STAF-150553205-228"">$STAF</a></span> <span><a data-event=""click"" data-for=""cashTag"" data-tip=""NIO"" href=""/symbol/NIO"" id=""NIO-150553205-229"">$NIO</a></span> <span><a data-event=""click"" data-for=""cashTag"" data-tip=""NBEV"" href=""/symbol/NBEV"" id=""NBEV-150553205-230"">$NBEV</a></span> <span><a data-event=""click"" data-for=""cashTag"" data-tip=""INSG"" href=""/symbol/INSG"" id=""INSG-150553205-231"">$INSG</a></span> If I touch it, its gold lmfao</div></div>"
richgoldman,True,2019-01-14 10:46:00,5.712,"<div class=""MessageStreamView__body___2giLh""><div><span><a data-event=""click"" data-for=""cashTag"" data-tip=""INSG"" href=""/symbol/INSG"" id=""INSG-150549509-237"">$INSG</a></span> 

up up and away!</div></div>"
gggekko,True,2019-01-14 09:40:00,5.71,"<div class=""MessageStreamView__body___2giLh""><div><span><a data-event=""click"" data-for=""cashTag"" data-tip=""INSG"" href=""/symbol/INSG"" id=""INSG-150538298-243"">$INSG</a></span> this is what I call pretty volatile first minutes🤨</div></div>"
Auratone,True,2019-01-14 09:32:00,5.756,"<div class=""MessageStreamView__body___2giLh""><div><span><a data-event=""click"" data-for=""cashTag"" data-tip=""INSG"" href=""/symbol/INSG"" id=""INSG-150536980-246"">$INSG</a></span> BOOM! 5G</div></div>"
gggekko,True,2019-01-14 09:31:00,5.758,"<div class=""MessageStreamView__body___2giLh""><div><span><a data-event=""click"" data-for=""cashTag"" data-tip=""INSG"" href=""/symbol/INSG"" id=""INSG-150536870-249"">$INSG</a></span> well i think we broke out.. on high volume</div></div>"
