AlphaTrader8,False,2019-01-14 15:58:00,48.415,"<div class=""MessageStreamView__body___2giLh""><div><span><a data-event=""click"" data-for=""cashTag"" data-tip=""MU"" href=""/symbol/MU"" id=""MU-150597363-638"">$MU</a></span> <span><a data-event=""click"" data-for=""cashTag"" data-tip=""INTC"" href=""/symbol/INTC"" id=""INTC-150597363-639"">$INTC</a></span> <span><a data-event=""click"" data-for=""cashTag"" data-tip=""AAPL"" href=""/symbol/AAPL"" id=""AAPL-150597363-640"">$AAPL</a></span> <span><a data-event=""click"" data-for=""cashTag"" data-tip=""NVDA"" href=""/symbol/NVDA"" id=""NVDA-150597363-641"">$NVDA</a></span> <span><a data-event=""click"" data-for=""cashTag"" data-tip=""AMD"" href=""/symbol/AMD"" id=""AMD-150597363-642"">$AMD</a></span> <span><a data-event=""click"" data-for=""cashTag"" data-tip=""QQQ"" href=""/symbol/QQQ"" id=""QQQ-150597363-643"">$QQQ</a></span> <span><a data-event=""click"" data-for=""cashTag"" data-tip=""SPY"" href=""/symbol/SPY"" id=""SPY-150597363-644"">$SPY</a></span> <span><a data-event=""click"" data-for=""cashTag"" data-tip=""XLE"" href=""/symbol/XLE"" id=""XLE-150597363-645"">$XLE</a></span> a lot Chips &amp; Oil = LowerMkt
Morgan Stanley Pours Water on Micron Bulls 😰
<a data-event=""click"" href=""https://www.google.com/amp/s/www.nasdaq.com/article/morgan-stanley-pours-water-on-micron-stock-bulls-cm1081704/amp"" rel=""noopener nofollow"" target=""_blank"">nasdaq.com/article/morgan-s...</a></div></div>"
AlphaTrader8,False,2019-01-14 15:36:00,48.467,"<div class=""MessageStreamView__body___2giLh""><div><span><a data-event=""click"" data-for=""cashTag"" data-tip=""MU"" href=""/symbol/MU"" id=""MU-150593518-655"">$MU</a></span> <span><a data-event=""click"" data-for=""cashTag"" data-tip=""AMD"" href=""/symbol/AMD"" id=""AMD-150593518-656"">$AMD</a></span> <span><a data-event=""click"" data-for=""cashTag"" data-tip=""INTC"" href=""/symbol/INTC"" id=""INTC-150593518-657"">$INTC</a></span> <span><a data-event=""click"" data-for=""cashTag"" data-tip=""NVDA"" href=""/symbol/NVDA"" id=""NVDA-150593518-658"">$NVDA</a></span> <span><a data-event=""click"" data-for=""cashTag"" data-tip=""QQQ"" href=""/symbol/QQQ"" id=""QQQ-150593518-659"">$QQQ</a></span> <span><a data-event=""click"" data-for=""cashTag"" data-tip=""SPY"" href=""/symbol/SPY"" id=""SPY-150593518-660"">$SPY</a></span> More Analysts are going to come out to downgrade Micron because the tide has changed to negative.🐻</div></div>"
bigtonutz,True,2019-01-14 14:28:00,48.383,"<div class=""MessageStreamView__body___2giLh""><div><span><a data-event=""click"" data-for=""cashTag"" data-tip=""INTC"" href=""/symbol/INTC"" id=""INTC-150582739-703"">$INTC</a></span> 💪😎</div></div>"
apgould,True,2019-01-14 13:10:00,48.603,"<div class=""MessageStreamView__body___2giLh""><div><span><a data-event=""click"" data-for=""cashTag"" data-tip=""INTC"" href=""/symbol/INTC"" id=""INTC-150571139-710"">$INTC</a></span> These shares are always a good buy especially for a long straddle</div></div>"
bridgedollar,True,2019-01-14 12:01:00,48.656,"<div class=""MessageStreamView__body___2giLh""><div><span><a data-event=""click"" data-for=""cashTag"" data-tip=""INTC"" href=""/symbol/INTC"" id=""INTC-150561237-731"">$INTC</a></span> I LONG intc for today. day trader here</div></div>"
AlphaTrader8,False,2019-01-14 11:34:00,48.63,"<div class=""MessageStreamView__body___2giLh""><div><span><a data-event=""click"" data-for=""cashTag"" data-tip=""MU"" href=""/symbol/MU"" id=""MU-150557245-734"">$MU</a></span> <span><a data-event=""click"" data-for=""cashTag"" data-tip=""INTC"" href=""/symbol/INTC"" id=""INTC-150557245-735"">$INTC</a></span> <span><a data-event=""click"" data-for=""cashTag"" data-tip=""AMD"" href=""/symbol/AMD"" id=""AMD-150557245-736"">$AMD</a></span> <span><a data-event=""click"" data-for=""cashTag"" data-tip=""NVDA"" href=""/symbol/NVDA"" id=""NVDA-150557245-737"">$NVDA</a></span> <span><a data-event=""click"" data-for=""cashTag"" data-tip=""QQQ"" href=""/symbol/QQQ"" id=""QQQ-150557245-738"">$QQQ</a></span> <span><a data-event=""click"" data-for=""cashTag"" data-tip=""SPY"" href=""/symbol/SPY"" id=""SPY-150557245-739"">$SPY</a></span> Too early to get excited' about Micron🐻

<a data-event=""click"" href=""https://thefly.com/landingPageNews.php?id=2848144"" rel=""noopener nofollow"" target=""_blank"">thefly.com/landingPageNews....</a></div></div>"
Stockrow1,True,2019-01-14 11:19:00,48.487,"<div class=""MessageStreamView__body___2giLh""><div><span><a data-event=""click"" data-for=""cashTag"" data-tip=""INTC"" href=""/symbol/INTC"" id=""INTC-150554905-755"">$INTC</a></span> has reduced their shares outstanding by 1 billion since 2010, or 18% of the total</div></div>"
