EveryTimeICash,False,2019-01-14 15:56:00,142.407,"<div class=""MessageStreamView__body___2giLh""><div><span><a data-event=""click"" data-for=""cashTag"" data-tip=""IWM"" href=""/symbol/IWM"" id=""IWM-150597045-1217"">$IWM</a></span> I bet this one is a short. <span class=""UserProfileLink__container___2JY3s""><a data-event=""click"" href=""/simpletrader1"" id=""user-profile-simpletrader1-1547604293140-1218"">@simpletrader1</a></span></div></div>"
StockTrader4God,False,2019-01-14 14:26:00,143.033,"<div class=""MessageStreamView__body___2giLh""><div>long term dump, still going to happen.  Wait. <span><a data-event=""click"" data-for=""cashTag"" data-tip=""SPY"" href=""/symbol/SPY"" id=""SPY-150582467-1280"">$SPY</a></span> <span><a data-event=""click"" data-for=""cashTag"" data-tip=""SPX"" href=""/symbol/SPX"" id=""SPX-150582467-1281"">$SPX</a></span> <span><a data-event=""click"" data-for=""cashTag"" data-tip=""UVXY"" href=""/symbol/UVXY"" id=""UVXY-150582467-1282"">$UVXY</a></span> <span><a data-event=""click"" data-for=""cashTag"" data-tip=""TVIX"" href=""/symbol/TVIX"" id=""TVIX-150582467-1283"">$TVIX</a></span> <span><a data-event=""click"" data-for=""cashTag"" data-tip=""QQQ"" href=""/symbol/QQQ"" id=""QQQ-150582467-1284"">$QQQ</a></span> <span><a data-event=""click"" data-for=""cashTag"" data-tip=""DIA"" href=""/symbol/DIA"" id=""DIA-150582467-1285"">$DIA</a></span> <span><a data-event=""click"" data-for=""cashTag"" data-tip=""DJIA"" href=""/symbol/DJIA"" id=""DJIA-150582467-1286"">$DJIA</a></span> <span><a data-event=""click"" data-for=""cashTag"" data-tip=""IWM"" href=""/symbol/IWM"" id=""IWM-150582467-1287"">$IWM</a></span> <span><a data-event=""click"" data-for=""cashTag"" data-tip=""ES_F"" href=""/symbol/ES_F"" id=""ES_F-150582467-1288"">$ES_F</a></span> <span><a data-event=""click"" data-for=""cashTag"" data-tip=""VIX"" href=""/symbol/VIX"" id=""VIX-150582467-1289"">$VIX</a></span></div></div>"
Mafiabull,False,2019-01-14 14:16:00,143.104,"<div class=""MessageStreamView__body___2giLh""><div><span><a data-event=""click"" data-for=""cashTag"" data-tip=""SPY"" href=""/symbol/SPY"" id=""SPY-150581043-1292"">$SPY</a></span> <span><a data-event=""click"" data-for=""cashTag"" data-tip=""IWM"" href=""/symbol/IWM"" id=""IWM-150581043-1293"">$IWM</a></span> <span><a data-event=""click"" data-for=""cashTag"" data-tip=""LABU"" href=""/symbol/LABU"" id=""LABU-150581043-1294"">$LABU</a></span> big names bouta roll over, uso comn down gold creeping up, tick tock SPY you trash bin</div></div>"
Mafiabull,False,2019-01-14 13:59:00,143.282,"<div class=""MessageStreamView__body___2giLh""><div><span><a data-event=""click"" data-for=""cashTag"" data-tip=""SPY"" href=""/symbol/SPY"" id=""SPY-150578336-1305"">$SPY</a></span> <span><a data-event=""click"" data-for=""cashTag"" data-tip=""IWM"" href=""/symbol/IWM"" id=""IWM-150578336-1306"">$IWM</a></span> <span><a data-event=""click"" data-for=""cashTag"" data-tip=""LABU"" href=""/symbol/LABU"" id=""LABU-150578336-1307"">$LABU</a></span> chop this chit down</div></div>"
Tradeworx,True,2019-01-14 12:58:00,143.25,"<div class=""MessageStreamView__body___2giLh""><div><span><a data-event=""click"" data-for=""cashTag"" data-tip=""SPY"" href=""/symbol/SPY"" id=""SPY-150569389-1343"">$SPY</a></span> small and mid caps taking charge again <span><a data-event=""click"" data-for=""cashTag"" data-tip=""IWM"" href=""/symbol/IWM"" id=""IWM-150569389-1344"">$IWM</a></span> <span><a data-event=""click"" data-for=""cashTag"" data-tip=""IJH"" href=""/symbol/IJH"" id=""IJH-150569389-1345"">$IJH</a></span></div></div>"
Dr_Stoxx,True,2019-01-14 12:15:00,142.806,"<div class=""MessageStreamView__body___2giLh""><div>As pullbacks go, this one is PRETTY LAME.  <span><a data-event=""click"" data-for=""cashTag"" data-tip=""SPY"" href=""/symbol/SPY"" id=""SPY-150563194-1373"">$SPY</a></span> <span><a data-event=""click"" data-for=""cashTag"" data-tip=""QQQ"" href=""/symbol/QQQ"" id=""QQQ-150563194-1374"">$QQQ</a></span> <span><a data-event=""click"" data-for=""cashTag"" data-tip=""IWM"" href=""/symbol/IWM"" id=""IWM-150563194-1375"">$IWM</a></span></div></div>"
Teslray,False,2019-01-14 12:10:00,142.713,"<div class=""MessageStreamView__body___2giLh""><div>This market's moving like a video game <span><a data-event=""click"" data-for=""cashTag"" data-tip=""SPY"" href=""/symbol/SPY"" id=""SPY-150562523-1378"">$SPY</a></span> <span><a data-event=""click"" data-for=""cashTag"" data-tip=""DIA"" href=""/symbol/DIA"" id=""DIA-150562523-1379"">$DIA</a></span> <span><a data-event=""click"" data-for=""cashTag"" data-tip=""QQQ"" href=""/symbol/QQQ"" id=""QQQ-150562523-1380"">$QQQ</a></span> <span><a data-event=""click"" data-for=""cashTag"" data-tip=""IWM"" href=""/symbol/IWM"" id=""IWM-150562523-1381"">$IWM</a></span> congrats sellers</div></div>"
DomLuminous,True,2019-01-14 12:06:00,142.595,"<div class=""MessageStreamView__body___2giLh""><div><span><a data-event=""click"" data-for=""cashTag"" data-tip=""IWM"" href=""/symbol/IWM"" id=""IWM-150561990-1388"">$IWM</a></span> back to highs.  Small caps are cheap</div></div>"
hayb95,False,2019-01-14 11:15:00,142.604,"<div class=""MessageStreamView__body___2giLh""><div><span><a data-event=""click"" data-for=""cashTag"" data-tip=""IWM"" href=""/symbol/IWM"" id=""IWM-150554133-1415"">$IWM</a></span> <span class=""UserProfileLink__container___2JY3s""><a data-event=""click"" href=""/sonicmerlin"" id=""user-profile-sonicmerlin-1547604294268-1416"">@sonicmerlin</a></span> market weakness being shown here. First lower low</div></div>"
rcmInvesting,True,2019-01-14 10:37:00,143.082,"<div class=""MessageStreamView__body___2giLh""><div>Building new <a data-event=""click"" href=""/topic/StockMarket"">#StockMarket</a> <a data-event=""click"" href=""/topic/daytrading"">#daytrading</a> algo explosive potential. Will share info live 12pm <span><a data-event=""click"" data-for=""cashTag"" data-tip=""SPY"" href=""/symbol/SPY"" id=""SPY-150547947-1470"">$SPY</a></span> <span><a data-event=""click"" data-for=""cashTag"" data-tip=""QQQ"" href=""/symbol/QQQ"" id=""QQQ-150547947-1471"">$QQQ</a></span> <span><a data-event=""click"" data-for=""cashTag"" data-tip=""DIA"" href=""/symbol/DIA"" id=""DIA-150547947-1472"">$DIA</a></span> <span><a data-event=""click"" data-for=""cashTag"" data-tip=""IWM"" href=""/symbol/IWM"" id=""IWM-150547947-1473"">$IWM</a></span> <a data-event=""click"" href=""https://www.youtube.com/channel/UCDOvm1LAp6BuFwDVpL6hlsA?view_as=subscriber"" rel=""noopener nofollow"" target=""_blank"">youtube.com/channel/UCDOvm1...</a></div></div>"
rcmInvesting,True,2019-01-14 10:10:00,143.19,"<div class=""MessageStreamView__body___2giLh""><div>Long <span><a data-event=""click"" data-for=""cashTag"" data-tip=""SPY"" href=""/symbol/SPY"" id=""SPY-150543575-1515"">$SPY</a></span> <span><a data-event=""click"" data-for=""cashTag"" data-tip=""QQQ"" href=""/symbol/QQQ"" id=""QQQ-150543575-1516"">$QQQ</a></span> after gap down looking for gap closure. <span><a data-event=""click"" data-for=""cashTag"" data-tip=""IWM"" href=""/symbol/IWM"" id=""IWM-150543575-1517"">$IWM</a></span> continues to lead <a data-event=""click"" href=""/topic/ARMRreport"">#ARMRreport</a></div></div>"
