Berserk74,True,2019-01-14 15:00:00,1.321,"<div class=""MessageStreamView__body___2giLh""><div><span><a data-event=""click"" data-for=""cashTag"" data-tip=""CHK"" href=""/symbol/CHK"" id=""CHK-150587556-279"">$CHK</a></span> <span><a data-event=""click"" data-for=""cashTag"" data-tip=""JCP"" href=""/symbol/JCP"" id=""JCP-150587556-280"">$JCP</a></span> <span><a data-event=""click"" data-for=""cashTag"" data-tip=""AKS"" href=""/symbol/AKS"" id=""AKS-150587556-281"">$AKS</a></span> <span><a data-event=""click"" data-for=""cashTag"" data-tip=""ESV"" href=""/symbol/ESV"" id=""ESV-150587556-282"">$ESV</a></span> <span><a data-event=""click"" data-for=""cashTag"" data-tip=""NBR"" href=""/symbol/NBR"" id=""NBR-150587556-283"">$NBR</a></span> <span><a data-event=""click"" data-for=""cashTag"" data-tip=""CRR"" href=""/symbol/CRR"" id=""CRR-150587556-284"">$CRR</a></span> <span><a data-event=""click"" data-for=""cashTag"" data-tip=""SWN"" href=""/symbol/SWN"" id=""SWN-150587556-285"">$SWN</a></span> <span><a data-event=""click"" data-for=""cashTag"" data-tip=""DNR"" href=""/symbol/DNR"" id=""DNR-150587556-286"">$DNR</a></span> <span><a data-event=""click"" data-for=""cashTag"" data-tip=""HK"" href=""/symbol/HK"" id=""HK-150587556-287"">$HK</a></span> <span><a data-event=""click"" data-for=""cashTag"" data-tip=""NE"" href=""/symbol/NE"" id=""NE-150587556-288"">$NE</a></span> <span><a data-event=""click"" data-for=""cashTag"" data-tip=""BTE"" href=""/symbol/BTE"" id=""BTE-150587556-289"">$BTE</a></span> Power Hour Power Jump plz~ Music, Funkyman and Kase. 
<a data-event=""click"" href=""https://www.youtube.com/watch?v=DdBa_6uGZVw"" rel=""noopener nofollow"" target=""_blank"">youtube.com/watch?v=DdBa_6u...</a></div></div>"
Berserk74,True,2019-01-14 13:38:00,1.331,"<div class=""MessageStreamView__body___2giLh""><div><span><a data-event=""click"" data-for=""cashTag"" data-tip=""CHK"" href=""/symbol/CHK"" id=""CHK-150575210-302"">$CHK</a></span> <span><a data-event=""click"" data-for=""cashTag"" data-tip=""JCP"" href=""/symbol/JCP"" id=""JCP-150575210-303"">$JCP</a></span> <span><a data-event=""click"" data-for=""cashTag"" data-tip=""AKS"" href=""/symbol/AKS"" id=""AKS-150575210-304"">$AKS</a></span> <span><a data-event=""click"" data-for=""cashTag"" data-tip=""ESV"" href=""/symbol/ESV"" id=""ESV-150575210-305"">$ESV</a></span> <span><a data-event=""click"" data-for=""cashTag"" data-tip=""NBR"" href=""/symbol/NBR"" id=""NBR-150575210-306"">$NBR</a></span> <span><a data-event=""click"" data-for=""cashTag"" data-tip=""CRR"" href=""/symbol/CRR"" id=""CRR-150575210-307"">$CRR</a></span> <span><a data-event=""click"" data-for=""cashTag"" data-tip=""SWN"" href=""/symbol/SWN"" id=""SWN-150575210-308"">$SWN</a></span> <span><a data-event=""click"" data-for=""cashTag"" data-tip=""DNR"" href=""/symbol/DNR"" id=""DNR-150575210-309"">$DNR</a></span> <span><a data-event=""click"" data-for=""cashTag"" data-tip=""HK"" href=""/symbol/HK"" id=""HK-150575210-310"">$HK</a></span> <span><a data-event=""click"" data-for=""cashTag"" data-tip=""NE"" href=""/symbol/NE"" id=""NE-150575210-311"">$NE</a></span> <span><a data-event=""click"" data-for=""cashTag"" data-tip=""BTE"" href=""/symbol/BTE"" id=""BTE-150575210-312"">$BTE</a></span> Market close green plz~ Let the race begin tomorrow. <span class=""UserProfileLink__container___2JY3s""><a data-event=""click"" href=""/notwill"" id=""user-profile-notwill-1547604316437-313"">@notwill</a></span> going into race track.</div></div>"
spareKash,False,2019-01-14 13:28:00,1.334,"<div class=""MessageStreamView__body___2giLh""><div><span><a data-event=""click"" data-for=""cashTag"" data-tip=""JCP"" href=""/symbol/JCP"" id=""JCP-150573658-319"">$JCP</a></span> holiday sales down, retail failing left and right. Not a good place to be</div></div>"
Berserk74,True,2019-01-14 13:05:00,1.332,"<div class=""MessageStreamView__body___2giLh""><div><span><a data-event=""click"" data-for=""cashTag"" data-tip=""CHK"" href=""/symbol/CHK"" id=""CHK-150570376-322"">$CHK</a></span> <span><a data-event=""click"" data-for=""cashTag"" data-tip=""JCP"" href=""/symbol/JCP"" id=""JCP-150570376-323"">$JCP</a></span> <span><a data-event=""click"" data-for=""cashTag"" data-tip=""AKS"" href=""/symbol/AKS"" id=""AKS-150570376-324"">$AKS</a></span> <span><a data-event=""click"" data-for=""cashTag"" data-tip=""ESV"" href=""/symbol/ESV"" id=""ESV-150570376-325"">$ESV</a></span> <span><a data-event=""click"" data-for=""cashTag"" data-tip=""NBR"" href=""/symbol/NBR"" id=""NBR-150570376-326"">$NBR</a></span> <span><a data-event=""click"" data-for=""cashTag"" data-tip=""CRR"" href=""/symbol/CRR"" id=""CRR-150570376-327"">$CRR</a></span> <span><a data-event=""click"" data-for=""cashTag"" data-tip=""SWN"" href=""/symbol/SWN"" id=""SWN-150570376-328"">$SWN</a></span> <span><a data-event=""click"" data-for=""cashTag"" data-tip=""DNR"" href=""/symbol/DNR"" id=""DNR-150570376-329"">$DNR</a></span> <span><a data-event=""click"" data-for=""cashTag"" data-tip=""HK"" href=""/symbol/HK"" id=""HK-150570376-330"">$HK</a></span> WTF <span><a data-event=""click"" data-for=""cashTag"" data-tip=""MBOT"" href=""/symbol/MBOT"" id=""MBOT-150570376-331"">$MBOT</a></span> Microbot! Hahaha~~</div></div>"
jondotcom,True,2019-01-14 12:44:00,1.335,"<div class=""MessageStreamView__body___2giLh""><div><span><a data-event=""click"" data-for=""cashTag"" data-tip=""JCP"" href=""/symbol/JCP"" id=""JCP-150567334-334"">$JCP</a></span> my only fitch concern: “However, new management could decide on a different course for the company to stem sales and EBITDA declines.”</div></div>"
Berserk74,True,2019-01-14 12:30:00,1.335,"<div class=""MessageStreamView__body___2giLh""><div><span><a data-event=""click"" data-for=""cashTag"" data-tip=""CHK"" href=""/symbol/CHK"" id=""CHK-150565467-337"">$CHK</a></span> <span><a data-event=""click"" data-for=""cashTag"" data-tip=""JCP"" href=""/symbol/JCP"" id=""JCP-150565467-338"">$JCP</a></span> <span><a data-event=""click"" data-for=""cashTag"" data-tip=""AKS"" href=""/symbol/AKS"" id=""AKS-150565467-339"">$AKS</a></span> <span><a data-event=""click"" data-for=""cashTag"" data-tip=""ESV"" href=""/symbol/ESV"" id=""ESV-150565467-340"">$ESV</a></span> <span><a data-event=""click"" data-for=""cashTag"" data-tip=""NBR"" href=""/symbol/NBR"" id=""NBR-150565467-341"">$NBR</a></span> <span><a data-event=""click"" data-for=""cashTag"" data-tip=""CRR"" href=""/symbol/CRR"" id=""CRR-150565467-342"">$CRR</a></span> <span><a data-event=""click"" data-for=""cashTag"" data-tip=""SWN"" href=""/symbol/SWN"" id=""SWN-150565467-343"">$SWN</a></span> <span><a data-event=""click"" data-for=""cashTag"" data-tip=""DNR"" href=""/symbol/DNR"" id=""DNR-150565467-344"">$DNR</a></span> <span><a data-event=""click"" data-for=""cashTag"" data-tip=""HK"" href=""/symbol/HK"" id=""HK-150565467-345"">$HK</a></span> <span><a data-event=""click"" data-for=""cashTag"" data-tip=""NE"" href=""/symbol/NE"" id=""NE-150565467-346"">$NE</a></span> <span><a data-event=""click"" data-for=""cashTag"" data-tip=""BTE"" href=""/symbol/BTE"" id=""BTE-150565467-347"">$BTE</a></span> Oil daily chart Looks oil definitely gonna stay above 50 a while. 55+ and beyond plz~</div></div>"
Berserk74,True,2019-01-14 12:11:00,1.347,"<div class=""MessageStreamView__body___2giLh""><div><span><a data-event=""click"" data-for=""cashTag"" data-tip=""CHK"" href=""/symbol/CHK"" id=""CHK-150562640-356"">$CHK</a></span> <span><a data-event=""click"" data-for=""cashTag"" data-tip=""JCP"" href=""/symbol/JCP"" id=""JCP-150562640-357"">$JCP</a></span> <span><a data-event=""click"" data-for=""cashTag"" data-tip=""AKS"" href=""/symbol/AKS"" id=""AKS-150562640-358"">$AKS</a></span> <span><a data-event=""click"" data-for=""cashTag"" data-tip=""ESV"" href=""/symbol/ESV"" id=""ESV-150562640-359"">$ESV</a></span> <span><a data-event=""click"" data-for=""cashTag"" data-tip=""NBR"" href=""/symbol/NBR"" id=""NBR-150562640-360"">$NBR</a></span> <span><a data-event=""click"" data-for=""cashTag"" data-tip=""CRR"" href=""/symbol/CRR"" id=""CRR-150562640-361"">$CRR</a></span> <span><a data-event=""click"" data-for=""cashTag"" data-tip=""SWN"" href=""/symbol/SWN"" id=""SWN-150562640-362"">$SWN</a></span> <span><a data-event=""click"" data-for=""cashTag"" data-tip=""DNR"" href=""/symbol/DNR"" id=""DNR-150562640-363"">$DNR</a></span> <span><a data-event=""click"" data-for=""cashTag"" data-tip=""HK"" href=""/symbol/HK"" id=""HK-150562640-364"">$HK</a></span> No sell off on last Friday=green week this week. So far not bad at all. Market going green eod?</div></div>"
lilpump_er,True,2019-01-14 12:08:00,1.348,"<div class=""MessageStreamView__body___2giLh""><div><span><a data-event=""click"" data-for=""cashTag"" data-tip=""JCP"" href=""/symbol/JCP"" id=""JCP-150562186-367"">$JCP</a></span> break the $1.35!</div></div>"
Tipacanoe,True,2019-01-14 12:07:00,1.343,"<div class=""MessageStreamView__body___2giLh""><div><span><a data-event=""click"" data-for=""cashTag"" data-tip=""JCP"" href=""/symbol/JCP"" id=""JCP-150562114-370"">$JCP</a></span> how is sentiment judged on this platform?</div></div>"
BuyLowSellHigh101,True,2019-01-14 11:56:00,1.343,"<div class=""MessageStreamView__body___2giLh""><div><span><a data-event=""click"" data-for=""cashTag"" data-tip=""JCP"" href=""/symbol/JCP"" id=""JCP-150560581-373"">$JCP</a></span> to the moon!!!!!</div></div>"
TechTrader17,True,2019-01-14 10:57:00,1.348,"<div class=""MessageStreamView__body___2giLh""><div><span><a data-event=""click"" data-for=""cashTag"" data-tip=""JCP"" href=""/symbol/JCP"" id=""JCP-150551307-376"">$JCP</a></span> Knocking on Resistance @ 1.35. Watching for the 11:30 Boom Boom.</div></div>"
Tipacanoe,True,2019-01-14 10:44:00,1.335,"<div class=""MessageStreamView__body___2giLh""><div><span><a data-event=""click"" data-for=""cashTag"" data-tip=""JCP"" href=""/symbol/JCP"" id=""JCP-150549108-379"">$JCP</a></span></div></div>"
JT90,True,2019-01-14 09:48:00,1.335,"<div class=""MessageStreamView__body___2giLh""><div><span><a data-event=""click"" data-for=""cashTag"" data-tip=""JCP"" href=""/symbol/JCP"" id=""JCP-150539540-391"">$JCP</a></span> 🍻🍻🍻🚀🚀🚀</div></div>"
