ElizabethII,True,2019-01-14 14:13:00,27.04,"<div class=""MessageStreamView__body___2giLh""><div><span><a data-event=""click"" data-for=""cashTag"" data-tip=""KL"" href=""/symbol/KL"" id=""KL-150580590-81"">$KL</a></span> Pyramiding</div></div>"
LiveTradePro,True,2019-01-14 14:12:00,27.044,"<div class=""MessageStreamView__body___2giLh""><div><span><a data-event=""click"" data-for=""cashTag"" data-tip=""KL"" href=""/symbol/KL"" id=""KL-150580397-84"">$KL</a></span> New ATH!  My most recent chart update.</div></div>"
HollyGrail,True,2019-01-14 14:10:00,27.03,"<div class=""MessageStreamView__body___2giLh""><div><span><a data-event=""click"" data-for=""cashTag"" data-tip=""KL"" href=""/symbol/KL"" id=""KL-150580208-90"">$KL</a></span> Portfolio up 77%. Pyramiding <span><a data-event=""click"" data-for=""cashTag"" data-tip=""KL"" href=""/symbol/KL"" id=""KL-150580208-91"">$KL</a></span></div></div>"
tony93,True,2019-01-14 14:06:00,27.04,"<div class=""MessageStreamView__body___2giLh""><div><span><a data-event=""click"" data-for=""cashTag"" data-tip=""KL"" href=""/symbol/KL"" id=""KL-150579542-94"">$KL</a></span> break out</div></div>"
BachsOfRain,True,2019-01-14 13:33:00,26.96,"<div class=""MessageStreamView__body___2giLh""><div><span><a data-event=""click"" data-for=""cashTag"" data-tip=""AAPL"" href=""/symbol/AAPL"" id=""AAPL-150574268-97"">$AAPL</a></span> <span><a data-event=""click"" data-for=""cashTag"" data-tip=""ACB"" href=""/symbol/ACB"" id=""ACB-150574268-98"">$ACB</a></span> <span><a data-event=""click"" data-for=""cashTag"" data-tip=""TTD"" href=""/symbol/TTD"" id=""TTD-150574268-99"">$TTD</a></span> <span><a data-event=""click"" data-for=""cashTag"" data-tip=""KL"" href=""/symbol/KL"" id=""KL-150574268-100"">$KL</a></span> <span><a data-event=""click"" data-for=""cashTag"" data-tip=""NBEV"" href=""/symbol/NBEV"" id=""NBEV-150574268-101"">$NBEV</a></span> Bullish.</div></div>"
