GeertOrator,False,2019-01-14 15:54:00,6.25,"<div class=""MessageStreamView__body___2giLh""><div><span><a data-event=""click"" data-for=""cashTag"" data-tip=""LJPC"" href=""/symbol/LJPC"" id=""LJPC-150596636-83"">$LJPC</a></span> This will Tank because of Tang. It's like sleeping with the devil- Never does any good. Strong bearish for a reason!</div></div>"
cielo1,True,2019-01-14 15:41:00,6.242,"<div class=""MessageStreamView__body___2giLh""><div><span><a data-event=""click"" data-for=""cashTag"" data-tip=""LJPC"" href=""/symbol/LJPC"" id=""LJPC-150594394-86"">$LJPC</a></span> Stellar buy op see if we dip lower into close!</div></div>"
topstockalerts,True,2019-01-14 15:06:00,6.43,"<div class=""MessageStreamView__body___2giLh""><div>Upgrades:

<span><a data-event=""click"" data-for=""cashTag"" data-tip=""AA"" href=""/symbol/AA"" id=""AA-150588456-92"">$AA</a></span> <span><a data-event=""click"" data-for=""cashTag"" data-tip=""CTT"" href=""/symbol/CTT"" id=""CTT-150588456-93"">$CTT</a></span> <span><a data-event=""click"" data-for=""cashTag"" data-tip=""NOC"" href=""/symbol/NOC"" id=""NOC-150588456-94"">$NOC</a></span> <span><a data-event=""click"" data-for=""cashTag"" data-tip=""AGNC"" href=""/symbol/AGNC"" id=""AGNC-150588456-95"">$AGNC</a></span> <span><a data-event=""click"" data-for=""cashTag"" data-tip=""AJRD"" href=""/symbol/AJRD"" id=""AJRD-150588456-96"">$AJRD</a></span> <span><a data-event=""click"" data-for=""cashTag"" data-tip=""CPS"" href=""/symbol/CPS"" id=""CPS-150588456-97"">$CPS</a></span> <span><a data-event=""click"" data-for=""cashTag"" data-tip=""CIT"" href=""/symbol/CIT"" id=""CIT-150588456-98"">$CIT</a></span> <span><a data-event=""click"" data-for=""cashTag"" data-tip=""NTES"" href=""/symbol/NTES"" id=""NTES-150588456-99"">$NTES</a></span> <span><a data-event=""click"" data-for=""cashTag"" data-tip=""LJPC"" href=""/symbol/LJPC"" id=""LJPC-150588456-100"">$LJPC</a></span> <span><a data-event=""click"" data-for=""cashTag"" data-tip=""CENX"" href=""/symbol/CENX"" id=""CENX-150588456-101"">$CENX</a></span> <span><a data-event=""click"" data-for=""cashTag"" data-tip=""NWSA"" href=""/symbol/NWSA"" id=""NWSA-150588456-102"">$NWSA</a></span> <span><a data-event=""click"" data-for=""cashTag"" data-tip=""CMC"" href=""/symbol/CMC"" id=""CMC-150588456-103"">$CMC</a></span> <span><a data-event=""click"" data-for=""cashTag"" data-tip=""INFY"" href=""/symbol/INFY"" id=""INFY-150588456-104"">$INFY</a></span> <span><a data-event=""click"" data-for=""cashTag"" data-tip=""NLY"" href=""/symbol/NLY"" id=""NLY-150588456-105"">$NLY</a></span> <span><a data-event=""click"" data-for=""cashTag"" data-tip=""ICPT"" href=""/symbol/ICPT"" id=""ICPT-150588456-106"">$ICPT</a></span></div></div>"
AAA_Investments,True,2019-01-14 14:02:00,6.415,"<div class=""MessageStreamView__body___2giLh""><div><span><a data-event=""click"" data-for=""cashTag"" data-tip=""LJPC"" href=""/symbol/LJPC"" id=""LJPC-150578851-150"">$LJPC</a></span> I see buyer on Lv2.</div></div>"
AAA_Investments,True,2019-01-14 14:00:00,6.397,"<div class=""MessageStreamView__body___2giLh""><div><span><a data-event=""click"" data-for=""cashTag"" data-tip=""LJPC"" href=""/symbol/LJPC"" id=""LJPC-150578567-156"">$LJPC</a></span> there is  profit taking going on for today. We should close around 6.7 and 6.9 . I see lost of upside for the stock.</div></div>"
Glenderblender,True,2019-01-14 14:00:00,6.397,"<div class=""MessageStreamView__body___2giLh""><div><span><a data-event=""click"" data-for=""cashTag"" data-tip=""LJPC"" href=""/symbol/LJPC"" id=""LJPC-150578488-159"">$LJPC</a></span> drops 2.4% and all the bears come out. Ridiculous</div></div>"
GeertOrator,False,2019-01-14 13:52:00,6.375,"<div class=""MessageStreamView__body___2giLh""><div><span><a data-event=""click"" data-for=""cashTag"" data-tip=""LJPC"" href=""/symbol/LJPC"" id=""LJPC-150577269-162"">$LJPC</a></span> you guys got ""tanged"" in the rear by the manipulator Tang</div></div>"
ilvbiotkkkk,False,2019-01-14 12:41:00,6.35,"<div class=""MessageStreamView__body___2giLh""><div><span><a data-event=""click"" data-for=""cashTag"" data-tip=""LJPC"" href=""/symbol/LJPC"" id=""LJPC-150566894-168"">$LJPC</a></span> hawwww hawwww hawwwwww Tang a loser</div></div>"
cielo1,True,2019-01-14 12:24:00,6.51,"<div class=""MessageStreamView__body___2giLh""><div><span><a data-event=""click"" data-for=""cashTag"" data-tip=""LJPC"" href=""/symbol/LJPC"" id=""LJPC-150564616-191"">$LJPC</a></span> battle is epic on this stock.</div></div>"
Motorcitymayhm,False,2019-01-14 12:04:00,6.561,"<div class=""MessageStreamView__body___2giLh""><div><span><a data-event=""click"" data-for=""cashTag"" data-tip=""LJPC"" href=""/symbol/LJPC"" id=""LJPC-150561746-197"">$LJPC</a></span> and down she goes</div></div>"
Salipebre,True,2019-01-14 10:54:00,6.79,"<div class=""MessageStreamView__body___2giLh""><div><span><a data-event=""click"" data-for=""cashTag"" data-tip=""LJPC"" href=""/symbol/LJPC"" id=""LJPC-150550900-209"">$LJPC</a></span> </div></div>"
tickertutor,False,2019-01-14 10:01:00,7.035,"<div class=""MessageStreamView__body___2giLh""><div><span><a data-event=""click"" data-for=""cashTag"" data-tip=""LJPC"" href=""/symbol/LJPC"" id=""LJPC-150541975-237"">$LJPC</a></span> Prolly going red today on Tang disclosure</div></div>"
kenspidle,True,2019-01-14 10:00:00,7.027,"<div class=""MessageStreamView__body___2giLh""><div><span><a data-event=""click"" data-for=""cashTag"" data-tip=""LJPC"" href=""/symbol/LJPC"" id=""LJPC-150541741-240"">$LJPC</a></span> retail shorts getting screwed with</div></div>"
Raymo,True,2019-01-14 09:40:00,6.851,"<div class=""MessageStreamView__body___2giLh""><div><span><a data-event=""click"" data-for=""cashTag"" data-tip=""LJPC"" href=""/symbol/LJPC"" id=""LJPC-150538232-246"">$LJPC</a></span> eventually will climb back</div></div>"
