DOWNSTOCKUP,True,2019-01-14 15:47:00,31.365,"<div class=""MessageStreamView__body___2giLh""><div><span><a data-event=""click"" data-for=""cashTag"" data-tip=""MJ"" href=""/symbol/MJ"" id=""MJ-150595366-592"">$MJ</a></span> staying strong. nice run this had had of late. in the green again</div></div>"
imgnmadememiions,True,2019-01-14 15:25:00,31.455,"<div class=""MessageStreamView__body___2giLh""><div><span><a data-event=""click"" data-for=""cashTag"" data-tip=""MJ"" href=""/symbol/MJ"" id=""MJ-150591782-603"">$MJ</a></span> name is worth much much more</div></div>"
DailyMarijuanaObserver,True,2019-01-14 14:40:00,31.305,"<div class=""MessageStreamView__body___2giLh""><div>Canopy Growth Receives New York State Hemp Licence

<a data-event=""click"" href=""https://mjobserver.com/investments/stocks/canopy-growth-receives-new-york-state-hemp-licence/"" rel=""noopener nofollow"" target=""_blank"">mjobserver.com/investments/...</a>
<span><a data-event=""click"" data-for=""cashTag"" data-tip=""CGC"" href=""/symbol/CGC"" id=""CGC-150584452-613"">$CGC</a></span> <span><a data-event=""click"" data-for=""cashTag"" data-tip=""WEED.CA"" href=""/symbol/WEED.CA"" id=""WEED-CA-150584452-614"">$WEED.CA</a></span> <span><a data-event=""click"" data-for=""cashTag"" data-tip=""MJ"" href=""/symbol/MJ"" id=""MJ-150584452-615"">$MJ</a></span> <span><a data-event=""click"" data-for=""cashTag"" data-tip=""HMMJ.CA"" href=""/symbol/HMMJ.CA"" id=""HMMJ-CA-150584452-616"">$HMMJ.CA</a></span></div></div>"
triplehstocks,True,2019-01-14 14:06:00,31.488,"<div class=""MessageStreamView__body___2giLh""><div>Cronos: Bullish Cup and Handle After Altria Investment. Price target of 21 <span><a data-event=""click"" data-for=""cashTag"" data-tip=""CRON"" href=""/symbol/CRON"" id=""CRON-150579531-644"">$CRON</a></span> <span><a data-event=""click"" data-for=""cashTag"" data-tip=""TLRY"" href=""/symbol/TLRY"" id=""TLRY-150579531-645"">$TLRY</a></span> <span><a data-event=""click"" data-for=""cashTag"" data-tip=""IIPR"" href=""/symbol/IIPR"" id=""IIPR-150579531-646"">$IIPR</a></span> <span><a data-event=""click"" data-for=""cashTag"" data-tip=""MJ"" href=""/symbol/MJ"" id=""MJ-150579531-647"">$MJ</a></span>
<a data-event=""click"" href=""https://www.triplehstocks.com/2019/01/14/cronos-bullish-after-altria-investment/"" rel=""noopener nofollow"" target=""_blank"">triplehstocks.com/2019/01/1...</a></div></div>"
EPS_MomentuM,True,2019-01-14 13:52:00,31.133,"<div class=""MessageStreamView__body___2giLh""><div>Why <span><a data-event=""click"" data-for=""cashTag"" data-tip=""WTER"" href=""/symbol/WTER"" id=""WTER-150577293-658"">$WTER</a></span> will explode in price from current 3.75 <a data-event=""click"" href=""https://www.google.com/amp/s/www.thegrowthop.com/cannabis-health/cannabis-cbd/likelihood-and-ramifications-canada-wants-to-classify-cbd-as-a-health-supplement/amp"" rel=""noopener nofollow"" target=""_blank"">thegrowthop.com/cannabis-he...</a> <span><a data-event=""click"" data-for=""cashTag"" data-tip=""MJ"" href=""/symbol/MJ"" id=""MJ-150577293-659"">$MJ</a></span></div></div>"
EPS_MomentuM,True,2019-01-14 13:47:00,31.26,"<div class=""MessageStreamView__body___2giLh""><div><span><a data-event=""click"" data-for=""cashTag"" data-tip=""MJ"" href=""/symbol/MJ"" id=""MJ-150576606-666"">$MJ</a></span> stocks spiking last few minutes <span><a data-event=""click"" data-for=""cashTag"" data-tip=""ACB"" href=""/symbol/ACB"" id=""ACB-150576606-667"">$ACB</a></span> <span><a data-event=""click"" data-for=""cashTag"" data-tip=""CGC"" href=""/symbol/CGC"" id=""CGC-150576606-668"">$CGC</a></span> <span><a data-event=""click"" data-for=""cashTag"" data-tip=""TLRY"" href=""/symbol/TLRY"" id=""TLRY-150576606-669"">$TLRY</a></span> <span><a data-event=""click"" data-for=""cashTag"" data-tip=""CRON"" href=""/symbol/CRON"" id=""CRON-150576606-670"">$CRON</a></span> <span><a data-event=""click"" data-for=""cashTag"" data-tip=""WTER"" href=""/symbol/WTER"" id=""WTER-150576606-671"">$WTER</a></span> imagine the spike on Canada approval of CBD in food.</div></div>"
BullionaireInTraining,True,2019-01-14 13:28:00,30.628,"<div class=""MessageStreamView__body___2giLh""><div><span><a data-event=""click"" data-for=""cashTag"" data-tip=""NBEV"" href=""/symbol/NBEV"" id=""NBEV-150573559-687"">$NBEV</a></span> gettin after those dollars don’t miss the afternoon rally <span><a data-event=""click"" data-for=""cashTag"" data-tip=""CGC"" href=""/symbol/CGC"" id=""CGC-150573559-688"">$CGC</a></span> <span><a data-event=""click"" data-for=""cashTag"" data-tip=""ACB"" href=""/symbol/ACB"" id=""ACB-150573559-689"">$ACB</a></span> <span><a data-event=""click"" data-for=""cashTag"" data-tip=""CRON"" href=""/symbol/CRON"" id=""CRON-150573559-690"">$CRON</a></span> <span><a data-event=""click"" data-for=""cashTag"" data-tip=""TGOD.CA"" href=""/symbol/TGOD.CA"" id=""TGOD-CA-150573559-691"">$TGOD.CA</a></span> <span><a data-event=""click"" data-for=""cashTag"" data-tip=""TLRY"" href=""/symbol/TLRY"" id=""TLRY-150573559-692"">$TLRY</a></span> <span><a data-event=""click"" data-for=""cashTag"" data-tip=""MJ"" href=""/symbol/MJ"" id=""MJ-150573559-693"">$MJ</a></span></div></div>"
SpideyTrader,True,2019-01-14 13:26:00,30.584,"<div class=""MessageStreamView__body___2giLh""><div><span><a data-event=""click"" data-for=""cashTag"" data-tip=""NBEV"" href=""/symbol/NBEV"" id=""NBEV-150573360-696"">$NBEV</a></span>,<span><a data-event=""click"" data-for=""cashTag"" data-tip=""MJ"" href=""/symbol/MJ"" id=""MJ-150573360-697"">$MJ</a></span>,<span><a data-event=""click"" data-for=""cashTag"" data-tip=""TLRY"" href=""/symbol/TLRY"" id=""TLRY-150573360-698"">$TLRY</a></span>..Called Trade in NBEV @ 6.72 doing nicely.Taking some profit here @ 7+ looking for 7.40ish Target.  
<a data-event=""click"" href=""https://www.stocktwits.com/r/TradeLikeAnAlgo"" rel=""noopener nofollow"" target=""_blank"">stocktwits.com/r/TradeLikeA...</a></div></div>"
EPS_MomentuM,True,2019-01-14 11:39:00,30.639,"<div class=""MessageStreamView__body___2giLh""><div>It will be really interesting how high <span><a data-event=""click"" data-for=""cashTag"" data-tip=""WTER"" href=""/symbol/WTER"" id=""WTER-150557918-727"">$WTER</a></span> can go if it breaks 3.67 &amp; 3.74 as those are only big lot sellers on level II <span><a data-event=""click"" data-for=""cashTag"" data-tip=""MJ"" href=""/symbol/MJ"" id=""MJ-150557918-728"">$MJ</a></span> <span><a data-event=""click"" data-for=""cashTag"" data-tip=""NBEV"" href=""/symbol/NBEV"" id=""NBEV-150557918-729"">$NBEV</a></span></div></div>"
triplehstocks,True,2019-01-14 11:29:00,30.631,"<div class=""MessageStreamView__body___2giLh""><div>IIPR: A Marijuana Focused REIT With Bullish Breakout. <span><a data-event=""click"" data-for=""cashTag"" data-tip=""IIPR"" href=""/symbol/IIPR"" id=""IIPR-150556459-732"">$IIPR</a></span> <span><a data-event=""click"" data-for=""cashTag"" data-tip=""TLRY"" href=""/symbol/TLRY"" id=""TLRY-150556459-733"">$TLRY</a></span> <span><a data-event=""click"" data-for=""cashTag"" data-tip=""MJ"" href=""/symbol/MJ"" id=""MJ-150556459-734"">$MJ</a></span> <span><a data-event=""click"" data-for=""cashTag"" data-tip=""VNQ"" href=""/symbol/VNQ"" id=""VNQ-150556459-735"">$VNQ</a></span> <span><a data-event=""click"" data-for=""cashTag"" data-tip=""CRON"" href=""/symbol/CRON"" id=""CRON-150556459-736"">$CRON</a></span> <span><a data-event=""click"" data-for=""cashTag"" data-tip=""CGC"" href=""/symbol/CGC"" id=""CGC-150556459-737"">$CGC</a></span> <span><a data-event=""click"" data-for=""cashTag"" data-tip=""XLRE"" href=""/symbol/XLRE"" id=""XLRE-150556459-738"">$XLRE</a></span>
<a data-event=""click"" href=""https://www.triplehstocks.com/2019/01/14/innovative-industrial-properties-a-marijuana-focused-reit/"" rel=""noopener nofollow"" target=""_blank"">triplehstocks.com/2019/01/1...</a></div></div>"
EPS_MomentuM,True,2019-01-14 11:15:00,30.736,"<div class=""MessageStreamView__body___2giLh""><div><span><a data-event=""click"" data-for=""cashTag"" data-tip=""MJ"" href=""/symbol/MJ"" id=""MJ-150554159-741"">$MJ</a></span> <span><a data-event=""click"" data-for=""cashTag"" data-tip=""TLRY"" href=""/symbol/TLRY"" id=""TLRY-150554159-742"">$TLRY</a></span> <span><a data-event=""click"" data-for=""cashTag"" data-tip=""CGC"" href=""/symbol/CGC"" id=""CGC-150554159-743"">$CGC</a></span> <span><a data-event=""click"" data-for=""cashTag"" data-tip=""ACB"" href=""/symbol/ACB"" id=""ACB-150554159-744"">$ACB</a></span> <span><a data-event=""click"" data-for=""cashTag"" data-tip=""CRON"" href=""/symbol/CRON"" id=""CRON-150554159-745"">$CRON</a></span> <span><a data-event=""click"" data-for=""cashTag"" data-tip=""NBEV"" href=""/symbol/NBEV"" id=""NBEV-150554159-746"">$NBEV</a></span> <span><a data-event=""click"" data-for=""cashTag"" data-tip=""WTER"" href=""/symbol/WTER"" id=""WTER-150554159-747"">$WTER</a></span> baskets of weed work best.</div></div>"
DailyMarijuanaObserver,True,2019-01-14 10:53:00,30.786,"<div class=""MessageStreamView__body___2giLh""><div>Trading Marijuana Stocks on E-Trade

<a data-event=""click"" href=""https://mjobserver.com/united-states/trading-marijuana-stocks-on-e-trade/"" rel=""noopener nofollow"" target=""_blank"">mjobserver.com/united-state...</a>
<span><a data-event=""click"" data-for=""cashTag"" data-tip=""ETFC"" href=""/symbol/ETFC"" id=""ETFC-150550783-750"">$ETFC</a></span> <span><a data-event=""click"" data-for=""cashTag"" data-tip=""MJ"" href=""/symbol/MJ"" id=""MJ-150550783-751"">$MJ</a></span> <span><a data-event=""click"" data-for=""cashTag"" data-tip=""HMMJ.CA"" href=""/symbol/HMMJ.CA"" id=""HMMJ-CA-150550783-752"">$HMMJ.CA</a></span> <span><a data-event=""click"" data-for=""cashTag"" data-tip=""TLRY"" href=""/symbol/TLRY"" id=""TLRY-150550783-753"">$TLRY</a></span> <span><a data-event=""click"" data-for=""cashTag"" data-tip=""CRON"" href=""/symbol/CRON"" id=""CRON-150550783-754"">$CRON</a></span> <span><a data-event=""click"" data-for=""cashTag"" data-tip=""CGC"" href=""/symbol/CGC"" id=""CGC-150550783-755"">$CGC</a></span> <span><a data-event=""click"" data-for=""cashTag"" data-tip=""APHA"" href=""/symbol/APHA"" id=""APHA-150550783-756"">$APHA</a></span> <span><a data-event=""click"" data-for=""cashTag"" data-tip=""ACB"" href=""/symbol/ACB"" id=""ACB-150550783-757"">$ACB</a></span></div></div>"
lcsanchez,True,2019-01-14 10:40:00,30.949,"<div class=""MessageStreamView__body___2giLh""><div><span><a data-event=""click"" data-for=""cashTag"" data-tip=""MBOT"" href=""/symbol/MBOT"" id=""MBOT-150548548-760"">$MBOT</a></span> <span><a data-event=""click"" data-for=""cashTag"" data-tip=""MJ"" href=""/symbol/MJ"" id=""MJ-150548548-761"">$MJ</a></span> ang <span><a data-event=""click"" data-for=""cashTag"" data-tip=""GCI"" href=""/symbol/GCI"" id=""GCI-150548548-762"">$GCI</a></span></div></div>"
triplehstocks,True,2019-01-14 10:33:00,31.013,"<div class=""MessageStreamView__body___2giLh""><div>Tilray Stock About To Go Higher After Breakout? Possible price target of 260 per share. <span><a data-event=""click"" data-for=""cashTag"" data-tip=""TLRY"" href=""/symbol/TLRY"" id=""TLRY-150547357-773"">$TLRY</a></span> <span><a data-event=""click"" data-for=""cashTag"" data-tip=""MJ"" href=""/symbol/MJ"" id=""MJ-150547357-774"">$MJ</a></span>
<a data-event=""click"" href=""https://www.triplehstocks.com/2019/01/14/tilray-stock-about-to-go-higher/"" rel=""noopener nofollow"" target=""_blank"">triplehstocks.com/2019/01/1...</a></div></div>"
DailyMarijuanaObserver,True,2019-01-14 10:11:00,31.161,"<div class=""MessageStreamView__body___2giLh""><div>Aurora to Acquire Whistler

<a data-event=""click"" href=""https://mjobserver.com/investments/aurora-to-acquire-whistler/"" rel=""noopener nofollow"" target=""_blank"">mjobserver.com/investments/...</a>
<span><a data-event=""click"" data-for=""cashTag"" data-tip=""ACB"" href=""/symbol/ACB"" id=""ACB-150543739-792"">$ACB</a></span> <span><a data-event=""click"" data-for=""cashTag"" data-tip=""ACB.CA"" href=""/symbol/ACB.CA"" id=""ACB-CA-150543739-793"">$ACB.CA</a></span> <span><a data-event=""click"" data-for=""cashTag"" data-tip=""MJ"" href=""/symbol/MJ"" id=""MJ-150543739-794"">$MJ</a></span> <span><a data-event=""click"" data-for=""cashTag"" data-tip=""HMMJ.CA"" href=""/symbol/HMMJ.CA"" id=""HMMJ-CA-150543739-795"">$HMMJ.CA</a></span></div></div>"
EPS_MomentuM,True,2019-01-14 09:58:00,30.976,"<div class=""MessageStreamView__body___2giLh""><div>The good thing about <span><a data-event=""click"" data-for=""cashTag"" data-tip=""ACB"" href=""/symbol/ACB"" id=""ACB-150541358-845"">$ACB</a></span> is that it's not marginable so there isn't over leveraging buys on it.  Which means the buys are strong holder <span><a data-event=""click"" data-for=""cashTag"" data-tip=""MJ"" href=""/symbol/MJ"" id=""MJ-150541358-846"">$MJ</a></span></div></div>"
EPS_MomentuM,True,2019-01-14 09:36:00,31.138,"<div class=""MessageStreamView__body___2giLh""><div>After <span><a data-event=""click"" data-for=""cashTag"" data-tip=""CGC"" href=""/symbol/CGC"" id=""CGC-150537631-876"">$CGC</a></span> and <span><a data-event=""click"" data-for=""cashTag"" data-tip=""CRON"" href=""/symbol/CRON"" id=""CRON-150537631-877"">$CRON</a></span> it should be <span><a data-event=""click"" data-for=""cashTag"" data-tip=""ACB"" href=""/symbol/ACB"" id=""ACB-150537631-878"">$ACB</a></span> that gets the next billion dollar investment in my opinion.  See <span><a data-event=""click"" data-for=""cashTag"" data-tip=""MJ"" href=""/symbol/MJ"" id=""MJ-150537631-879"">$MJ</a></span> <span><a data-event=""click"" data-for=""cashTag"" data-tip=""TLRY"" href=""/symbol/TLRY"" id=""TLRY-150537631-880"">$TLRY</a></span></div></div>"
