TheBearSlayer,True,2019-01-14 15:59:00,0.1785,"<div class=""MessageStreamView__body___2giLh""><div><span><a data-event=""click"" data-for=""cashTag"" data-tip=""MNGA"" href=""/symbol/MNGA"" id=""MNGA-150597643-4061"">$MNGA</a></span> 10 k wall and we fly lol</div></div>"
Edar1983,True,2019-01-14 15:59:00,0.1785,"<div class=""MessageStreamView__body___2giLh""><div><span><a data-event=""click"" data-for=""cashTag"" data-tip=""MNGA"" href=""/symbol/MNGA"" id=""MNGA-150597525-4067"">$MNGA</a></span> I'm a small fry in all this. 4500 shares... still believe in the tech and company tho. I envision great things and lots of clean green</div></div>"
TheBearSlayer,True,2019-01-14 15:58:00,0.1787,"<div class=""MessageStreamView__body___2giLh""><div><span><a data-event=""click"" data-for=""cashTag"" data-tip=""MNGA"" href=""/symbol/MNGA"" id=""MNGA-150597373-4073"">$MNGA</a></span> walls gone...</div></div>"
holadola,True,2019-01-14 15:55:00,0.1789,"<div class=""MessageStreamView__body___2giLh""><div><span><a data-event=""click"" data-for=""cashTag"" data-tip=""MNGA"" href=""/symbol/MNGA"" id=""MNGA-150596768-4079"">$MNGA</a></span> 23k more shares, that’s it for today!</div></div>"
holadola,True,2019-01-14 15:52:00,0.1792,"<div class=""MessageStreamView__body___2giLh""><div><span><a data-event=""click"" data-for=""cashTag"" data-tip=""MNGA"" href=""/symbol/MNGA"" id=""MNGA-150596348-4085"">$MNGA</a></span> it’s fun to keep buying this bad boy, 200 shares, 200,200,200,200,200,and 400 shares, 400, 400, then 200 again and again, I’m bored.</div></div>"
darkangelxam,True,2019-01-14 15:51:00,0.1785,"<div class=""MessageStreamView__body___2giLh""><div><span><a data-event=""click"" data-for=""cashTag"" data-tip=""MNGA"" href=""/symbol/MNGA"" id=""MNGA-150596136-4088"">$MNGA</a></span> AH news incoming.</div></div>"
Gastransporter,True,2019-01-14 15:51:00,0.1785,"<div class=""MessageStreamView__body___2giLh""><div><span><a data-event=""click"" data-for=""cashTag"" data-tip=""MNGA"" href=""/symbol/MNGA"" id=""MNGA-150596038-4091"">$MNGA</a></span> Big News?? ..where did you here?</div></div>"
jcopacetic,False,2019-01-14 15:48:00,0.178,"<div class=""MessageStreamView__body___2giLh""><div><span><a data-event=""click"" data-for=""cashTag"" data-tip=""MNGA"" href=""/symbol/MNGA"" id=""MNGA-150595539-4100"">$MNGA</a></span> offering was $.14 per share with promised buy back @ $.23 after period of time. If stock is below $.23 share holders are covering.</div></div>"
TheBearSlayer,True,2019-01-14 15:48:00,0.178,"<div class=""MessageStreamView__body___2giLh""><div><span><a data-event=""click"" data-for=""cashTag"" data-tip=""MNGA"" href=""/symbol/MNGA"" id=""MNGA-150595481-4103"">$MNGA</a></span> could see the after hours of a lifetime 🤩</div></div>"
jcopacetic,False,2019-01-14 15:46:00,0.1785,"<div class=""MessageStreamView__body___2giLh""><div><span><a data-event=""click"" data-for=""cashTag"" data-tip=""MNGA"" href=""/symbol/MNGA"" id=""MNGA-150595273-4112"">$MNGA</a></span> I got blocked for not drinking the kool-aid. I can be bearish and still have facts. That's a fact. See, facts.</div></div>"
Limeiscool,True,2019-01-14 15:46:00,0.1785,"<div class=""MessageStreamView__body___2giLh""><div><span><a data-event=""click"" data-for=""cashTag"" data-tip=""MNGA"" href=""/symbol/MNGA"" id=""MNGA-150595257-4115"">$MNGA</a></span> after hours all the walls will be gone! Government wall shutdown!</div></div>"
Drprince1,True,2019-01-14 15:46:00,0.1785,"<div class=""MessageStreamView__body___2giLh""><div><span><a data-event=""click"" data-for=""cashTag"" data-tip=""MNGA"" href=""/symbol/MNGA"" id=""MNGA-150595245-4121"">$MNGA</a></span> well today sucked.</div></div>"
TheBearSlayer,True,2019-01-14 15:43:00,0.1785,"<div class=""MessageStreamView__body___2giLh""><div><span><a data-event=""click"" data-for=""cashTag"" data-tip=""MNGA"" href=""/symbol/MNGA"" id=""MNGA-150594689-4133"">$MNGA</a></span> we need .23 for this offering to work right?</div></div>"
cinder443,True,2019-01-14 15:41:00,0.1785,"<div class=""MessageStreamView__body___2giLh""><div><span><a data-event=""click"" data-for=""cashTag"" data-tip=""MNGA"" href=""/symbol/MNGA"" id=""MNGA-150594306-4139"">$MNGA</a></span> 15 mil volume. not bad once PR drops. i see another 30mil+ volume day</div></div>"
Xance,True,2019-01-14 15:39:00,0.1782,"<div class=""MessageStreamView__body___2giLh""><div><span><a data-event=""click"" data-for=""cashTag"" data-tip=""MNGA"" href=""/symbol/MNGA"" id=""MNGA-150594047-4145"">$MNGA</a></span> when is the meeting in Dubai again?</div></div>"
KosmoCramer,True,2019-01-14 15:36:00,0.178,"<div class=""MessageStreamView__body___2giLh""><div><span><a data-event=""click"" data-for=""cashTag"" data-tip=""MNGA"" href=""/symbol/MNGA"" id=""MNGA-150593563-4151"">$MNGA</a></span> when was the show in UAE?</div></div>"
Bullish_Bull,True,2019-01-14 15:31:00,0.1787,"<div class=""MessageStreamView__body___2giLh""><div><span><a data-event=""click"" data-for=""cashTag"" data-tip=""MNGA"" href=""/symbol/MNGA"" id=""MNGA-150592699-4173"">$MNGA</a></span> The last two PRs they issued was non-sense! After a long silence two stupid PRs!</div></div>"
cinder443,True,2019-01-14 15:30:00,0.1786,"<div class=""MessageStreamView__body___2giLh""><div><span><a data-event=""click"" data-for=""cashTag"" data-tip=""MNGA"" href=""/symbol/MNGA"" id=""MNGA-150592634-4176"">$MNGA</a></span> some stocks go down and then go up it happens. give it a chance to rebuild itself sheesh</div></div>"
cinder443,True,2019-01-14 15:30:00,0.1786,"<div class=""MessageStreamView__body___2giLh""><div><span><a data-event=""click"" data-for=""cashTag"" data-tip=""MNGA"" href=""/symbol/MNGA"" id=""MNGA-150592589-4179"">$MNGA</a></span> everyone down talks this thing when it struggles for a day. and then when it pops they praise it. just stfu and let the stock do.</div></div>"
Brokenwing,True,2019-01-14 15:28:00,0.1783,"<div class=""MessageStreamView__body___2giLh""><div><span><a data-event=""click"" data-for=""cashTag"" data-tip=""MNGA"" href=""/symbol/MNGA"" id=""MNGA-150592213-4182"">$MNGA</a></span></div></div>"
fisherman17,True,2019-01-14 15:24:00,0.1787,"<div class=""MessageStreamView__body___2giLh""><div><span><a data-event=""click"" data-for=""cashTag"" data-tip=""MNGA"" href=""/symbol/MNGA"" id=""MNGA-150591535-4194"">$MNGA</a></span>.  🎵 ""it's just another magne monday... "" 🎵</div></div>"
spicygoo,False,2019-01-14 15:23:00,0.1786,"<div class=""MessageStreamView__body___2giLh""><div><span><a data-event=""click"" data-for=""cashTag"" data-tip=""MNGA"" href=""/symbol/MNGA"" id=""MNGA-150591453-4197"">$MNGA</a></span> I'm very optimistic for the future
I'm very excite and hot, I wondering how the demo went with MNGA and investors.</div></div>"
dand299,True,2019-01-14 15:16:00,0.1782,"<div class=""MessageStreamView__body___2giLh""><div><span><a data-event=""click"" data-for=""cashTag"" data-tip=""MNGA"" href=""/symbol/MNGA"" id=""MNGA-150590160-4209"">$MNGA</a></span> y’all better come to cgc befor it gets to Mars</div></div>"
Wishyluck,True,2019-01-14 15:16:00,0.1782,"<div class=""MessageStreamView__body___2giLh""><div><span><a data-event=""click"" data-for=""cashTag"" data-tip=""MNGA"" href=""/symbol/MNGA"" id=""MNGA-150590092-4212"">$MNGA</a></span> where is the moon 😢</div></div>"
holadola,True,2019-01-14 15:15:00,0.1783,"<div class=""MessageStreamView__body___2giLh""><div><span><a data-event=""click"" data-for=""cashTag"" data-tip=""MNGA"" href=""/symbol/MNGA"" id=""MNGA-150590061-4215"">$MNGA</a></span> made easy money on <span><a data-event=""click"" data-for=""cashTag"" data-tip=""MBOT"" href=""/symbol/MBOT"" id=""MBOT-150590061-4216"">$MBOT</a></span>, that makes <span><a data-event=""click"" data-for=""cashTag"" data-tip=""MNGA"" href=""/symbol/MNGA"" id=""MNGA-150590061-4217"">$MNGA</a></span> looks like shit.</div></div>"
hagenstrom,False,2019-01-14 15:07:00,0.1786,"<div class=""MessageStreamView__body___2giLh""><div><span><a data-event=""click"" data-for=""cashTag"" data-tip=""MNGA"" href=""/symbol/MNGA"" id=""MNGA-150588618-4235"">$MNGA</a></span> the group of idiots bag holding this are the same morons that said snap was a value at 27. BUY BUY BUY</div></div>"
jcopacetic,False,2019-01-14 15:03:00,0.1795,"<div class=""MessageStreamView__body___2giLh""><div><span><a data-event=""click"" data-for=""cashTag"" data-tip=""MNGA"" href=""/symbol/MNGA"" id=""MNGA-150588022-4253"">$MNGA</a></span> let's keep in mind that this garbage can't even be shorted today. Goes to show shorts have never been the issue.</div></div>"
TheBearSlayer,True,2019-01-14 15:00:00,0.1798,"<div class=""MessageStreamView__body___2giLh""><div><span><a data-event=""click"" data-for=""cashTag"" data-tip=""MNGA"" href=""/symbol/MNGA"" id=""MNGA-150587613-4256"">$MNGA</a></span> 100 bulls with a plan could break every wall down all the way to 1$</div></div>"
cinder443,True,2019-01-14 15:00:00,0.1798,"<div class=""MessageStreamView__body___2giLh""><div><span><a data-event=""click"" data-for=""cashTag"" data-tip=""MNGA"" href=""/symbol/MNGA"" id=""MNGA-150587517-4259"">$MNGA</a></span> lets see what power hour and AH does today</div></div>"
dollarshots,True,2019-01-14 14:59:00,0.1796,"<div class=""MessageStreamView__body___2giLh""><div><span><a data-event=""click"" data-for=""cashTag"" data-tip=""MNGA"" href=""/symbol/MNGA"" id=""MNGA-150587460-4262"">$MNGA</a></span> upped my position 36k...let’s do this boys</div></div>"
TheBearSlayer,True,2019-01-14 14:59:00,0.1796,"<div class=""MessageStreamView__body___2giLh""><div><span><a data-event=""click"" data-for=""cashTag"" data-tip=""MNGA"" href=""/symbol/MNGA"" id=""MNGA-150587440-4265"">$MNGA</a></span> manipulators know when they put up huge walls it intimidates ppl from slapping ask, if ppl started buying it would be taken down.</div></div>"
TheBearSlayer,True,2019-01-14 14:58:00,0.1797,"<div class=""MessageStreamView__body___2giLh""><div><span><a data-event=""click"" data-for=""cashTag"" data-tip=""MNGA"" href=""/symbol/MNGA"" id=""MNGA-150587157-4274"">$MNGA</a></span> if ppl started to buy ask the wall would be moved up . Fake walls manipulating the process cuz shorts now no 1 slaps ask always -.001</div></div>"
MaliWar,True,2019-01-14 14:55:00,0.1797,"<div class=""MessageStreamView__body___2giLh""><div><span><a data-event=""click"" data-for=""cashTag"" data-tip=""MNGA"" href=""/symbol/MNGA"" id=""MNGA-150586733-4280"">$MNGA</a></span>.................. ....<span><a data-event=""click"" data-for=""cashTag"" data-tip=""RHE"" href=""/symbol/RHE"" id=""RHE-150586733-4281"">$RHE</a></span>💰</div></div>"
BullishDaddyDrake,True,2019-01-14 14:54:00,0.1796,"<div class=""MessageStreamView__body___2giLh""><div><span><a data-event=""click"" data-for=""cashTag"" data-tip=""MBOT"" href=""/symbol/MBOT"" id=""MBOT-150586591-4287"">$MBOT</a></span> <span><a data-event=""click"" data-for=""cashTag"" data-tip=""DPW"" href=""/symbol/DPW"" id=""DPW-150586591-4288"">$DPW</a></span> <span><a data-event=""click"" data-for=""cashTag"" data-tip=""TLRY"" href=""/symbol/TLRY"" id=""TLRY-150586591-4289"">$TLRY</a></span> <span><a data-event=""click"" data-for=""cashTag"" data-tip=""CEI"" href=""/symbol/CEI"" id=""CEI-150586591-4290"">$CEI</a></span> <span><a data-event=""click"" data-for=""cashTag"" data-tip=""NBEV"" href=""/symbol/NBEV"" id=""NBEV-150586591-4291"">$NBEV</a></span> <span><a data-event=""click"" data-for=""cashTag"" data-tip=""INPX"" href=""/symbol/INPX"" id=""INPX-150586591-4292"">$INPX</a></span> <span><a data-event=""click"" data-for=""cashTag"" data-tip=""MNGA"" href=""/symbol/MNGA"" id=""MNGA-150586591-4293"">$MNGA</a></span> <span><a data-event=""click"" data-for=""cashTag"" data-tip=""AGRX"" href=""/symbol/AGRX"" id=""AGRX-150586591-4294"">$AGRX</a></span> <span><a data-event=""click"" data-for=""cashTag"" data-tip=""VTVT"" href=""/symbol/VTVT"" id=""VTVT-150586591-4295"">$VTVT</a></span> Come to <span><a data-event=""click"" data-for=""cashTag"" data-tip=""SAEX"" href=""/symbol/SAEX"" id=""SAEX-150586591-4296"">$SAEX</a></span> it’s going to 10$ soon</div></div>"
AllIn15,True,2019-01-14 14:53:00,0.1798,"<div class=""MessageStreamView__body___2giLh""><div><span><a data-event=""click"" data-for=""cashTag"" data-tip=""CEI"" href=""/symbol/CEI"" id=""CEI-150586398-4299"">$CEI</a></span> still sometime to recover losses at <span><a data-event=""click"" data-for=""cashTag"" data-tip=""MNGA"" href=""/symbol/MNGA"" id=""MNGA-150586398-4300"">$MNGA</a></span>, last time i made +100%. Investor just bought in, I'm expecting positive PR soon.</div></div>"
ThunderJackson,True,2019-01-14 14:52:00,0.1798,"<div class=""MessageStreamView__body___2giLh""><div><span><a data-event=""click"" data-for=""cashTag"" data-tip=""MNGA"" href=""/symbol/MNGA"" id=""MNGA-150586272-4303"">$MNGA</a></span> Come on, break that wall and we'll be back to .20 EOD
I'd buy more but I'm tapped.</div></div>"
TheBearSlayer,True,2019-01-14 14:46:00,0.1797,"<div class=""MessageStreamView__body___2giLh""><div><span><a data-event=""click"" data-for=""cashTag"" data-tip=""MNGA"" href=""/symbol/MNGA"" id=""MNGA-150585371-4315"">$MNGA</a></span> wants to break out so bad...</div></div>"
NoHoesJoe,True,2019-01-14 14:45:00,0.1794,"<div class=""MessageStreamView__body___2giLh""><div><span><a data-event=""click"" data-for=""cashTag"" data-tip=""MNGA"" href=""/symbol/MNGA"" id=""MNGA-150585131-4318"">$MNGA</a></span> for all you <span class=""UserProfileLink__container___2JY3s""><a data-event=""click"" href=""/Squash"" id=""user-profile-Squash-1547603901680-4319"">@Squash</a></span> fans, here’s a link to his other YT account. He’s still posting. 

<a data-event=""click"" href=""https://youtu.be/IPfaoJdQWAQ"" rel=""noopener nofollow"" target=""_blank"">youtube.com/watch?v=IPfaoJd...</a></div></div>"
Craig1390,True,2019-01-14 14:42:00,0.1789,"<div class=""MessageStreamView__body___2giLh""><div><span><a data-event=""click"" data-for=""cashTag"" data-tip=""MNGA"" href=""/symbol/MNGA"" id=""MNGA-150584734-4328"">$MNGA</a></span> MNGA will MAGA!!!!</div></div>"
huskers69,False,2019-01-14 14:38:00,0.1792,"<div class=""MessageStreamView__body___2giLh""><div><span><a data-event=""click"" data-for=""cashTag"" data-tip=""MNGA"" href=""/symbol/MNGA"" id=""MNGA-150584220-4331"">$MNGA</a></span> this shit is junk</div></div>"
PigProfit,True,2019-01-14 14:38:00,0.1792,"<div class=""MessageStreamView__body___2giLh""><div><span><a data-event=""click"" data-for=""cashTag"" data-tip=""MNGA"" href=""/symbol/MNGA"" id=""MNGA-150584177-4334"">$MNGA</a></span>  breaking this wall down into power hour and re testing .20</div></div>"
AllIn15,True,2019-01-14 14:38:00,0.1792,"<div class=""MessageStreamView__body___2giLh""><div><span><a data-event=""click"" data-for=""cashTag"" data-tip=""MNGA"" href=""/symbol/MNGA"" id=""MNGA-150584168-4337"">$MNGA</a></span> yea i tend to also block over optimistic pumpers, as well as bears that bash with no facts.</div></div>"
Wolfofconway9,True,2019-01-14 14:31:00,0.1784,"<div class=""MessageStreamView__body___2giLh""><div><span><a data-event=""click"" data-for=""cashTag"" data-tip=""MNGA"" href=""/symbol/MNGA"" id=""MNGA-150583218-4340"">$MNGA</a></span> I think in the near future we'll hit 5 dollar there's no reason it shouldn't</div></div>"
CryptoBullRunner,True,2019-01-14 14:23:00,0.179,"<div class=""MessageStreamView__body___2giLh""><div><span><a data-event=""click"" data-for=""cashTag"" data-tip=""MNGA"" href=""/symbol/MNGA"" id=""MNGA-150581958-4353"">$MNGA</a></span> 6 hours ago from Abu Dhabi. Pretty much everything magne does!!! Cmon let’s go <a data-event=""click"" href=""https://youtu.be/WiYcEN6Pjhc"" rel=""noopener nofollow"" target=""_blank"">youtube.com/watch?v=WiYcEN6...</a></div></div>"
PigProfit,True,2019-01-14 14:23:00,0.179,"<div class=""MessageStreamView__body___2giLh""><div><span><a data-event=""click"" data-for=""cashTag"" data-tip=""MNGA"" href=""/symbol/MNGA"" id=""MNGA-150581941-4356"">$MNGA</a></span> about to break .18 soon and gap up 📈</div></div>"
Craig1390,True,2019-01-14 14:18:00,0.1792,"<div class=""MessageStreamView__body___2giLh""><div><span><a data-event=""click"" data-for=""cashTag"" data-tip=""MNGA"" href=""/symbol/MNGA"" id=""MNGA-150581241-4359"">$MNGA</a></span> these bears are desperate  for a pay day..if times are tough for you I can float you a loan.</div></div>"
jcopacetic,False,2019-01-14 14:15:00,0.1794,"<div class=""MessageStreamView__body___2giLh""><div><span><a data-event=""click"" data-for=""cashTag"" data-tip=""MNGA"" href=""/symbol/MNGA"" id=""MNGA-150580816-4362"">$MNGA</a></span> inside the magnegas semi is just a picture of a plasma flow arch reactor. Drawn in crayon.</div></div>"
schoeee,True,2019-01-14 14:13:00,0.1793,"<div class=""MessageStreamView__body___2giLh""><div><span><a data-event=""click"" data-for=""cashTag"" data-tip=""MNGA"" href=""/symbol/MNGA"" id=""MNGA-150580597-4365"">$MNGA</a></span> can someone explain to me what happened? The last earnings report conference call was looking really good? What was the drop caused by</div></div>"
CaliTrees,True,2019-01-14 14:03:00,0.1796,"<div class=""MessageStreamView__body___2giLh""><div><span><a data-event=""click"" data-for=""cashTag"" data-tip=""MNGA"" href=""/symbol/MNGA"" id=""MNGA-150579002-4377"">$MNGA</a></span> Mgna needs a better marketing strategy.</div></div>"
jcopacetic,False,2019-01-14 14:01:00,0.1797,"<div class=""MessageStreamView__body___2giLh""><div><span><a data-event=""click"" data-for=""cashTag"" data-tip=""MNGA"" href=""/symbol/MNGA"" id=""MNGA-150578703-4380"">$MNGA</a></span> also, r/s will hit like offering. You won't know till it's happened. We are sheep to them.</div></div>"
cubaneyes,True,2019-01-14 14:00:00,0.1795,"<div class=""MessageStreamView__body___2giLh""><div><span><a data-event=""click"" data-for=""cashTag"" data-tip=""MNGA"" href=""/symbol/MNGA"" id=""MNGA-150578540-4386"">$MNGA</a></span>  one day we will wake up in the sky!
<a data-event=""click"" href=""https://youtu.be/U68MJz9DrI4"" rel=""noopener nofollow"" target=""_blank"">youtube.com/watch?v=U68MJz9...</a></div></div>"
jcopacetic,False,2019-01-14 14:00:00,0.1795,"<div class=""MessageStreamView__body___2giLh""><div><span><a data-event=""click"" data-for=""cashTag"" data-tip=""MNGA"" href=""/symbol/MNGA"" id=""MNGA-150578515-4389"">$MNGA</a></span> just wait, ER will have negative eps too.most disappointing investment I've ever made. Don't Merry your stocks, it's not worth it.</div></div>"
FayeLepage,True,2019-01-14 13:58:00,0.179,"<div class=""MessageStreamView__body___2giLh""><div><span><a data-event=""click"" data-for=""cashTag"" data-tip=""MNGA"" href=""/symbol/MNGA"" id=""MNGA-150578241-4392"">$MNGA</a></span> i was losing all hope since market open, but cheered up when i realized that it's only Monday.</div></div>"
jcopacetic,False,2019-01-14 13:53:00,0.1778,"<div class=""MessageStreamView__body___2giLh""><div><span><a data-event=""click"" data-for=""cashTag"" data-tip=""MNGA"" href=""/symbol/MNGA"" id=""MNGA-150577381-4401"">$MNGA</a></span> thank God for Abu dahbi, don't know where I'd  be. They should consider letting it go up a bit again to keep us in. Looks scammy.</div></div>"
cadyd1,True,2019-01-14 13:51:00,0.1771,"<div class=""MessageStreamView__body___2giLh""><div><span><a data-event=""click"" data-for=""cashTag"" data-tip=""MNGA"" href=""/symbol/MNGA"" id=""MNGA-150577185-4404"">$MNGA</a></span> just bulling it</div></div>"
Limeiscool,True,2019-01-14 13:51:00,0.1771,"<div class=""MessageStreamView__body___2giLh""><div><span><a data-event=""click"" data-for=""cashTag"" data-tip=""MNGA"" href=""/symbol/MNGA"" id=""MNGA-150577101-4407"">$MNGA</a></span> what a wall at .178 😂</div></div>"
Takmau,True,2019-01-14 13:40:00,0.1793,"<div class=""MessageStreamView__body___2giLh""><div><span><a data-event=""click"" data-for=""cashTag"" data-tip=""AETI"" href=""/symbol/AETI"" id=""AETI-150575458-4428"">$AETI</a></span> from <span><a data-event=""click"" data-for=""cashTag"" data-tip=""MNGA"" href=""/symbol/MNGA"" id=""MNGA-150575458-4429"">$MNGA</a></span> <span><a data-event=""click"" data-for=""cashTag"" data-tip=""CEI"" href=""/symbol/CEI"" id=""CEI-150575458-4430"">$CEI</a></span> <span><a data-event=""click"" data-for=""cashTag"" data-tip=""TENX"" href=""/symbol/TENX"" id=""TENX-150575458-4431"">$TENX</a></span> <span><a data-event=""click"" data-for=""cashTag"" data-tip=""AMTX"" href=""/symbol/AMTX"" id=""AMTX-150575458-4432"">$AMTX</a></span> NOW ALL IN AETI 😍😍😍😍</div></div>"
HansM,True,2019-01-14 13:34:00,0.1787,"<div class=""MessageStreamView__body___2giLh""><div><span><a data-event=""click"" data-for=""cashTag"" data-tip=""MNGA"" href=""/symbol/MNGA"" id=""MNGA-150574517-4441"">$MNGA</a></span> is US market closed tomorrow?</div></div>"
fisherman17,True,2019-01-14 13:31:00,0.1786,"<div class=""MessageStreamView__body___2giLh""><div><span><a data-event=""click"" data-for=""cashTag"" data-tip=""MNGA"" href=""/symbol/MNGA"" id=""MNGA-150574050-4447"">$MNGA</a></span> holding this amazing price under .2 for the week as big investors enter. Just as planned.</div></div>"
Longbuy,False,2019-01-14 13:29:00,0.1786,"<div class=""MessageStreamView__body___2giLh""><div><span><a data-event=""click"" data-for=""cashTag"" data-tip=""MNGA"" href=""/symbol/MNGA"" id=""MNGA-150573771-4456"">$MNGA</a></span> massive dilution begins tomorrow, how are people bullish?</div></div>"
Bmovinz,True,2019-01-14 13:26:00,0.1795,"<div class=""MessageStreamView__body___2giLh""><div><span><a data-event=""click"" data-for=""cashTag"" data-tip=""MNGA"" href=""/symbol/MNGA"" id=""MNGA-150573299-4465"">$MNGA</a></span> wake me up end of February</div></div>"
PattrickTheHatTrick,True,2019-01-14 13:24:00,0.179,"<div class=""MessageStreamView__body___2giLh""><div><span><a data-event=""click"" data-for=""cashTag"" data-tip=""MNGA"" href=""/symbol/MNGA"" id=""MNGA-150573118-4474"">$MNGA</a></span> next stop. $1</div></div>"
derebear89,True,2019-01-14 13:13:00,0.1793,"<div class=""MessageStreamView__body___2giLh""><div><span><a data-event=""click"" data-for=""cashTag"" data-tip=""MNGA"" href=""/symbol/MNGA"" id=""MNGA-150571554-4501"">$MNGA</a></span> December is not a good month for sales for most companies. Anyone expect holidays will have effect?</div></div>"
Masterminddt813,True,2019-01-14 13:11:00,0.1791,"<div class=""MessageStreamView__body___2giLh""><div><span><a data-event=""click"" data-for=""cashTag"" data-tip=""MNGA"" href=""/symbol/MNGA"" id=""MNGA-150571287-4510"">$MNGA</a></span> what exactly are we waiting on ? Been reading up on everything</div></div>"
KeepOnClimbing,True,2019-01-14 13:11:00,0.1791,"<div class=""MessageStreamView__body___2giLh""><div><span><a data-event=""click"" data-for=""cashTag"" data-tip=""MNGA"" href=""/symbol/MNGA"" id=""MNGA-150571253-4513"">$MNGA</a></span> that wall is gone guys, slap that ask!</div></div>"
sassy4792,True,2019-01-14 13:08:00,0.1795,"<div class=""MessageStreamView__body___2giLh""><div><span><a data-event=""click"" data-for=""cashTag"" data-tip=""MNGA"" href=""/symbol/MNGA"" id=""MNGA-150570844-4519"">$MNGA</a></span> when do you think we’ll se dec sales?</div></div>"
Wolf_Of_Weed_Street,True,2019-01-14 13:08:00,0.1795,"<div class=""MessageStreamView__body___2giLh""><div><span><a data-event=""click"" data-for=""cashTag"" data-tip=""MNGA"" href=""/symbol/MNGA"" id=""MNGA-150570793-4522"">$MNGA</a></span> <span><a data-event=""click"" data-for=""cashTag"" data-tip=""NBEV"" href=""/symbol/NBEV"" id=""NBEV-150570793-4523"">$NBEV</a></span> wish I had the same amount of shares in NbeV as I do in Mnga..</div></div>"
MrFatBull,False,2019-01-14 13:07:00,0.1796,"<div class=""MessageStreamView__body___2giLh""><div><span><a data-event=""click"" data-for=""cashTag"" data-tip=""MNGA"" href=""/symbol/MNGA"" id=""MNGA-150570630-4526"">$MNGA</a></span> this needs to be delisted for crying out loud..</div></div>"
Limeiscool,True,2019-01-14 13:04:00,0.1796,"<div class=""MessageStreamView__body___2giLh""><div><span><a data-event=""click"" data-for=""cashTag"" data-tip=""MNGA"" href=""/symbol/MNGA"" id=""MNGA-150570216-4529"">$MNGA</a></span> its just a matter of time 🎉👌🏻</div></div>"
BullNick,True,2019-01-14 13:03:00,0.1796,"<div class=""MessageStreamView__body___2giLh""><div><span><a data-event=""click"" data-for=""cashTag"" data-tip=""MNGA"" href=""/symbol/MNGA"" id=""MNGA-150570070-4532"">$MNGA</a></span> bands are getting nice and tight..could see a breakout once we tear down this wall</div></div>"
bullsofwallst1,True,2019-01-14 13:02:00,0.1796,"<div class=""MessageStreamView__body___2giLh""><div><span><a data-event=""click"" data-for=""cashTag"" data-tip=""MNGA"" href=""/symbol/MNGA"" id=""MNGA-150569990-4535"">$MNGA</a></span> using my bitcoin money to heat things up 🤑🤑🤑🤑🤑</div></div>"
crazyedd707,True,2019-01-14 13:02:00,0.1796,"<div class=""MessageStreamView__body___2giLh""><div><span><a data-event=""click"" data-for=""cashTag"" data-tip=""MNGA"" href=""/symbol/MNGA"" id=""MNGA-150569875-4538"">$MNGA</a></span> slap that ask</div></div>"
Chumap,True,2019-01-14 13:02:00,0.1796,"<div class=""MessageStreamView__body___2giLh""><div><span><a data-event=""click"" data-for=""cashTag"" data-tip=""MNGA"" href=""/symbol/MNGA"" id=""MNGA-150569864-4541"">$MNGA</a></span> then power hours</div></div>"
Jetmech79,True,2019-01-14 13:01:00,0.1798,"<div class=""MessageStreamView__body___2giLh""><div><span><a data-event=""click"" data-for=""cashTag"" data-tip=""MNGA"" href=""/symbol/MNGA"" id=""MNGA-150569778-4544"">$MNGA</a></span> what a boring day.</div></div>"
Chumap,True,2019-01-14 13:00:00,0.1798,"<div class=""MessageStreamView__body___2giLh""><div><span><a data-event=""click"" data-for=""cashTag"" data-tip=""MNGA"" href=""/symbol/MNGA"" id=""MNGA-150569691-4547"">$MNGA</a></span> 2more hours news going releas..</div></div>"
dollarking,True,2019-01-14 12:56:00,0.1795,"<div class=""MessageStreamView__body___2giLh""><div><span><a data-event=""click"" data-for=""cashTag"" data-tip=""MNGA"" href=""/symbol/MNGA"" id=""MNGA-150569105-4556"">$MNGA</a></span> Call the sec and ask who is behind that fkn wall:)</div></div>"
MakingMoneyMama,True,2019-01-14 12:42:00,0.1796,"<div class=""MessageStreamView__body___2giLh""><div><span><a data-event=""click"" data-for=""cashTag"" data-tip=""MNGA"" href=""/symbol/MNGA"" id=""MNGA-150567027-4577"">$MNGA</a></span> at least we have a record number of watchers 😉</div></div>"
TheBearSlayer,True,2019-01-14 12:40:00,0.1795,"<div class=""MessageStreamView__body___2giLh""><div><span><a data-event=""click"" data-for=""cashTag"" data-tip=""MNGA"" href=""/symbol/MNGA"" id=""MNGA-150566832-4586"">$MNGA</a></span> how many days of fasting and praying will it take to see our breakthrough.. I believe!</div></div>"
Edar1983,True,2019-01-14 12:38:00,0.1798,"<div class=""MessageStreamView__body___2giLh""><div><span><a data-event=""click"" data-for=""cashTag"" data-tip=""MNGA"" href=""/symbol/MNGA"" id=""MNGA-150566551-4589"">$MNGA</a></span> anyone else feel dumb explaining to their wives that you're down 100's if not thousands. But MNGA bout to moon?</div></div>"
Bullish_Bull,True,2019-01-14 12:30:00,0.1797,"<div class=""MessageStreamView__body___2giLh""><div><span><a data-event=""click"" data-for=""cashTag"" data-tip=""MNGA"" href=""/symbol/MNGA"" id=""MNGA-150565530-4616"">$MNGA</a></span> Has anyone contacted IR or Scott?  What do they say about this price action?</div></div>"
Truth_Speaks,True,2019-01-14 12:27:00,0.1796,"<div class=""MessageStreamView__body___2giLh""><div><span><a data-event=""click"" data-for=""cashTag"" data-tip=""MNGA"" href=""/symbol/MNGA"" id=""MNGA-150565116-4619"">$MNGA</a></span> once again big sell off before 10AM - 391k - 528k - 619K - 459k &gt; Please Scott start releasing all the good news you have?</div></div>"
Craig1390,True,2019-01-14 12:24:00,0.1797,"<div class=""MessageStreamView__body___2giLh""><div><span><a data-event=""click"" data-for=""cashTag"" data-tip=""MNGA"" href=""/symbol/MNGA"" id=""MNGA-150564630-4625"">$MNGA</a></span> The more you buy the higher you fly!</div></div>"
aliyah_k,True,2019-01-14 12:21:00,0.1793,"<div class=""MessageStreamView__body___2giLh""><div><span><a data-event=""click"" data-for=""cashTag"" data-tip=""MNGA"" href=""/symbol/MNGA"" id=""MNGA-150564194-4628"">$MNGA</a></span> Too legit to quit</div></div>"
AbductedTrader,True,2019-01-14 12:20:00,0.1797,"<div class=""MessageStreamView__body___2giLh""><div><span><a data-event=""click"" data-for=""cashTag"" data-tip=""MNGA"" href=""/symbol/MNGA"" id=""MNGA-150564086-4634"">$MNGA</a></span> we will go to the moon!</div></div>"
thadabeastish,True,2019-01-14 12:19:00,0.1797,"<div class=""MessageStreamView__body___2giLh""><div><span><a data-event=""click"" data-for=""cashTag"" data-tip=""MNGA"" href=""/symbol/MNGA"" id=""MNGA-150563883-4640"">$MNGA</a></span> my position on this stock, im bullish

Wait for news</div></div>"
ls0111,True,2019-01-14 12:19:00,0.1797,"<div class=""MessageStreamView__body___2giLh""><div><span><a data-event=""click"" data-for=""cashTag"" data-tip=""MNGA"" href=""/symbol/MNGA"" id=""MNGA-150563803-4643"">$MNGA</a></span> alright I’ve done my part today to buy up these cheap shares! Over doubled my position! Come on people!</div></div>"
TheBearSlayer,True,2019-01-14 12:17:00,0.1788,"<div class=""MessageStreamView__body___2giLh""><div><span><a data-event=""click"" data-for=""cashTag"" data-tip=""MNGA"" href=""/symbol/MNGA"" id=""MNGA-150563584-4646"">$MNGA</a></span> Mahoney in Abu Dhabi making moves,  Santilli in Florids making moves. 2 catalyst's right now just waiting for it guys. Lord have mercy</div></div>"
PigProfit,True,2019-01-14 12:16:00,0.1794,"<div class=""MessageStreamView__body___2giLh""><div><span><a data-event=""click"" data-for=""cashTag"" data-tip=""MNGA"" href=""/symbol/MNGA"" id=""MNGA-150563464-4649"">$MNGA</a></span> ssr today need buyers at the ask level</div></div>"
Sickboy138138,False,2019-01-14 12:14:00,0.1778,"<div class=""MessageStreamView__body___2giLh""><div><span><a data-event=""click"" data-for=""cashTag"" data-tip=""MNGA"" href=""/symbol/MNGA"" id=""MNGA-150563071-4659"">$MNGA</a></span> short sale restriction today. This drop is brought to you by the bulls. Lol</div></div>"
MikeV13,True,2019-01-14 12:10:00,0.1776,"<div class=""MessageStreamView__body___2giLh""><div><span><a data-event=""click"" data-for=""cashTag"" data-tip=""MNGA"" href=""/symbol/MNGA"" id=""MNGA-150562539-4674"">$MNGA</a></span> There is something wrong with me. I cant stop buy share of this stock.</div></div>"
TheBearSlayer,True,2019-01-14 12:10:00,0.1776,"<div class=""MessageStreamView__body___2giLh""><div><span><a data-event=""click"" data-for=""cashTag"" data-tip=""MNGA"" href=""/symbol/MNGA"" id=""MNGA-150562478-4677"">$MNGA</a></span> <span class=""UserProfileLink__container___2JY3s""><a data-event=""click"" href=""/zyros"" id=""user-profile-zyros-1547603910352-4678"">@zyros</a></span> <span class=""UserProfileLink__container___2JY3s""><a data-event=""click"" href=""/Bullish_Bull"" id=""user-profile-Bullish_Bull-1547603910352-4679"">@Bullish_Bull</a></span> bullish_bull how we doing</div></div>"
BakHak010010,True,2019-01-14 12:07:00,0.1776,"<div class=""MessageStreamView__body___2giLh""><div><span><a data-event=""click"" data-for=""cashTag"" data-tip=""MNGA"" href=""/symbol/MNGA"" id=""MNGA-150562135-4682"">$MNGA</a></span> it’s about time for the bounce back!</div></div>"
Albertjpn,True,2019-01-14 12:06:00,0.1777,"<div class=""MessageStreamView__body___2giLh""><div><span><a data-event=""click"" data-for=""cashTag"" data-tip=""MNGA"" href=""/symbol/MNGA"" id=""MNGA-150561996-4685"">$MNGA</a></span> <span><a data-event=""click"" data-for=""cashTag"" data-tip=""WFT"" href=""/symbol/WFT"" id=""WFT-150561996-4686"">$WFT</a></span> going UP...</div></div>"
Titans18,False,2019-01-14 12:02:00,0.1776,"<div class=""MessageStreamView__body___2giLh""><div><span><a data-event=""click"" data-for=""cashTag"" data-tip=""MNGA"" href=""/symbol/MNGA"" id=""MNGA-150561387-4699"">$MNGA</a></span> tried to tell y’all to take profits but nooooo, you didn’t want to listen, I don’t say thing just to say them, it’s from experience</div></div>"
DarthRend,False,2019-01-14 11:57:00,0.1778,"<div class=""MessageStreamView__body___2giLh""><div><span><a data-event=""click"" data-for=""cashTag"" data-tip=""MNGA"" href=""/symbol/MNGA"" id=""MNGA-150560723-4708"">$MNGA</a></span> R/S, price crash, de-listing, bankruptcy</div></div>"
PattrickTheHatTrick,True,2019-01-14 11:56:00,0.1774,"<div class=""MessageStreamView__body___2giLh""><div><span><a data-event=""click"" data-for=""cashTag"" data-tip=""MNGA"" href=""/symbol/MNGA"" id=""MNGA-150560585-4714"">$MNGA</a></span> <span><a data-event=""click"" data-for=""cashTag"" data-tip=""UGAZ"" href=""/symbol/UGAZ"" id=""UGAZ-150560585-4715"">$UGAZ</a></span> up today, I expect this stock to tag along, on a delay of course</div></div>"
We__will__see,False,2019-01-14 11:55:00,0.1781,"<div class=""MessageStreamView__body___2giLh""><div><span><a data-event=""click"" data-for=""cashTag"" data-tip=""MNGA"" href=""/symbol/MNGA"" id=""MNGA-150560457-4718"">$MNGA</a></span> give me 10 cents and i'm also in, for a great gamble! pls:)</div></div>"
1DogeIs1Doge,True,2019-01-14 11:53:00,0.1789,"<div class=""MessageStreamView__body___2giLh""><div><span><a data-event=""click"" data-for=""cashTag"" data-tip=""MNGA"" href=""/symbol/MNGA"" id=""MNGA-150560125-4727"">$MNGA</a></span></div></div>"
Rikkard12,True,2019-01-14 11:51:00,0.1791,"<div class=""MessageStreamView__body___2giLh""><div><span><a data-event=""click"" data-for=""cashTag"" data-tip=""MNGA"" href=""/symbol/MNGA"" id=""MNGA-150559836-4733"">$MNGA</a></span> <a data-event=""click"" href=""https://www.gasworld.com/magnegas-to-perform-live-product-demonstrations-at-adsw/2016093.article"" rel=""noopener nofollow"" target=""_blank"">https://www.gasworld.com/magnegas-to-perform-live-product-demonstrations-at-adsw/2016093.article</a></div></div>"
jslumar,True,2019-01-14 11:48:00,0.1791,"<div class=""MessageStreamView__body___2giLh""><div><span><a data-event=""click"" data-for=""cashTag"" data-tip=""MNGA"" href=""/symbol/MNGA"" id=""MNGA-150559428-4739"">$MNGA</a></span> are they at ADSW for sure? Do we have proof of this?</div></div>"
dollarking,True,2019-01-14 11:41:00,0.1787,"<div class=""MessageStreamView__body___2giLh""><div><span><a data-event=""click"" data-for=""cashTag"" data-tip=""MNGA"" href=""/symbol/MNGA"" id=""MNGA-150558384-4757"">$MNGA</a></span> Listen from 33.40, the Zayed sustainability prize:) that would be something:) <a data-event=""click"" href=""https://www.youtube.com/watch?v=mRrCzVlkrX4"" rel=""noopener nofollow"" target=""_blank"">youtube.com/watch?v=mRrCzVl...</a></div></div>"
TheBearSlayer,True,2019-01-14 11:40:00,0.1787,"<div class=""MessageStreamView__body___2giLh""><div><span><a data-event=""click"" data-for=""cashTag"" data-tip=""MNGA"" href=""/symbol/MNGA"" id=""MNGA-150558176-4763"">$MNGA</a></span> wish we could get a noon time PR about something big</div></div>"
derebear89,True,2019-01-14 11:38:00,0.1787,"<div class=""MessageStreamView__body___2giLh""><div><span><a data-event=""click"" data-for=""cashTag"" data-tip=""MNGA"" href=""/symbol/MNGA"" id=""MNGA-150557850-4769"">$MNGA</a></span> Because complaining is fun but we realize there is more to a company than its share holders, we dont really expect it to be ideal/easy</div></div>"
Tommyl,True,2019-01-14 11:36:00,0.1788,"<div class=""MessageStreamView__body___2giLh""><div><span><a data-event=""click"" data-for=""cashTag"" data-tip=""VLRX"" href=""/symbol/VLRX"" id=""VLRX-150557486-4778"">$VLRX</a></span> <span><a data-event=""click"" data-for=""cashTag"" data-tip=""PIR"" href=""/symbol/PIR"" id=""PIR-150557486-4779"">$PIR</a></span> <span><a data-event=""click"" data-for=""cashTag"" data-tip=""RAD"" href=""/symbol/RAD"" id=""RAD-150557486-4780"">$RAD</a></span> <span><a data-event=""click"" data-for=""cashTag"" data-tip=""PTN"" href=""/symbol/PTN"" id=""PTN-150557486-4781"">$PTN</a></span> <span><a data-event=""click"" data-for=""cashTag"" data-tip=""MNGA"" href=""/symbol/MNGA"" id=""MNGA-150557486-4782"">$MNGA</a></span> <span><a data-event=""click"" data-for=""cashTag"" data-tip=""MOSY"" href=""/symbol/MOSY"" id=""MOSY-150557486-4783"">$MOSY</a></span> <span><a data-event=""click"" data-for=""cashTag"" data-tip=""BPMX"" href=""/symbol/BPMX"" id=""BPMX-150557486-4784"">$BPMX</a></span> <span><a data-event=""click"" data-for=""cashTag"" data-tip=""HSGX"" href=""/symbol/HSGX"" id=""HSGX-150557486-4785"">$HSGX</a></span> watch volumes</div></div>"
Deuces,True,2019-01-14 11:35:00,0.1796,"<div class=""MessageStreamView__body___2giLh""><div><span><a data-event=""click"" data-for=""cashTag"" data-tip=""MNGA"" href=""/symbol/MNGA"" id=""MNGA-150557357-4788"">$MNGA</a></span> keep pushing bulls. Accumulating nicely before a quick move up</div></div>"
Truth715,True,2019-01-14 11:34:00,0.1795,"<div class=""MessageStreamView__body___2giLh""><div><span><a data-event=""click"" data-for=""cashTag"" data-tip=""MNGA"" href=""/symbol/MNGA"" id=""MNGA-150557326-4791"">$MNGA</a></span> miss the good old days when we hung around 30 cents.</div></div>"
cinder443,True,2019-01-14 11:34:00,0.1795,"<div class=""MessageStreamView__body___2giLh""><div><span><a data-event=""click"" data-for=""cashTag"" data-tip=""MNGA"" href=""/symbol/MNGA"" id=""MNGA-150557295-4794"">$MNGA</a></span> lunch time almost 10 mil volume. lets see where afternoon brings us</div></div>"
leotrece,True,2019-01-14 11:28:00,0.1765,"<div class=""MessageStreamView__body___2giLh""><div><span><a data-event=""click"" data-for=""cashTag"" data-tip=""MNGA"" href=""/symbol/MNGA"" id=""MNGA-150556377-4800"">$MNGA</a></span> <span><a data-event=""click"" data-for=""cashTag"" data-tip=""TOPS"" href=""/symbol/TOPS"" id=""TOPS-150556377-4801"">$TOPS</a></span> <span><a data-event=""click"" data-for=""cashTag"" data-tip=""AYTU"" href=""/symbol/AYTU"" id=""AYTU-150556377-4802"">$AYTU</a></span> Cuando el río suena es porque piedras trae 😉</div></div>"
DialATutor2005,True,2019-01-14 11:27:00,0.177,"<div class=""MessageStreamView__body___2giLh""><div><span><a data-event=""click"" data-for=""cashTag"" data-tip=""MNGA"" href=""/symbol/MNGA"" id=""MNGA-150556119-4805"">$MNGA</a></span> fasten ur seatbelts. Emergency landing.</div></div>"
MSC4speed,True,2019-01-14 11:26:00,0.177,"<div class=""MessageStreamView__body___2giLh""><div><span><a data-event=""click"" data-for=""cashTag"" data-tip=""OHGI"" href=""/symbol/OHGI"" id=""OHGI-150556066-4808"">$OHGI</a></span> <span><a data-event=""click"" data-for=""cashTag"" data-tip=""BPMX"" href=""/symbol/BPMX"" id=""BPMX-150556066-4809"">$BPMX</a></span> <span><a data-event=""click"" data-for=""cashTag"" data-tip=""MNGA"" href=""/symbol/MNGA"" id=""MNGA-150556066-4810"">$MNGA</a></span> <span><a data-event=""click"" data-for=""cashTag"" data-tip=""HSGX"" href=""/symbol/HSGX"" id=""HSGX-150556066-4811"">$HSGX</a></span> just a matter of time...</div></div>"
Kb89,True,2019-01-14 11:24:00,0.1784,"<div class=""MessageStreamView__body___2giLh""><div><span><a data-event=""click"" data-for=""cashTag"" data-tip=""MNGA"" href=""/symbol/MNGA"" id=""MNGA-150555692-4826"">$MNGA</a></span> keep selling me those discount shares!</div></div>"
cadyd1,True,2019-01-14 11:24:00,0.1784,"<div class=""MessageStreamView__body___2giLh""><div><span><a data-event=""click"" data-for=""cashTag"" data-tip=""MNGA"" href=""/symbol/MNGA"" id=""MNGA-150555664-4829"">$MNGA</a></span> bulls are holding .20 plus...... for anyone wondering</div></div>"
AllIn15,True,2019-01-14 11:23:00,0.1781,"<div class=""MessageStreamView__body___2giLh""><div><span><a data-event=""click"" data-for=""cashTag"" data-tip=""MNGA"" href=""/symbol/MNGA"" id=""MNGA-150555537-4835"">$MNGA</a></span> dont let bears scare you... when investor buys in for $4.3m, just wait for next PR, something good is coming. ignore the ups and downs</div></div>"
TheBearSlayer,True,2019-01-14 11:22:00,0.1779,"<div class=""MessageStreamView__body___2giLh""><div><span><a data-event=""click"" data-for=""cashTag"" data-tip=""MNGA"" href=""/symbol/MNGA"" id=""MNGA-150555395-4844"">$MNGA</a></span> what I am trying to understand is that this CO is in the best position its been in in its history and the price is at all time low 🤔</div></div>"
DonnyBrasco,True,2019-01-14 11:22:00,0.1779,"<div class=""MessageStreamView__body___2giLh""><div><span><a data-event=""click"" data-for=""cashTag"" data-tip=""MNGA"" href=""/symbol/MNGA"" id=""MNGA-150555343-4850"">$MNGA</a></span> <span><a data-event=""click"" data-for=""cashTag"" data-tip=""IDXG"" href=""/symbol/IDXG"" id=""IDXG-150555343-4851"">$IDXG</a></span> <span><a data-event=""click"" data-for=""cashTag"" data-tip=""RGSE"" href=""/symbol/RGSE"" id=""RGSE-150555343-4852"">$RGSE</a></span> If it was this easy to make money in the market, everybody would be doing it. Know what you own and be PAYtient 💰💴</div></div>"
Kimochii,True,2019-01-14 11:20:00,0.1788,"<div class=""MessageStreamView__body___2giLh""><div><span><a data-event=""click"" data-for=""cashTag"" data-tip=""MNGA"" href=""/symbol/MNGA"" id=""MNGA-150555024-4864"">$MNGA</a></span> 40k in .18</div></div>"
Jbird69420247,True,2019-01-14 11:19:00,0.1791,"<div class=""MessageStreamView__body___2giLh""><div><span><a data-event=""click"" data-for=""cashTag"" data-tip=""MNGA"" href=""/symbol/MNGA"" id=""MNGA-150554931-4867"">$MNGA</a></span> most of us bulls are bag holders. And the rest bought in under .20. 😂🤦🏽‍♂️💎</div></div>"
DialATutor2005,True,2019-01-14 11:15:00,0.1787,"<div class=""MessageStreamView__body___2giLh""><div><span><a data-event=""click"" data-for=""cashTag"" data-tip=""MNGA"" href=""/symbol/MNGA"" id=""MNGA-150554142-4894"">$MNGA</a></span> everything u gained u about to lose..</div></div>"
kokokaka,True,2019-01-14 11:12:00,0.1783,"<div class=""MessageStreamView__body___2giLh""><div><span><a data-event=""click"" data-for=""cashTag"" data-tip=""MNGA"" href=""/symbol/MNGA"" id=""MNGA-150553747-4903"">$MNGA</a></span> </div></div>"
jpa11764,True,2019-01-14 11:11:00,0.18,"<div class=""MessageStreamView__body___2giLh""><div><span><a data-event=""click"" data-for=""cashTag"" data-tip=""MNGA"" href=""/symbol/MNGA"" id=""MNGA-150553556-4913"">$MNGA</a></span> It’s 8pm in In UAE, any rumors on first day?</div></div>"
TheBearSlayer,True,2019-01-14 11:10:00,0.1799,"<div class=""MessageStreamView__body___2giLh""><div><span><a data-event=""click"" data-for=""cashTag"" data-tip=""MNGA"" href=""/symbol/MNGA"" id=""MNGA-150553419-4916"">$MNGA</a></span> red tide news or Abu Dhabi news. Please and thank you. Until then. Yeah fahhhhhk</div></div>"
We__will__see,False,2019-01-14 11:10:00,0.1799,"<div class=""MessageStreamView__body___2giLh""><div><span><a data-event=""click"" data-for=""cashTag"" data-tip=""MNGA"" href=""/symbol/MNGA"" id=""MNGA-150553418-4919"">$MNGA</a></span> guys, how can u believe after all in this company? no answers, no news, to many shares, we'll see 10 cent. sold my shares</div></div>"
1DogeIs1Doge,True,2019-01-14 11:08:00,0.1798,"<div class=""MessageStreamView__body___2giLh""><div><span><a data-event=""click"" data-for=""cashTag"" data-tip=""MNGA"" href=""/symbol/MNGA"" id=""MNGA-150553130-4928"">$MNGA</a></span> I'm thinking low .20s end of the day looking at volume and the chart</div></div>"
DirtyBelfort,True,2019-01-14 11:06:00,0.1799,"<div class=""MessageStreamView__body___2giLh""><div><span><a data-event=""click"" data-for=""cashTag"" data-tip=""MNGA"" href=""/symbol/MNGA"" id=""MNGA-150552848-4931"">$MNGA</a></span> 50,000 bid to help u guys out</div></div>"
DarthRend,False,2019-01-14 11:02:00,0.18,"<div class=""MessageStreamView__body___2giLh""><div><span><a data-event=""click"" data-for=""cashTag"" data-tip=""MNGA"" href=""/symbol/MNGA"" id=""MNGA-150552183-4950"">$MNGA</a></span> Maybe they can start a Go-Fund Me account to raise revenue.</div></div>"
Wishyluck,True,2019-01-14 11:01:00,0.1805,"<div class=""MessageStreamView__body___2giLh""><div><span><a data-event=""click"" data-for=""cashTag"" data-tip=""MNGA"" href=""/symbol/MNGA"" id=""MNGA-150552018-4956"">$MNGA</a></span></div></div>"
DarthRend,False,2019-01-14 10:52:00,0.1815,"<div class=""MessageStreamView__body___2giLh""><div><span><a data-event=""click"" data-for=""cashTag"" data-tip=""MNGA"" href=""/symbol/MNGA"" id=""MNGA-150550599-4971"">$MNGA</a></span> Trash! Headed for de-listing. Don't be a sucker here.</div></div>"
fisherman17,True,2019-01-14 10:48:00,0.1801,"<div class=""MessageStreamView__body___2giLh""><div><span><a data-event=""click"" data-for=""cashTag"" data-tip=""MNGA"" href=""/symbol/MNGA"" id=""MNGA-150549820-4977"">$MNGA</a></span> Busy or not, Santilli is still dropping twitter bombs today like he has been all week. Twitter is the PR news station without the SEC.</div></div>"
JMOEmoney,True,2019-01-14 10:47:00,0.18,"<div class=""MessageStreamView__body___2giLh""><div><span><a data-event=""click"" data-for=""cashTag"" data-tip=""MNGA"" href=""/symbol/MNGA"" id=""MNGA-150549735-4980"">$MNGA</a></span> Got back in under .18!</div></div>"
PigProfit,True,2019-01-14 10:47:00,0.18,"<div class=""MessageStreamView__body___2giLh""><div><span><a data-event=""click"" data-for=""cashTag"" data-tip=""MNGA"" href=""/symbol/MNGA"" id=""MNGA-150549625-4989"">$MNGA</a></span> .18 holding strong big build will leg up soon</div></div>"
cinder443,True,2019-01-14 10:43:00,0.18,"<div class=""MessageStreamView__body___2giLh""><div><span><a data-event=""click"" data-for=""cashTag"" data-tip=""MNGA"" href=""/symbol/MNGA"" id=""MNGA-150549066-4992"">$MNGA</a></span> why would i sell with a .1629 avg. im not losing that AVG. not on this stock LOL</div></div>"
kokokaka,True,2019-01-14 10:39:00,0.18,"<div class=""MessageStreamView__body___2giLh""><div><span><a data-event=""click"" data-for=""cashTag"" data-tip=""MNGA"" href=""/symbol/MNGA"" id=""MNGA-150548383-5007"">$MNGA</a></span> Information for panic people: if you look on the daily chart, it is actually bouncing back but slowly.</div></div>"
stock_market_guru,True,2019-01-14 10:39:00,0.18,"<div class=""MessageStreamView__body___2giLh""><div><span><a data-event=""click"" data-for=""cashTag"" data-tip=""MNGA"" href=""/symbol/MNGA"" id=""MNGA-150548286-5010"">$MNGA</a></span> feels like some 'bullish' kids need some more patience. this stock will go up IF the q4 2018 and 2019 is gonna be a good year.</div></div>"
elejosh,True,2019-01-14 10:38:00,0.18,"<div class=""MessageStreamView__body___2giLh""><div><span><a data-event=""click"" data-for=""cashTag"" data-tip=""MNGA"" href=""/symbol/MNGA"" id=""MNGA-150548144-5013"">$MNGA</a></span> Conference starts today ends on 17th. We will probably hear something after that.</div></div>"
ParadoxParadigm,True,2019-01-14 10:37:00,0.1805,"<div class=""MessageStreamView__body___2giLh""><div><span><a data-event=""click"" data-for=""cashTag"" data-tip=""MNGA"" href=""/symbol/MNGA"" id=""MNGA-150548051-5016"">$MNGA</a></span> </div></div>"
DirtyBelfort,True,2019-01-14 10:37:00,0.1805,"<div class=""MessageStreamView__body___2giLh""><div><span><a data-event=""click"" data-for=""cashTag"" data-tip=""MNGA"" href=""/symbol/MNGA"" id=""MNGA-150547935-5019"">$MNGA</a></span> some people actually have no intelligence on here</div></div>"
honcho_juice,True,2019-01-14 10:34:00,0.1809,"<div class=""MessageStreamView__body___2giLh""><div><span><a data-event=""click"" data-for=""cashTag"" data-tip=""MNGA"" href=""/symbol/MNGA"" id=""MNGA-150547403-5025"">$MNGA</a></span> price should be fluctuating between .29 and .37 if you ask me. But wyd do I know. Just been watching this 💩 burn, pun intended lol</div></div>"
TheBearSlayer,True,2019-01-14 10:31:00,0.1801,"<div class=""MessageStreamView__body___2giLh""><div><span><a data-event=""click"" data-for=""cashTag"" data-tip=""MNGA"" href=""/symbol/MNGA"" id=""MNGA-150547011-5034"">$MNGA</a></span> needs news. Until we get it its MMs rape.</div></div>"
crazyedd707,True,2019-01-14 10:23:00,0.1816,"<div class=""MessageStreamView__body___2giLh""><div><span><a data-event=""click"" data-for=""cashTag"" data-tip=""MNGA"" href=""/symbol/MNGA"" id=""MNGA-150545814-5056"">$MNGA</a></span> abu dhabi + ir + bullish charts = 🚀🚀🚀</div></div>"
TheBearSlayer,True,2019-01-14 10:22:00,0.1838,"<div class=""MessageStreamView__body___2giLh""><div><span><a data-event=""click"" data-for=""cashTag"" data-tip=""MNGA"" href=""/symbol/MNGA"" id=""MNGA-150545622-5065"">$MNGA</a></span> longs. If you didn't panic sell Friday,  why would you today?</div></div>"
Tradesmenjoe,True,2019-01-14 10:21:00,0.1839,"<div class=""MessageStreamView__body___2giLh""><div><span><a data-event=""click"" data-for=""cashTag"" data-tip=""MNGA"" href=""/symbol/MNGA"" id=""MNGA-150545511-5068"">$MNGA</a></span> I think we’ll remain stagnant till some news comes out about Abu Dhabi</div></div>"
cadyd1,True,2019-01-14 10:20:00,0.1835,"<div class=""MessageStreamView__body___2giLh""><div><span><a data-event=""click"" data-for=""cashTag"" data-tip=""MNGA"" href=""/symbol/MNGA"" id=""MNGA-150545407-5071"">$MNGA</a></span> I’m holding,  shorts today should be expected after dip on Friday.  Shaking weak bulls out of position</div></div>"
AustinR98,True,2019-01-14 10:19:00,0.1835,"<div class=""MessageStreamView__body___2giLh""><div><span><a data-event=""click"" data-for=""cashTag"" data-tip=""MNGA"" href=""/symbol/MNGA"" id=""MNGA-150545250-5083"">$MNGA</a></span> Just have to Survive to end of week.</div></div>"
DirtyBelfort,True,2019-01-14 10:19:00,0.1835,"<div class=""MessageStreamView__body___2giLh""><div><span><a data-event=""click"" data-for=""cashTag"" data-tip=""MNGA"" href=""/symbol/MNGA"" id=""MNGA-150545185-5086"">$MNGA</a></span> give me a valid reason to short this stock cuz if you just buy, then u actually make money</div></div>"
Chuckheap,True,2019-01-14 10:18:00,0.1818,"<div class=""MessageStreamView__body___2giLh""><div><span><a data-event=""click"" data-for=""cashTag"" data-tip=""MNGA"" href=""/symbol/MNGA"" id=""MNGA-150545031-5093"">$MNGA</a></span> dark lord Satan, use your power and make MNGA go up. I have given into the greed. Now do your part!</div></div>"
MakingMoneyMama,True,2019-01-14 10:14:00,0.1815,"<div class=""MessageStreamView__body___2giLh""><div><span><a data-event=""click"" data-for=""cashTag"" data-tip=""MNGA"" href=""/symbol/MNGA"" id=""MNGA-150544359-5096"">$MNGA</a></span></div></div>"
cinder443,True,2019-01-14 10:13:00,0.1816,"<div class=""MessageStreamView__body___2giLh""><div><span><a data-event=""click"" data-for=""cashTag"" data-tip=""MNGA"" href=""/symbol/MNGA"" id=""MNGA-150544157-5111"">$MNGA</a></span> already 5.3 mil volume wasy 20 mil+ volume today</div></div>"
crazyedd707,True,2019-01-14 10:13:00,0.1816,"<div class=""MessageStreamView__body___2giLh""><div><span><a data-event=""click"" data-for=""cashTag"" data-tip=""MNGA"" href=""/symbol/MNGA"" id=""MNGA-150544087-5114"">$MNGA</a></span> charts still looking bullish</div></div>"
crazyedd707,True,2019-01-14 10:12:00,0.1818,"<div class=""MessageStreamView__body___2giLh""><div><span><a data-event=""click"" data-for=""cashTag"" data-tip=""MNGA"" href=""/symbol/MNGA"" id=""MNGA-150543972-5117"">$MNGA</a></span> hold on to ur manginas, we r going up</div></div>"
snack_man,True,2019-01-14 10:12:00,0.1818,"<div class=""MessageStreamView__body___2giLh""><div><span><a data-event=""click"" data-for=""cashTag"" data-tip=""MNGA"" href=""/symbol/MNGA"" id=""MNGA-150543946-5120"">$MNGA</a></span> Maybe God doesn't care about stocks but He is interested in this one because of how it's going to help humanity.</div></div>"
1DogeIs1Doge,True,2019-01-14 10:11:00,0.1838,"<div class=""MessageStreamView__body___2giLh""><div><span><a data-event=""click"" data-for=""cashTag"" data-tip=""MNGA"" href=""/symbol/MNGA"" id=""MNGA-150543797-5123"">$MNGA</a></span> everyone bring their hiking boots? The rocket ship broke down, looks like we're slow climbing</div></div>"
cinder443,True,2019-01-14 10:11:00,0.1838,"<div class=""MessageStreamView__body___2giLh""><div><span><a data-event=""click"" data-for=""cashTag"" data-tip=""MNGA"" href=""/symbol/MNGA"" id=""MNGA-150543729-5129"">$MNGA</a></span> just wait. panic sellers plus bears selling. they will cover and this will go up</div></div>"
AsylumPlz,True,2019-01-14 10:09:00,0.1802,"<div class=""MessageStreamView__body___2giLh""><div><span><a data-event=""click"" data-for=""cashTag"" data-tip=""MNGA"" href=""/symbol/MNGA"" id=""MNGA-150543373-5141"">$MNGA</a></span> god do i avg down or just sit here and cry about how much im down?</div></div>"
Tomtheslave,True,2019-01-14 10:08:00,0.1805,"<div class=""MessageStreamView__body___2giLh""><div><span><a data-event=""click"" data-for=""cashTag"" data-tip=""MNGA"" href=""/symbol/MNGA"" id=""MNGA-150543232-5150"">$MNGA</a></span></div></div>"
BakHak010010,True,2019-01-14 10:08:00,0.1805,"<div class=""MessageStreamView__body___2giLh""><div><span><a data-event=""click"" data-for=""cashTag"" data-tip=""MNGA"" href=""/symbol/MNGA"" id=""MNGA-150543181-5153"">$MNGA</a></span> looks like it wants to creep bk up!</div></div>"
snack_man,True,2019-01-14 10:07:00,0.181,"<div class=""MessageStreamView__body___2giLh""><div><span><a data-event=""click"" data-for=""cashTag"" data-tip=""MNGA"" href=""/symbol/MNGA"" id=""MNGA-150542946-5162"">$MNGA</a></span> Life and death are in the power of the tongue. Those who love it will eat the fruit there of. Speak life into this.</div></div>"
ParadoxParadigm,True,2019-01-14 10:06:00,0.1809,"<div class=""MessageStreamView__body___2giLh""><div><span><a data-event=""click"" data-for=""cashTag"" data-tip=""MNGA"" href=""/symbol/MNGA"" id=""MNGA-150542852-5171"">$MNGA</a></span> wow I might have to open a position here, it’s basically free money at this point!</div></div>"
PigProfit,True,2019-01-14 10:06:00,0.1809,"<div class=""MessageStreamView__body___2giLh""><div><span><a data-event=""click"" data-for=""cashTag"" data-tip=""MNGA"" href=""/symbol/MNGA"" id=""MNGA-150542785-5177"">$MNGA</a></span>  time to get in if you missed those .17’s</div></div>"
barre,True,2019-01-14 10:05:00,0.1807,"<div class=""MessageStreamView__body___2giLh""><div><span><a data-event=""click"" data-for=""cashTag"" data-tip=""MNGA"" href=""/symbol/MNGA"" id=""MNGA-150542510-5192"">$MNGA</a></span> real volume -- about time.</div></div>"
TheBearSlayer,True,2019-01-14 10:03:00,0.1795,"<div class=""MessageStreamView__body___2giLh""><div><span><a data-event=""click"" data-for=""cashTag"" data-tip=""MNGA"" href=""/symbol/MNGA"" id=""MNGA-150542328-5201"">$MNGA</a></span> put out some F****** positive  PR .</div></div>"
DirtyBelfort,True,2019-01-14 10:03:00,0.1795,"<div class=""MessageStreamView__body___2giLh""><div><span><a data-event=""click"" data-for=""cashTag"" data-tip=""MNGA"" href=""/symbol/MNGA"" id=""MNGA-150542321-5204"">$MNGA</a></span> just let it run, bears are purposely doing this</div></div>"
Titans18,False,2019-01-14 10:02:00,0.1775,"<div class=""MessageStreamView__body___2giLh""><div><span><a data-event=""click"" data-for=""cashTag"" data-tip=""MNGA"" href=""/symbol/MNGA"" id=""MNGA-150542177-5216"">$MNGA</a></span> to think I was getting nervous this weekend about having not cover lol, management has our back bears let it rip .10-.14 incoming</div></div>"
snack_man,True,2019-01-14 10:02:00,0.1775,"<div class=""MessageStreamView__body___2giLh""><div><span><a data-event=""click"" data-for=""cashTag"" data-tip=""MNGA"" href=""/symbol/MNGA"" id=""MNGA-150542125-5219"">$MNGA</a></span> company offering is a last ditch gambling effort for a potential merger/buyer.
Hold on. Our deliverance is coming. Huge</div></div>"
louisd217,True,2019-01-14 10:02:00,0.1775,"<div class=""MessageStreamView__body___2giLh""><div><span><a data-event=""click"" data-for=""cashTag"" data-tip=""MNGA"" href=""/symbol/MNGA"" id=""MNGA-150542060-5226"">$MNGA</a></span> Here's your chance at a few more cheap shares. Get em while you can.</div></div>"
Titans18,False,2019-01-14 10:01:00,0.176,"<div class=""MessageStreamView__body___2giLh""><div><span><a data-event=""click"" data-for=""cashTag"" data-tip=""MNGA"" href=""/symbol/MNGA"" id=""MNGA-150541959-5229"">$MNGA</a></span> what did I tell y’all on Friday, greed got the best of y’all smh</div></div>"
DirtyBelfort,True,2019-01-14 10:01:00,0.176,"<div class=""MessageStreamView__body___2giLh""><div><span><a data-event=""click"" data-for=""cashTag"" data-tip=""MNGA"" href=""/symbol/MNGA"" id=""MNGA-150541941-5235"">$MNGA</a></span> really dont get this stock, prob all the fucking bears cant stand idiot's</div></div>"
crazyedd707,True,2019-01-14 10:01:00,0.176,"<div class=""MessageStreamView__body___2giLh""><div><span><a data-event=""click"" data-for=""cashTag"" data-tip=""MNGA"" href=""/symbol/MNGA"" id=""MNGA-150541897-5238"">$MNGA</a></span> charts looking bullish, we will see</div></div>"
DialATutor2005,True,2019-01-14 10:01:00,0.176,"<div class=""MessageStreamView__body___2giLh""><div><span><a data-event=""click"" data-for=""cashTag"" data-tip=""MNGA"" href=""/symbol/MNGA"" id=""MNGA-150541882-5241"">$MNGA</a></span> lookout below. Got out at .20.</div></div>"
StockInspector,True,2019-01-14 10:00:00,0.1751,"<div class=""MessageStreamView__body___2giLh""><div><span><a data-event=""click"" data-for=""cashTag"" data-tip=""MNGA"" href=""/symbol/MNGA"" id=""MNGA-150541819-5244"">$MNGA</a></span> ah that's what i like to see</div></div>"
CitadelAdv,True,2019-01-14 10:00:00,0.1751,"<div class=""MessageStreamView__body___2giLh""><div><span><a data-event=""click"" data-for=""cashTag"" data-tip=""MNGA"" href=""/symbol/MNGA"" id=""MNGA-150541773-5247"">$MNGA</a></span> Scoop scoop scoop! 👌</div></div>"
TheBearSlayer,True,2019-01-14 10:00:00,0.1751,"<div class=""MessageStreamView__body___2giLh""><div><span><a data-event=""click"" data-for=""cashTag"" data-tip=""MNGA"" href=""/symbol/MNGA"" id=""MNGA-150541766-5250"">$MNGA</a></span> how does SSR work. I feel like its just  a key to short a stock extra lol</div></div>"
Limeiscool,True,2019-01-14 09:59:00,0.1774,"<div class=""MessageStreamView__body___2giLh""><div><span><a data-event=""click"" data-for=""cashTag"" data-tip=""MNGA"" href=""/symbol/MNGA"" id=""MNGA-150541515-5256"">$MNGA</a></span> go sell panic sellers im buying it nice price 🙏🏼</div></div>"
DirtyBelfort,True,2019-01-14 09:58:00,0.176,"<div class=""MessageStreamView__body___2giLh""><div><span><a data-event=""click"" data-for=""cashTag"" data-tip=""MNGA"" href=""/symbol/MNGA"" id=""MNGA-150541507-5259"">$MNGA</a></span> how are people still selling</div></div>"
rwagner4604,False,2019-01-14 09:58:00,0.176,"<div class=""MessageStreamView__body___2giLh""><div><span><a data-event=""click"" data-for=""cashTag"" data-tip=""MNGA"" href=""/symbol/MNGA"" id=""MNGA-150541399-5268"">$MNGA</a></span> if your entire investment in a company hinges on a trade show, its probably a garbage stock</div></div>"
tradermania,True,2019-01-14 09:58:00,0.176,"<div class=""MessageStreamView__body___2giLh""><div><span><a data-event=""click"" data-for=""cashTag"" data-tip=""MNGA"" href=""/symbol/MNGA"" id=""MNGA-150541357-5271"">$MNGA</a></span> in and out of mnga $$$..will get in on dip. Check out IPCI,thank me later. .jmo</div></div>"
Tomtheslave,True,2019-01-14 09:55:00,0.1819,"<div class=""MessageStreamView__body___2giLh""><div><span><a data-event=""click"" data-for=""cashTag"" data-tip=""MNGA"" href=""/symbol/MNGA"" id=""MNGA-150540897-5283"">$MNGA</a></span> been in and out riding waves for months. I'm holding this time. May gonna be mad money.</div></div>"
bullsofwallst1,True,2019-01-14 09:54:00,0.182,"<div class=""MessageStreamView__body___2giLh""><div><span><a data-event=""click"" data-for=""cashTag"" data-tip=""MNGA"" href=""/symbol/MNGA"" id=""MNGA-150540712-5286"">$MNGA</a></span> our rise will not happen till about after lunch to early in the day</div></div>"
BingoBoy,True,2019-01-14 09:53:00,0.1829,"<div class=""MessageStreamView__body___2giLh""><div><span><a data-event=""click"" data-for=""cashTag"" data-tip=""MNGA"" href=""/symbol/MNGA"" id=""MNGA-150540444-5295"">$MNGA</a></span> some thing is cooking. I don't know what.</div></div>"
DirtyBelfort,True,2019-01-14 09:51:00,0.1829,"<div class=""MessageStreamView__body___2giLh""><div><span><a data-event=""click"" data-for=""cashTag"" data-tip=""MNGA"" href=""/symbol/MNGA"" id=""MNGA-150540195-5301"">$MNGA</a></span> bid comin in</div></div>"
Moneybee,True,2019-01-14 09:50:00,0.1825,"<div class=""MessageStreamView__body___2giLh""><div><span><a data-event=""click"" data-for=""cashTag"" data-tip=""MNGA"" href=""/symbol/MNGA"" id=""MNGA-150540005-5307"">$MNGA</a></span> read all of the new that came out last week the offering at .14 doesn’t close till the 15th I expected PR just MHO!</div></div>"
Squidward_Tennisballs,False,2019-01-14 09:49:00,0.1829,"<div class=""MessageStreamView__body___2giLh""><div><span><a data-event=""click"" data-for=""cashTag"" data-tip=""MNGA"" href=""/symbol/MNGA"" id=""MNGA-150539745-5310"">$MNGA</a></span> the fact that the CEO blatantly lied to all of you with “no more dilution” promise and you are still bullish, just astounds me</div></div>"
TheBearSlayer,True,2019-01-14 09:48:00,0.1829,"<div class=""MessageStreamView__body___2giLh""><div><span><a data-event=""click"" data-for=""cashTag"" data-tip=""MNGA"" href=""/symbol/MNGA"" id=""MNGA-150539511-5313"">$MNGA</a></span> This was posted same day as offering. I think our investor is the scientific partner.</div></div>"
MrAardvark,True,2019-01-14 09:48:00,0.1829,"<div class=""MessageStreamView__body___2giLh""><div><span><a data-event=""click"" data-for=""cashTag"" data-tip=""MNGA"" href=""/symbol/MNGA"" id=""MNGA-150539507-5316"">$MNGA</a></span> volume is picking up. I’d like to see if this has any legs or not. Ready for first pump up!</div></div>"
snack_man,True,2019-01-14 09:47:00,0.1835,"<div class=""MessageStreamView__body___2giLh""><div><span><a data-event=""click"" data-for=""cashTag"" data-tip=""MNGA"" href=""/symbol/MNGA"" id=""MNGA-150539427-5322"">$MNGA</a></span> reminds me of the freshman football team that had all the right pieces but could never win a game. Pray</div></div>"
crazyedd707,True,2019-01-14 09:47:00,0.1835,"<div class=""MessageStreamView__body___2giLh""><div><span><a data-event=""click"" data-for=""cashTag"" data-tip=""MNGA"" href=""/symbol/MNGA"" id=""MNGA-150539382-5325"">$MNGA</a></span> slap that ass</div></div>"
TheBearSlayer,True,2019-01-14 09:45:00,0.1851,"<div class=""MessageStreamView__body___2giLh""><div><span><a data-event=""click"" data-for=""cashTag"" data-tip=""MNGA"" href=""/symbol/MNGA"" id=""MNGA-150539021-5334"">$MNGA</a></span> I cant seem to find what institute investor got in, anyone know who?</div></div>"
snack_man,True,2019-01-14 09:44:00,0.1862,"<div class=""MessageStreamView__body___2giLh""><div><span><a data-event=""click"" data-for=""cashTag"" data-tip=""MNGA"" href=""/symbol/MNGA"" id=""MNGA-150538940-5337"">$MNGA</a></span> we could have a really great team here w everyone making thousands instead of just rent money but too much looking out for number 1</div></div>"
Tomtentimes,True,2019-01-14 09:44:00,0.1862,"<div class=""MessageStreamView__body___2giLh""><div><span><a data-event=""click"" data-for=""cashTag"" data-tip=""MNGA"" href=""/symbol/MNGA"" id=""MNGA-150538937-5340"">$MNGA</a></span> my goooooo</div></div>"
1DogeIs1Doge,True,2019-01-14 09:44:00,0.1862,"<div class=""MessageStreamView__body___2giLh""><div><span><a data-event=""click"" data-for=""cashTag"" data-tip=""MNGA"" href=""/symbol/MNGA"" id=""MNGA-150538814-5343"">$MNGA</a></span> locked and loaded. whatever happens, happens</div></div>"
jake198618,True,2019-01-14 09:43:00,0.1863,"<div class=""MessageStreamView__body___2giLh""><div><span><a data-event=""click"" data-for=""cashTag"" data-tip=""MNGA"" href=""/symbol/MNGA"" id=""MNGA-150538675-5346"">$MNGA</a></span> scared money don’t make money</div></div>"
fisherman17,True,2019-01-14 09:43:00,0.1863,"<div class=""MessageStreamView__body___2giLh""><div><span><a data-event=""click"" data-for=""cashTag"" data-tip=""MNGA"" href=""/symbol/MNGA"" id=""MNGA-150538666-5349"">$MNGA</a></span> Good morning magne-fam. Lets have a great day today! JB and Bear, dont get worked up on everyone else's stupidity. We know whats up 😎</div></div>"
Tomtentimes,True,2019-01-14 09:42:00,0.1861,"<div class=""MessageStreamView__body___2giLh""><div><span><a data-event=""click"" data-for=""cashTag"" data-tip=""MNGA"" href=""/symbol/MNGA"" id=""MNGA-150538546-5352"">$MNGA</a></span> <span><a data-event=""click"" data-for=""cashTag"" data-tip=""UGAZ"" href=""/symbol/UGAZ"" id=""UGAZ-150538546-5353"">$UGAZ</a></span></div></div>"
Oalba,True,2019-01-14 09:41:00,0.1864,"<div class=""MessageStreamView__body___2giLh""><div><span><a data-event=""click"" data-for=""cashTag"" data-tip=""MNGA"" href=""/symbol/MNGA"" id=""MNGA-150538367-5356"">$MNGA</a></span> this <span class=""UserProfileLink__container___2JY3s""><a data-event=""click"" href=""/spicygoo"" id=""user-profile-spicygoo-1547603927030-5357"">@spicygoo</a></span> guy just won’t quit. Ok you’re bearish about it then take your money and go somewhere else. Stop posting in here...</div></div>"
spicygoo,False,2019-01-14 09:39:00,0.1891,"<div class=""MessageStreamView__body___2giLh""><div><span><a data-event=""click"" data-for=""cashTag"" data-tip=""MNGA"" href=""/symbol/MNGA"" id=""MNGA-150538056-5363"">$MNGA</a></span> there it is...
looking for re entry at .16</div></div>"
TheBearSlayer,True,2019-01-14 09:38:00,0.1868,"<div class=""MessageStreamView__body___2giLh""><div><span><a data-event=""click"" data-for=""cashTag"" data-tip=""MNGA"" href=""/symbol/MNGA"" id=""MNGA-150537924-5366"">$MNGA</a></span> easy .50 EOW</div></div>"
Scjaghab26,False,2019-01-14 09:38:00,0.1868,"<div class=""MessageStreamView__body___2giLh""><div><span><a data-event=""click"" data-for=""cashTag"" data-tip=""MNGA"" href=""/symbol/MNGA"" id=""MNGA-150537909-5369"">$MNGA</a></span> garbage</div></div>"
PigProfit,True,2019-01-14 09:35:00,0.1878,"<div class=""MessageStreamView__body___2giLh""><div><span><a data-event=""click"" data-for=""cashTag"" data-tip=""MNGA"" href=""/symbol/MNGA"" id=""MNGA-150537409-5381"">$MNGA</a></span>  see the HOD I bet clays 👀 and other shorts are shorting @ .20 down gotta slap ask past .20 bulls 👋🏻</div></div>"
AsylumPlz,True,2019-01-14 09:35:00,0.1878,"<div class=""MessageStreamView__body___2giLh""><div><span><a data-event=""click"" data-for=""cashTag"" data-tip=""MNGA"" href=""/symbol/MNGA"" id=""MNGA-150537405-5384"">$MNGA</a></span> iv held you like my child for so long. WHY WONT YOU GROW UP? Please dont kill me magne or my investment ;(</div></div>"
GoingforGains79,True,2019-01-14 09:35:00,0.1878,"<div class=""MessageStreamView__body___2giLh""><div><span><a data-event=""click"" data-for=""cashTag"" data-tip=""MNGA"" href=""/symbol/MNGA"" id=""MNGA-150537373-5390"">$MNGA</a></span> I see green!</div></div>"
louisd217,True,2019-01-14 09:34:00,0.189,"<div class=""MessageStreamView__body___2giLh""><div><span><a data-event=""click"" data-for=""cashTag"" data-tip=""MNGA"" href=""/symbol/MNGA"" id=""MNGA-150537319-5393"">$MNGA</a></span> For all of the ""world on fire"" posts here this morning this is hilariously sideways. I'm in at 18 and change as of FRI and holding</div></div>"
TheBearSlayer,True,2019-01-14 09:34:00,0.189,"<div class=""MessageStreamView__body___2giLh""><div><span><a data-event=""click"" data-for=""cashTag"" data-tip=""MNGA"" href=""/symbol/MNGA"" id=""MNGA-150537274-5396"">$MNGA</a></span> how is there such a large inflow of buys and no price spike.</div></div>"
TheBearSlayer,True,2019-01-14 09:33:00,0.1924,"<div class=""MessageStreamView__body___2giLh""><div><span><a data-event=""click"" data-for=""cashTag"" data-tip=""MNGA"" href=""/symbol/MNGA"" id=""MNGA-150537099-5402"">$MNGA</a></span> 1 bit of news from Abu dahbi or red tide and were aiming for 1$</div></div>"
HansM,True,2019-01-14 09:32:00,0.192,"<div class=""MessageStreamView__body___2giLh""><div><span><a data-event=""click"" data-for=""cashTag"" data-tip=""MNGA"" href=""/symbol/MNGA"" id=""MNGA-150537001-5405"">$MNGA</a></span> sideways all day long as i said...</div></div>"
vanika79,True,2019-01-14 09:32:00,0.192,"<div class=""MessageStreamView__body___2giLh""><div><span><a data-event=""click"" data-for=""cashTag"" data-tip=""MNGA"" href=""/symbol/MNGA"" id=""MNGA-150536991-5408"">$MNGA</a></span> so much buying</div></div>"
CryptoBullRunner,True,2019-01-14 09:32:00,0.192,"<div class=""MessageStreamView__body___2giLh""><div><span><a data-event=""click"" data-for=""cashTag"" data-tip=""MNGA"" href=""/symbol/MNGA"" id=""MNGA-150536973-5411"">$MNGA</a></span> good luck everyone, good start 🚀🚀</div></div>"
PigProfit,True,2019-01-14 09:32:00,0.192,"<div class=""MessageStreamView__body___2giLh""><div><span><a data-event=""click"" data-for=""cashTag"" data-tip=""MNGA"" href=""/symbol/MNGA"" id=""MNGA-150536917-5414"">$MNGA</a></span> 272k @ .19 bid💪🏻💪🏻</div></div>"
spicygoo,False,2019-01-14 09:32:00,0.192,"<div class=""MessageStreamView__body___2giLh""><div><span><a data-event=""click"" data-for=""cashTag"" data-tip=""MNGA"" href=""/symbol/MNGA"" id=""MNGA-150536890-5417"">$MNGA</a></span> tug of war going on but the bears will prevail</div></div>"
ThunderJackson,True,2019-01-14 09:31:00,0.1865,"<div class=""MessageStreamView__body___2giLh""><div><span><a data-event=""click"" data-for=""cashTag"" data-tip=""MNGA"" href=""/symbol/MNGA"" id=""MNGA-150536868-5420"">$MNGA</a></span> Get pumped bulls! <a data-event=""click"" href=""https://www.youtube.com/watch?v=my6bfA14vMQ"" rel=""noopener nofollow"" target=""_blank"">youtube.com/watch?v=my6bfA1...</a></div></div>"
Neotrocity,True,2019-01-14 09:31:00,0.1865,"<div class=""MessageStreamView__body___2giLh""><div><span><a data-event=""click"" data-for=""cashTag"" data-tip=""MNGA"" href=""/symbol/MNGA"" id=""MNGA-150536862-5423"">$MNGA</a></span> .196 !🌋</div></div>"
barre,True,2019-01-14 09:30:00,0.1952,"<div class=""MessageStreamView__body___2giLh""><div><span><a data-event=""click"" data-for=""cashTag"" data-tip=""MNGA"" href=""/symbol/MNGA"" id=""MNGA-150536684-5432"">$MNGA</a></span> lv2 update -</div></div>"
Neotrocity,True,2019-01-14 09:30:00,0.1952,"<div class=""MessageStreamView__body___2giLh""><div><span><a data-event=""click"" data-for=""cashTag"" data-tip=""MNGA"" href=""/symbol/MNGA"" id=""MNGA-150536638-5435"">$MNGA</a></span> volume picking up</div></div>"
