IamWithU,True,2019-01-14 15:51:00,1.39,"<div class=""MessageStreamView__body___2giLh""><div><span><a data-event=""click"" data-for=""cashTag"" data-tip=""MNKD"" href=""/symbol/MNKD"" id=""MNKD-150595985-877"">$MNKD</a></span> MAKE SURE YOUR POST=no reply with “WHAT IS YOUR PROBLEM?” from 35% GAINERS.</div></div>"
Solicurance2019,True,2019-01-14 15:45:00,1.39,"<div class=""MessageStreamView__body___2giLh""><div><span><a data-event=""click"" data-for=""cashTag"" data-tip=""MNKD"" href=""/symbol/MNKD"" id=""MNKD-150595035-880"">$MNKD</a></span> institutions buying in 💰</div></div>"
IamWithU,True,2019-01-14 15:41:00,1.4,"<div class=""MessageStreamView__body___2giLh""><div><span><a data-event=""click"" data-for=""cashTag"" data-tip=""MNKD"" href=""/symbol/MNKD"" id=""MNKD-150594305-892"">$MNKD</a></span> MANY ppl now at 35%+ GAIN=wondering about others WHAT IS YOUR PROBLEM?</div></div>"
Solicurance2019,True,2019-01-14 15:40:00,1.393,"<div class=""MessageStreamView__body___2giLh""><div><span><a data-event=""click"" data-for=""cashTag"" data-tip=""MNKD"" href=""/symbol/MNKD"" id=""MNKD-150594235-895"">$MNKD</a></span> somebody knows something</div></div>"
mango3,True,2019-01-14 15:40:00,1.393,"<div class=""MessageStreamView__body___2giLh""><div><span><a data-event=""click"" data-for=""cashTag"" data-tip=""MNKD"" href=""/symbol/MNKD"" id=""MNKD-150594195-898"">$MNKD</a></span> 

Today's mood:

<a data-event=""click"" href=""https://m.youtube.com/watch?v=_C3BgoRN_94"" rel=""noopener nofollow"" target=""_blank"">youtube.com/watch?v=_C3BgoR...</a></div></div>"
JaguarJKD007,True,2019-01-14 15:39:00,1.4,"<div class=""MessageStreamView__body___2giLh""><div><span><a data-event=""click"" data-for=""cashTag"" data-tip=""MNKD"" href=""/symbol/MNKD"" id=""MNKD-150594064-901"">$MNKD</a></span> For me it has ALWAYS been about accumulation of shares. PPS has not been nearly as important. MC has lit the fuse and it is time to go</div></div>"
OTCBBKing,True,2019-01-14 15:39:00,1.4,"<div class=""MessageStreamView__body___2giLh""><div><span><a data-event=""click"" data-for=""cashTag"" data-tip=""MNKD"" href=""/symbol/MNKD"" id=""MNKD-150594014-904"">$MNKD</a></span> good start, but fair value is in the BILLIONS or $15-20 right now. Let’s get there ASAP.</div></div>"
AlanLovesTrading,True,2019-01-14 15:38:00,1.399,"<div class=""MessageStreamView__body___2giLh""><div><span><a data-event=""click"" data-for=""cashTag"" data-tip=""MNKD"" href=""/symbol/MNKD"" id=""MNKD-150593862-910"">$MNKD</a></span></div></div>"
JaguarJKD007,True,2019-01-14 15:37:00,1.398,"<div class=""MessageStreamView__body___2giLh""><div><span><a data-event=""click"" data-for=""cashTag"" data-tip=""MNKD"" href=""/symbol/MNKD"" id=""MNKD-150593702-913"">$MNKD</a></span> Strong movement WITH volume. Now that's lovely</div></div>"
Lakerstrader,True,2019-01-14 15:33:00,1.395,"<div class=""MessageStreamView__body___2giLh""><div><span><a data-event=""click"" data-for=""cashTag"" data-tip=""MNKD"" href=""/symbol/MNKD"" id=""MNKD-150593044-928"">$MNKD</a></span> bulls looking to take some control</div></div>"
IamWithU,True,2019-01-14 15:33:00,1.395,"<div class=""MessageStreamView__body___2giLh""><div><span><a data-event=""click"" data-for=""cashTag"" data-tip=""MNKD"" href=""/symbol/MNKD"" id=""MNKD-150593015-931"">$MNKD</a></span> Again, dont get mad, get rich. One’s planning strategy to let out anger, other’s planning to get rich.</div></div>"
Bcc16,True,2019-01-14 15:32:00,1.395,"<div class=""MessageStreamView__body___2giLh""><div><span><a data-event=""click"" data-for=""cashTag"" data-tip=""MNKD"" href=""/symbol/MNKD"" id=""MNKD-150592871-934"">$MNKD</a></span> breaks this 1.40 wall onto new highs!</div></div>"
IamWithU,True,2019-01-14 15:29:00,1.395,"<div class=""MessageStreamView__body___2giLh""><div><span><a data-event=""click"" data-for=""cashTag"" data-tip=""MNKD"" href=""/symbol/MNKD"" id=""MNKD-150592414-940"">$MNKD</a></span> Those who CALCULATED pros&amp;cons of pps=VERY SATISFYING now. BEST WISHES in coming term.</div></div>"
anywhereyournot,True,2019-01-14 15:26:00,1.396,"<div class=""MessageStreamView__body___2giLh""><div><span><a data-event=""click"" data-for=""cashTag"" data-tip=""MNKD"" href=""/symbol/MNKD"" id=""MNKD-150591971-946"">$MNKD</a></span> under $10 is a steal.  Shorts hands will be forced eventually.</div></div>"
IamWithU,True,2019-01-14 15:24:00,1.387,"<div class=""MessageStreamView__body___2giLh""><div><span><a data-event=""click"" data-for=""cashTag"" data-tip=""MNKD"" href=""/symbol/MNKD"" id=""MNKD-150591606-952"">$MNKD</a></span> Don’t get angry, get even=BUY.</div></div>"
mannontop2,True,2019-01-14 15:20:00,1.387,"<div class=""MessageStreamView__body___2giLh""><div><span><a data-event=""click"" data-for=""cashTag"" data-tip=""MNKD"" href=""/symbol/MNKD"" id=""MNKD-150590846-968"">$MNKD</a></span> MNKD has frustrated the h*ll out of me..so now I'm good😉..Can't help it..I L😍VE Al's MannKind..Can't wait for AFREZZA to be BOSS↗️↗️</div></div>"
chrispopp8,True,2019-01-14 15:16:00,1.372,"<div class=""MessageStreamView__body___2giLh""><div><span><a data-event=""click"" data-for=""cashTag"" data-tip=""MNKD"" href=""/symbol/MNKD"" id=""MNKD-150590109-974"">$MNKD</a></span> up 7 cents on a day when all three majors are down. That's not a bad day.</div></div>"
Ez_Green,True,2019-01-14 15:11:00,1.373,"<div class=""MessageStreamView__body___2giLh""><div><span><a data-event=""click"" data-for=""cashTag"" data-tip=""MNKD"" href=""/symbol/MNKD"" id=""MNKD-150589246-983"">$MNKD</a></span> It's Pre Irish Time For MNKD...when the profits are Dublin....$1.49</div></div>"
IamWithU,True,2019-01-14 15:06:00,1.375,"<div class=""MessageStreamView__body___2giLh""><div><span><a data-event=""click"" data-for=""cashTag"" data-tip=""MNKD"" href=""/symbol/MNKD"" id=""MNKD-150588533-989"">$MNKD</a></span> WHEN I saw a YOUTUBE interview by CEO=I said to myself “WOW MikeC, YOU are truly an awesome CEO!”</div></div>"
Ez_Green,True,2019-01-14 15:01:00,1.38,"<div class=""MessageStreamView__body___2giLh""><div><span><a data-event=""click"" data-for=""cashTag"" data-tip=""MNKD"" href=""/symbol/MNKD"" id=""MNKD-150587717-998"">$MNKD</a></span> Insulin = Life</div></div>"
McLoven,True,2019-01-14 14:58:00,1.375,"<div class=""MessageStreamView__body___2giLh""><div><span><a data-event=""click"" data-for=""cashTag"" data-tip=""MNKD"" href=""/symbol/MNKD"" id=""MNKD-150587144-1001"">$MNKD</a></span>  itellthefuture777  from PB brought up an exciting info. Youtube Afrezza commercial have over 527k views. Last time I checked it wasnt</div></div>"
Ez_Green,True,2019-01-14 14:56:00,1.38,"<div class=""MessageStreamView__body___2giLh""><div><span><a data-event=""click"" data-for=""cashTag"" data-tip=""MNKD"" href=""/symbol/MNKD"" id=""MNKD-150586803-1004"">$MNKD</a></span> It's an Insulin Pandemic</div></div>"
IamWithU,True,2019-01-14 14:54:00,1.377,"<div class=""MessageStreamView__body___2giLh""><div><span><a data-event=""click"" data-for=""cashTag"" data-tip=""MNKD"" href=""/symbol/MNKD"" id=""MNKD-150586571-1007"">$MNKD</a></span> One day WHEN pps at 3.17=some one would say=I am at 200% PROFIT, what’s your problem?</div></div>"
OTCBBKing,True,2019-01-14 14:53:00,1.38,"<div class=""MessageStreamView__body___2giLh""><div><span><a data-event=""click"" data-for=""cashTag"" data-tip=""MNKD"" href=""/symbol/MNKD"" id=""MNKD-150586465-1010"">$MNKD</a></span> getting some MoMo. Mike: time to FINALLY do your part and support, fight for, and increase shareholder value with substantial news.</div></div>"
rooksleanne,True,2019-01-14 14:51:00,1.383,"<div class=""MessageStreamView__body___2giLh""><div><span><a data-event=""click"" data-for=""cashTag"" data-tip=""MNKD"" href=""/symbol/MNKD"" id=""MNKD-150586143-1013"">$MNKD</a></span> Its simple, get Laura on TV taking a vape off a Dreamboat and you’ve got PWD’s thinking “I want that!” She makes it look easy and cool</div></div>"
Ez_Green,True,2019-01-14 14:49:00,1.378,"<div class=""MessageStreamView__body___2giLh""><div><span><a data-event=""click"" data-for=""cashTag"" data-tip=""MNKD"" href=""/symbol/MNKD"" id=""MNKD-150585736-1016"">$MNKD</a></span> Join The Green Scene...A Billion++ Diabetics Want An Alternative To Injecting Insulin...A Fact...remember tndm?</div></div>"
IamWithU,True,2019-01-14 14:44:00,1.37,"<div class=""MessageStreamView__body___2giLh""><div><span><a data-event=""click"" data-for=""cashTag"" data-tip=""MNKD"" href=""/symbol/MNKD"" id=""MNKD-150584996-1025"">$MNKD</a></span> One day WHEN pps at 2.06+ and some one would say=I got 100% GAIN, what’s your problem?</div></div>"
OTCBBKing,True,2019-01-14 14:43:00,1.375,"<div class=""MessageStreamView__body___2giLh""><div><span><a data-event=""click"" data-for=""cashTag"" data-tip=""MNKD"" href=""/symbol/MNKD"" id=""MNKD-150584880-1028"">$MNKD</a></span> tax loss sellers Now buyers. Don’t want to miss the boat. Drop that secret consumer molecule Mike!</div></div>"
Ez_Green,True,2019-01-14 14:40:00,1.373,"<div class=""MessageStreamView__body___2giLh""><div><span><a data-event=""click"" data-for=""cashTag"" data-tip=""MNKD"" href=""/symbol/MNKD"" id=""MNKD-150584434-1031"">$MNKD</a></span> If You Like Green...Buy....</div></div>"
ShortiesOnFire,True,2019-01-14 14:37:00,1.371,"<div class=""MessageStreamView__body___2giLh""><div><span><a data-event=""click"" data-for=""cashTag"" data-tip=""MNKD"" href=""/symbol/MNKD"" id=""MNKD-150584114-1034"">$MNKD</a></span> Nico and Asslab posting on the same day? This is a dream come true.</div></div>"
Ez_Green,True,2019-01-14 14:37:00,1.371,"<div class=""MessageStreamView__body___2giLh""><div><span><a data-event=""click"" data-for=""cashTag"" data-tip=""MNKD"" href=""/symbol/MNKD"" id=""MNKD-150584069-1037"">$MNKD</a></span> Aka..""The Green Machine""</div></div>"
PhillyTime,True,2019-01-14 14:37:00,1.371,"<div class=""MessageStreamView__body___2giLh""><div><span><a data-event=""click"" data-for=""cashTag"" data-tip=""MNKD"" href=""/symbol/MNKD"" id=""MNKD-150584001-1040"">$MNKD</a></span> .All you whiney bashing TROLLS should have been buying instead of bashing like I was around $1.. better tell your bosses to cover..imo</div></div>"
JohnnyNoToes,True,2019-01-14 14:36:00,1.373,"<div class=""MessageStreamView__body___2giLh""><div><span><a data-event=""click"" data-for=""cashTag"" data-tip=""MNKD"" href=""/symbol/MNKD"" id=""MNKD-150583912-1043"">$MNKD</a></span> looks like I'm back, just in time for some fun!</div></div>"
Ez_Green,True,2019-01-14 14:35:00,1.373,"<div class=""MessageStreamView__body___2giLh""><div><span><a data-event=""click"" data-for=""cashTag"" data-tip=""MNKD"" href=""/symbol/MNKD"" id=""MNKD-150583805-1046"">$MNKD</a></span> Get used to it</div></div>"
Ez_Green,True,2019-01-14 14:32:00,1.378,"<div class=""MessageStreamView__body___2giLh""><div><span><a data-event=""click"" data-for=""cashTag"" data-tip=""MNKD"" href=""/symbol/MNKD"" id=""MNKD-150583406-1055"">$MNKD</a></span> 1000 scripts in sight.....</div></div>"
Ez_Green,True,2019-01-14 14:29:00,1.376,"<div class=""MessageStreamView__body___2giLh""><div><span><a data-event=""click"" data-for=""cashTag"" data-tip=""MNKD"" href=""/symbol/MNKD"" id=""MNKD-150582940-1064"">$MNKD</a></span> The Momentum Has Shifted....$1.45</div></div>"
AlanLovesTrading,True,2019-01-14 14:27:00,1.375,"<div class=""MessageStreamView__body___2giLh""><div><span><a data-event=""click"" data-for=""cashTag"" data-tip=""MNKD"" href=""/symbol/MNKD"" id=""MNKD-150582660-1070"">$MNKD</a></span> nice move</div></div>"
IamWithU,True,2019-01-14 14:25:00,1.385,"<div class=""MessageStreamView__body___2giLh""><div><span><a data-event=""click"" data-for=""cashTag"" data-tip=""MNKD"" href=""/symbol/MNKD"" id=""MNKD-150582310-1082"">$MNKD</a></span> While so many planning their bashing strategies to post, I am planning pros&amp;cons in buying=very satisfying.</div></div>"
Lakerstrader,True,2019-01-14 14:25:00,1.385,"<div class=""MessageStreamView__body___2giLh""><div><span><a data-event=""click"" data-for=""cashTag"" data-tip=""MNKD"" href=""/symbol/MNKD"" id=""MNKD-150582302-1085"">$MNKD</a></span> IMO big wigs are still crunching the numbers from conference. I imagine many suitors for mnkd.</div></div>"
Lakerstrader,True,2019-01-14 14:24:00,1.382,"<div class=""MessageStreamView__body___2giLh""><div><span><a data-event=""click"" data-for=""cashTag"" data-tip=""MNKD"" href=""/symbol/MNKD"" id=""MNKD-150582194-1088"">$MNKD</a></span> close over $1.40 would be super</div></div>"
wheresthelambsauce,True,2019-01-14 14:24:00,1.382,"<div class=""MessageStreamView__body___2giLh""><div><span><a data-event=""click"" data-for=""cashTag"" data-tip=""MNKD"" href=""/symbol/MNKD"" id=""MNKD-150582160-1091"">$MNKD</a></span> There it is! 🚀🚀🚀</div></div>"
Ez_Green,True,2019-01-14 14:24:00,1.382,"<div class=""MessageStreamView__body___2giLh""><div><span><a data-event=""click"" data-for=""cashTag"" data-tip=""MNKD"" href=""/symbol/MNKD"" id=""MNKD-150582144-1094"">$MNKD</a></span> An Alternative To Injecting Insulin = A No Brainer...Well Over A Billion People Want It!</div></div>"
brownmario23,True,2019-01-14 14:20:00,1.36,"<div class=""MessageStreamView__body___2giLh""><div><span><a data-event=""click"" data-for=""cashTag"" data-tip=""MNKD"" href=""/symbol/MNKD"" id=""MNKD-150581536-1100"">$MNKD</a></span> lol profit takers. Don’t know what they are missing</div></div>"
wheresthelambsauce,True,2019-01-14 14:19:00,1.36,"<div class=""MessageStreamView__body___2giLh""><div><span><a data-event=""click"" data-for=""cashTag"" data-tip=""MNKD"" href=""/symbol/MNKD"" id=""MNKD-150581435-1103"">$MNKD</a></span> This will break 1.37 soon</div></div>"
Solicurance2019,True,2019-01-14 14:19:00,1.36,"<div class=""MessageStreamView__body___2giLh""><div><span><a data-event=""click"" data-for=""cashTag"" data-tip=""MNKD"" href=""/symbol/MNKD"" id=""MNKD-150581390-1106"">$MNKD</a></span> slow uptrend 😎</div></div>"
BigPharmaBull,True,2019-01-14 14:17:00,1.36,"<div class=""MessageStreamView__body___2giLh""><div><span><a data-event=""click"" data-for=""cashTag"" data-tip=""MNKD"" href=""/symbol/MNKD"" id=""MNKD-150581167-1112"">$MNKD</a></span> looking super bullish. I will sell when company is worth $4 billion+. Cheers to all you true MNKD longs.</div></div>"
ShortiesOnFire,True,2019-01-14 14:17:00,1.36,"<div class=""MessageStreamView__body___2giLh""><div><span><a data-event=""click"" data-for=""cashTag"" data-tip=""MNKD"" href=""/symbol/MNKD"" id=""MNKD-150581116-1115"">$MNKD</a></span> I hope Nico posts negative shit everyday. The more he complains the more it goes up.</div></div>"
IamWithU,True,2019-01-14 14:17:00,1.36,"<div class=""MessageStreamView__body___2giLh""><div><span><a data-event=""click"" data-for=""cashTag"" data-tip=""MNKD"" href=""/symbol/MNKD"" id=""MNKD-150581089-1118"">$MNKD</a></span> Those who added more with me=over 30% GAIN of new equity in just a very short time. Best wishes.</div></div>"
Lakerstrader,True,2019-01-14 14:13:00,1.355,"<div class=""MessageStreamView__body___2giLh""><div><span><a data-event=""click"" data-for=""cashTag"" data-tip=""MNKD"" href=""/symbol/MNKD"" id=""MNKD-150580634-1121"">$MNKD</a></span> $1.37+ close</div></div>"
BenYiju,True,2019-01-14 14:13:00,1.355,"<div class=""MessageStreamView__body___2giLh""><div><span><a data-event=""click"" data-for=""cashTag"" data-tip=""MNKD"" href=""/symbol/MNKD"" id=""MNKD-150580615-1124"">$MNKD</a></span> This train is bound for Glory, this train!</div></div>"
OTCBBKing,True,2019-01-14 14:11:00,1.355,"<div class=""MessageStreamView__body___2giLh""><div><span><a data-event=""click"" data-for=""cashTag"" data-tip=""MNKD"" href=""/symbol/MNKD"" id=""MNKD-150580298-1130"">$MNKD</a></span> pressure is building, volume increasing, RSI about to break 50 on daily, and a gap to fill back up to $1.80 and beyond. News cometh?</div></div>"
Ez_Green,True,2019-01-14 14:10:00,1.355,"<div class=""MessageStreamView__body___2giLh""><div><span><a data-event=""click"" data-for=""cashTag"" data-tip=""MNKD"" href=""/symbol/MNKD"" id=""MNKD-150580198-1133"">$MNKD</a></span> It's hard to slow down a fully loaded freight train for the masses...breakout</div></div>"
IamWithU,True,2019-01-14 14:10:00,1.355,"<div class=""MessageStreamView__body___2giLh""><div><span><a data-event=""click"" data-for=""cashTag"" data-tip=""MNKD"" href=""/symbol/MNKD"" id=""MNKD-150580196-1136"">$MNKD</a></span> We are now in good hands=CEO + understanding shareholders.</div></div>"
Kuka,True,2019-01-14 14:09:00,1.355,"<div class=""MessageStreamView__body___2giLh""><div><span><a data-event=""click"" data-for=""cashTag"" data-tip=""MNKD"" href=""/symbol/MNKD"" id=""MNKD-150580045-1139"">$MNKD</a></span> YO..check this out ...NO SCARED...NOT SELLING ...MNKD Long...Confidant in Cambodia</div></div>"
Bubblywater,True,2019-01-14 14:09:00,1.355,"<div class=""MessageStreamView__body___2giLh""><div><span><a data-event=""click"" data-for=""cashTag"" data-tip=""MNKD"" href=""/symbol/MNKD"" id=""MNKD-150579909-1142"">$MNKD</a></span> i am more than ok climbing 3-5 cents each day. <a data-event=""click"" href=""/topic/Takewhatwecanget"">#Takewhatwecanget</a></div></div>"
Ez_Green,True,2019-01-14 14:06:00,1.35,"<div class=""MessageStreamView__body___2giLh""><div><span><a data-event=""click"" data-for=""cashTag"" data-tip=""MNKD"" href=""/symbol/MNKD"" id=""MNKD-150579541-1149"">$MNKD</a></span> Too Many People Want An Alternative...</div></div>"
Ez_Green,True,2019-01-14 14:05:00,1.35,"<div class=""MessageStreamView__body___2giLh""><div><span><a data-event=""click"" data-for=""cashTag"" data-tip=""MNKD"" href=""/symbol/MNKD"" id=""MNKD-150579259-1155"">$MNKD</a></span> Headed Higher....</div></div>"
wheresthelambsauce,True,2019-01-14 14:04:00,1.35,"<div class=""MessageStreamView__body___2giLh""><div><span><a data-event=""click"" data-for=""cashTag"" data-tip=""MNKD"" href=""/symbol/MNKD"" id=""MNKD-150579125-1161"">$MNKD</a></span></div></div>"
IamWithU,True,2019-01-14 14:03:00,1.35,"<div class=""MessageStreamView__body___2giLh""><div><span><a data-event=""click"" data-for=""cashTag"" data-tip=""MNKD"" href=""/symbol/MNKD"" id=""MNKD-150579071-1164"">$MNKD</a></span> I AM “FOR” all DESERVED increases for EXECUTIVES.</div></div>"
BenYiju,True,2019-01-14 13:55:00,1.347,"<div class=""MessageStreamView__body___2giLh""><div><span><a data-event=""click"" data-for=""cashTag"" data-tip=""MNKD"" href=""/symbol/MNKD"" id=""MNKD-150577747-1177"">$MNKD</a></span> It's so loud!!! Gawd, what is that?!?</div></div>"
StockJunkies2,True,2019-01-14 13:55:00,1.347,"<div class=""MessageStreamView__body___2giLh""><div>😡🤬they spammed down my Wachlist I posted last night! <span><a data-event=""click"" data-for=""cashTag"" data-tip=""JOB"" href=""/symbol/JOB"" id=""JOB-150577743-1180"">$JOB</a></span> <span><a data-event=""click"" data-for=""cashTag"" data-tip=""MNKD"" href=""/symbol/MNKD"" id=""MNKD-150577743-1181"">$MNKD</a></span> <span><a data-event=""click"" data-for=""cashTag"" data-tip=""DHXM"" href=""/symbol/DHXM"" id=""DHXM-150577743-1182"">$DHXM</a></span> <span><a data-event=""click"" data-for=""cashTag"" data-tip=""SOFO"" href=""/symbol/SOFO"" id=""SOFO-150577743-1183"">$SOFO</a></span> <span><a data-event=""click"" data-for=""cashTag"" data-tip=""TUES"" href=""/symbol/TUES"" id=""TUES-150577743-1184"">$TUES</a></span> <span><a data-event=""click"" data-for=""cashTag"" data-tip=""UMC"" href=""/symbol/UMC"" id=""UMC-150577743-1185"">$UMC</a></span> (free picks!! Not promotion) I even posted charts</div></div>"
IamWithU,True,2019-01-14 13:53:00,1.35,"<div class=""MessageStreamView__body___2giLh""><div><span><a data-event=""click"" data-for=""cashTag"" data-tip=""MNKD"" href=""/symbol/MNKD"" id=""MNKD-150577364-1191"">$MNKD</a></span> MC, FOLLOW THE LEADERS=trim down TRIAL TV ADs and place Afrezza ads WHERE DIABETICS FREQUENTLY go to for their insulin data.</div></div>"
surfersean20,True,2019-01-14 13:48:00,1.345,"<div class=""MessageStreamView__body___2giLh""><div><span><a data-event=""click"" data-for=""cashTag"" data-tip=""MNKD"" href=""/symbol/MNKD"" id=""MNKD-150576697-1197"">$MNKD</a></span></div></div>"
Ez_Green,True,2019-01-14 13:38:00,1.34,"<div class=""MessageStreamView__body___2giLh""><div><span><a data-event=""click"" data-for=""cashTag"" data-tip=""MNKD"" href=""/symbol/MNKD"" id=""MNKD-150575139-1209"">$MNKD</a></span> Pervasive, rife, rampant, epidemic..
...the trend is your friend.....</div></div>"
IamWithU,True,2019-01-14 13:36:00,1.345,"<div class=""MessageStreamView__body___2giLh""><div><span><a data-event=""click"" data-for=""cashTag"" data-tip=""MNKD"" href=""/symbol/MNKD"" id=""MNKD-150574853-1212"">$MNKD</a></span> Pharmas already spent <span><a data-event=""click"" data-for=""cashTag"" data-tip=""B"" href=""/symbol/B"" id=""B-150574853-1213"">$B</a></span>’s to establish SOLID DIABETES HUNTING GROUNDS=put Afrezza ads there MC!!! DON’T REINVENTING the wheel.</div></div>"
Ez_Green,True,2019-01-14 13:36:00,1.345,"<div class=""MessageStreamView__body___2giLh""><div><span><a data-event=""click"" data-for=""cashTag"" data-tip=""MNKD"" href=""/symbol/MNKD"" id=""MNKD-150574752-1216"">$MNKD</a></span> DM2 = a pandemic: Pan:Dem:Ic
/pan'demik/...
(Of a disease)....Prevalent Over A Whole Country 
Or The World....Widespread, prevalent..</div></div>"
OTCBBKing,True,2019-01-14 13:24:00,1.345,"<div class=""MessageStreamView__body___2giLh""><div><span><a data-event=""click"" data-for=""cashTag"" data-tip=""MNKD"" href=""/symbol/MNKD"" id=""MNKD-150573009-1222"">$MNKD</a></span> Question: Is it possible to set up phone, text, online RX service nationally through VDEX or similar? Just like Roman w/ ED. Yuuuuge!</div></div>"
BenYiju,True,2019-01-14 13:05:00,1.34,"<div class=""MessageStreamView__body___2giLh""><div>Somebody's manipulating price to get <span><a data-event=""click"" data-for=""cashTag"" data-tip=""MNKD"" href=""/symbol/MNKD"" id=""MNKD-150570440-1250"">$MNKD</a></span> cheap. Real question is whether there's been collusion in the C-suite. If so my money's on CFO.</div></div>"
Ez_Green,True,2019-01-14 12:59:00,1.336,"<div class=""MessageStreamView__body___2giLh""><div><span><a data-event=""click"" data-for=""cashTag"" data-tip=""MNKD"" href=""/symbol/MNKD"" id=""MNKD-150569457-1253"">$MNKD</a></span> DM2 = Worldwide Pandemic</div></div>"
Kuka,True,2019-01-14 12:44:00,1.34,"<div class=""MessageStreamView__body___2giLh""><div><span><a data-event=""click"" data-for=""cashTag"" data-tip=""MNKD"" href=""/symbol/MNKD"" id=""MNKD-150567296-1268"">$MNKD</a></span> short every Pop ...nothing  has changed in 6 yrs plus</div></div>"
BenYiju,True,2019-01-14 12:34:00,1.33,"<div class=""MessageStreamView__body___2giLh""><div><span><a data-event=""click"" data-for=""cashTag"" data-tip=""MNKD"" href=""/symbol/MNKD"" id=""MNKD-150566041-1274"">$MNKD</a></span> It sounds like it's getting louder...</div></div>"
OTCBBKing,True,2019-01-14 12:09:00,1.33,"<div class=""MessageStreamView__body___2giLh""><div><span><a data-event=""click"" data-for=""cashTag"" data-tip=""MNKD"" href=""/symbol/MNKD"" id=""MNKD-150562333-1301"">$MNKD</a></span> Mike: release PR about huge TV blitz or Brazil or TrepT Phase 3 or secret UTHR Molecule or mystery Molecule or RLS. Give us ⛽️ for 🚀</div></div>"
mannontop2,True,2019-01-14 12:03:00,1.323,"<div class=""MessageStreamView__body___2giLh""><div><span><a data-event=""click"" data-for=""cashTag"" data-tip=""MNKD"" href=""/symbol/MNKD"" id=""MNKD-150561500-1313"">$MNKD</a></span> AFREZZA is good for television 😁....Making me turn mine on....lol😂😂🤣....Gotta see an AFREZZA commercial!!!💣💥🚀🚀🤑</div></div>"
greekmafioso,True,2019-01-14 11:59:00,1.321,"<div class=""MessageStreamView__body___2giLh""><div><span><a data-event=""click"" data-for=""cashTag"" data-tip=""MNKD"" href=""/symbol/MNKD"" id=""MNKD-150560911-1319"">$MNKD</a></span> lol now we have web designers trolling. Funny thing is I NEVER met one who didn’t claim a sight could do better and need revamping!</div></div>"
saradm16,True,2019-01-14 11:58:00,1.325,"<div class=""MessageStreamView__body___2giLh""><div><span><a data-event=""click"" data-for=""cashTag"" data-tip=""MNKD"" href=""/symbol/MNKD"" id=""MNKD-150560831-1322"">$MNKD</a></span> ad just played on fox business</div></div>"
BenYiju,True,2019-01-14 11:42:00,1.33,"<div class=""MessageStreamView__body___2giLh""><div><span><a data-event=""click"" data-for=""cashTag"" data-tip=""MNKD"" href=""/symbol/MNKD"" id=""MNKD-150558512-1334"">$MNKD</a></span> Stop children, what's that sound?!?</div></div>"
rozey1,True,2019-01-14 11:38:00,1.33,"<div class=""MessageStreamView__body___2giLh""><div><span><a data-event=""click"" data-for=""cashTag"" data-tip=""MNKD"" href=""/symbol/MNKD"" id=""MNKD-150557824-1337"">$MNKD</a></span> Maybe Mike got the news out at JPM conf. &amp; volume has picked up a bit. Still sucks we can't get any news. Rose, Bueller, Rose, Bueller</div></div>"
Ez_Green,True,2019-01-14 11:36:00,1.327,"<div class=""MessageStreamView__body___2giLh""><div><span><a data-event=""click"" data-for=""cashTag"" data-tip=""MNKD"" href=""/symbol/MNKD"" id=""MNKD-150557579-1343"">$MNKD</a></span> The Trend Is Your Friend....Re-Joining The Cult @ $1.32...for a glass of koolaid:..""loud mouth lime""....5 cents a glass....</div></div>"
mannontop2,True,2019-01-14 11:32:00,1.326,"<div class=""MessageStreamView__body___2giLh""><div><span><a data-event=""click"" data-for=""cashTag"" data-tip=""MNKD"" href=""/symbol/MNKD"" id=""MNKD-150556927-1349"">$MNKD</a></span> Triple AAA.....😁 Apple, Amazon, Afrezza.....Great innovation!</div></div>"
anywhereyournot,True,2019-01-14 11:25:00,1.323,"<div class=""MessageStreamView__body___2giLh""><div><span><a data-event=""click"" data-for=""cashTag"" data-tip=""MNKD"" href=""/symbol/MNKD"" id=""MNKD-150555834-1358"">$MNKD</a></span> up everyday.  Complainers should sell and move on or short it and stfu.</div></div>"
Nico84,False,2019-01-14 11:24:00,1.325,"<div class=""MessageStreamView__body___2giLh""><div><span><a data-event=""click"" data-for=""cashTag"" data-tip=""MNKD"" href=""/symbol/MNKD"" id=""MNKD-150555691-1361"">$MNKD</a></span> red or flat can never hold gains</div></div>"
AlanLovesTrading,True,2019-01-14 11:13:00,1.337,"<div class=""MessageStreamView__body___2giLh""><div><span><a data-event=""click"" data-for=""cashTag"" data-tip=""MNKD"" href=""/symbol/MNKD"" id=""MNKD-150553882-1376"">$MNKD</a></span> I thought there is a new one, anyway the one they have now is a good one.</div></div>"
Solicurance2019,True,2019-01-14 11:02:00,1.347,"<div class=""MessageStreamView__body___2giLh""><div><span><a data-event=""click"" data-for=""cashTag"" data-tip=""MNKD"" href=""/symbol/MNKD"" id=""MNKD-150552170-1397"">$MNKD</a></span> perfect time to add and lower your average 👀👍 gap up soon to come</div></div>"
Lakerstrader,True,2019-01-14 10:56:00,1.355,"<div class=""MessageStreamView__body___2giLh""><div><span><a data-event=""click"" data-for=""cashTag"" data-tip=""MNKD"" href=""/symbol/MNKD"" id=""MNKD-150551112-1406"">$MNKD</a></span> They must of loved what they saw!</div></div>"
Ariaangel,True,2019-01-14 10:50:00,1.345,"<div class=""MessageStreamView__body___2giLh""><div><span><a data-event=""click"" data-for=""cashTag"" data-tip=""MNKD"" href=""/symbol/MNKD"" id=""MNKD-150550148-1409"">$MNKD</a></span> getting ready for Launch folks🥁drum roll please!</div></div>"
AlanLovesTrading,True,2019-01-14 10:50:00,1.345,"<div class=""MessageStreamView__body___2giLh""><div><span><a data-event=""click"" data-for=""cashTag"" data-tip=""MNKD"" href=""/symbol/MNKD"" id=""MNKD-150550138-1412"">$MNKD</a></span> Does anyone have the link for Afrezza new commercial ?</div></div>"
mannontop2,True,2019-01-14 10:47:00,1.335,"<div class=""MessageStreamView__body___2giLh""><div><span><a data-event=""click"" data-for=""cashTag"" data-tip=""MNKD"" href=""/symbol/MNKD"" id=""MNKD-150549635-1419"">$MNKD</a></span> I really like this product..Great platform of information,futuristic,attractive,sexy,compact case. A great pairing for Afrezza,Apple??</div></div>"
Harryx1,True,2019-01-14 10:22:00,1.339,"<div class=""MessageStreamView__body___2giLh""><div><span><a data-event=""click"" data-for=""cashTag"" data-tip=""MNKD"" href=""/symbol/MNKD"" id=""MNKD-150545654-1440"">$MNKD</a></span> <a data-event=""click"" href=""https://twitter.com/Leigh0906/status/1084648164077064192"" rel=""noopener nofollow"" target=""_blank"">twitter.com/leigh0906/statu...</a></div></div>"
krizan,True,2019-01-14 10:19:00,1.331,"<div class=""MessageStreamView__body___2giLh""><div><span><a data-event=""click"" data-for=""cashTag"" data-tip=""MNKD"" href=""/symbol/MNKD"" id=""MNKD-150545235-1449"">$MNKD</a></span> we are seeing some Pablo sightings...Go Pablo...Go Pablo...get your groove in...</div></div>"
Solicurance2019,True,2019-01-14 10:10:00,1.335,"<div class=""MessageStreamView__body___2giLh""><div><span><a data-event=""click"" data-for=""cashTag"" data-tip=""MNKD"" href=""/symbol/MNKD"" id=""MNKD-150543610-1461"">$MNKD</a></span> $1.51 should trigger some stop losses for shorts... just passed 1.50</div></div>"
RodRosenstein,False,2019-01-14 10:01:00,1.3,"<div class=""MessageStreamView__body___2giLh""><div><span><a data-event=""click"" data-for=""cashTag"" data-tip=""MNKD"" href=""/symbol/MNKD"" id=""MNKD-150541966-1473"">$MNKD</a></span> Nothing to see here.</div></div>"
gamblerjag,True,2019-01-14 09:45:00,1.337,"<div class=""MessageStreamView__body___2giLh""><div><span><a data-event=""click"" data-for=""cashTag"" data-tip=""MNKD"" href=""/symbol/MNKD"" id=""MNKD-150538996-1482"">$MNKD</a></span> And many here will say yes but I just couldn’t get past the current PPS…</div></div>"
gamblerjag,True,2019-01-14 09:44:00,1.331,"<div class=""MessageStreamView__body___2giLh""><div><span><a data-event=""click"" data-for=""cashTag"" data-tip=""MNKD"" href=""/symbol/MNKD"" id=""MNKD-150538876-1488"">$MNKD</a></span> Can’t wait to tell many here by the end of the year Mike desserved 2018 pay and bonuses.</div></div>"
PhillyTime,True,2019-01-14 09:42:00,1.339,"<div class=""MessageStreamView__body___2giLh""><div><span><a data-event=""click"" data-for=""cashTag"" data-tip=""MNKD"" href=""/symbol/MNKD"" id=""MNKD-150538544-1491"">$MNKD</a></span> ...CEO Mikey C for those that missed it--&gt;&gt;
 .""MannKind Corporation expanding into the cannabinoid space"" on YouTube
<a data-event=""click"" href=""https://youtu.be/1Eg4I4KeF2A"" rel=""noopener nofollow"" target=""_blank"">youtube.com/watch?v=1Eg4I4K...</a></div></div>"
OTCBBKing,True,2019-01-14 09:39:00,1.327,"<div class=""MessageStreamView__body___2giLh""><div><span><a data-event=""click"" data-for=""cashTag"" data-tip=""MNKD"" href=""/symbol/MNKD"" id=""MNKD-150538055-1497"">$MNKD</a></span> maybe something big is coming from the JPM conference and word has leaked? Big volume open.</div></div>"
Lakerstrader,True,2019-01-14 09:33:00,1.327,"<div class=""MessageStreamView__body___2giLh""><div><span><a data-event=""click"" data-for=""cashTag"" data-tip=""MNKD"" href=""/symbol/MNKD"" id=""MNKD-150537174-1500"">$MNKD</a></span> Gotta love green. When I see green it means shorts are losing.</div></div>"
zaza1,True,2019-01-14 09:33:00,1.327,"<div class=""MessageStreamView__body___2giLh""><div><span><a data-event=""click"" data-for=""cashTag"" data-tip=""MNKD"" href=""/symbol/MNKD"" id=""MNKD-150537078-1503"">$MNKD</a></span> news???</div></div>"
Sophia_Petrillo,True,2019-01-14 09:30:00,1.325,"<div class=""MessageStreamView__body___2giLh""><div><span><a data-event=""click"" data-for=""cashTag"" data-tip=""MNKD"" href=""/symbol/MNKD"" id=""MNKD-150536747-1509"">$MNKD</a></span> 325k shares already</div></div>"
