MoneyMRKR69,True,2019-01-14 15:49:00,5.917,"<div class=""MessageStreamView__body___2giLh""><div><span><a data-event=""click"" data-for=""cashTag"" data-tip=""MRKR"" href=""/symbol/MRKR"" id=""MRKR-150595720-67"">$MRKR</a></span> ppl are skeptical of simplicity of the process here.. everyone wants to invest in the flashy stuff. They will learn</div></div>"
starjets,True,2019-01-14 14:54:00,5.965,"<div class=""MessageStreamView__body___2giLh""><div><span><a data-event=""click"" data-for=""cashTag"" data-tip=""MRKR"" href=""/symbol/MRKR"" id=""MRKR-150586628-70"">$MRKR</a></span> What is relevant is Not the SP, it is the depth of  knowledge that we have researched into this company : A great satisfying one !</div></div>"
starjets,True,2019-01-14 14:36:00,5.97,"<div class=""MessageStreamView__body___2giLh""><div><span><a data-event=""click"" data-for=""cashTag"" data-tip=""MRKR"" href=""/symbol/MRKR"" id=""MRKR-150583938-73"">$MRKR</a></span> At this level, any big pharma could do a hostile take over in one big swoop...</div></div>"
shummy,True,2019-01-14 12:51:00,6.08,"<div class=""MessageStreamView__body___2giLh""><div><span><a data-event=""click"" data-for=""cashTag"" data-tip=""MRKR"" href=""/symbol/MRKR"" id=""MRKR-150568287-79"">$MRKR</a></span> a lot of shares on the ask haven’t seen that type of stuff here</div></div>"
shummy,True,2019-01-14 12:04:00,6.12,"<div class=""MessageStreamView__body___2giLh""><div><span><a data-event=""click"" data-for=""cashTag"" data-tip=""MRKR"" href=""/symbol/MRKR"" id=""MRKR-150561711-82"">$MRKR</a></span> interesting day</div></div>"
MoneyMRKR69,True,2019-01-14 11:03:00,6.127,"<div class=""MessageStreamView__body___2giLh""><div><span><a data-event=""click"" data-for=""cashTag"" data-tip=""MRKR"" href=""/symbol/MRKR"" id=""MRKR-150552326-85"">$MRKR</a></span> 3 months and we’ll be over $13 minimum</div></div>"
