MOrilla,True,2019-01-14 15:57:00,-1,"<div class=""MessageStreamView__body___2giLh""><div><span><a data-event=""click"" data-for=""cashTag"" data-tip=""MYSZ"" href=""/symbol/MYSZ"" id=""MYSZ-150597153-446"">$MYSZ</a></span> new upgrade to BoxSizeID makes measuring 50% faster than before (already was fast).

<a data-event=""click"" href=""https://youtu.be/ApFEYqP5L2Y"" rel=""noopener nofollow"" target=""_blank"">youtube.com/watch?v=ApFEYqP...</a></div></div>"
MOrilla,True,2019-01-14 15:26:00,0.8894,"<div class=""MessageStreamView__body___2giLh""><div><span><a data-event=""click"" data-for=""cashTag"" data-tip=""MYSZ"" href=""/symbol/MYSZ"" id=""MYSZ-150591912-455"">$MYSZ</a></span> red 2 green soon.</div></div>"
MOrilla,True,2019-01-14 15:13:00,0.8891,"<div class=""MessageStreamView__body___2giLh""><div><span><a data-event=""click"" data-for=""cashTag"" data-tip=""MYSZ"" href=""/symbol/MYSZ"" id=""MYSZ-150589691-461"">$MYSZ</a></span> Price action today sans news today was/is very promising...</div></div>"
Watchman18,True,2019-01-14 15:11:00,0.8891,"<div class=""MessageStreamView__body___2giLh""><div><span><a data-event=""click"" data-for=""cashTag"" data-tip=""MYSZ"" href=""/symbol/MYSZ"" id=""MYSZ-150589364-464"">$MYSZ</a></span> at least we're not having a day like MBOT</div></div>"
Malgotas,True,2019-01-14 15:08:00,0.8818,"<div class=""MessageStreamView__body___2giLh""><div><span><a data-event=""click"" data-for=""cashTag"" data-tip=""MYSZ"" href=""/symbol/MYSZ"" id=""MYSZ-150588795-467"">$MYSZ</a></span> PR for NRF: ""We ate lunch in the cafeteria, it was great! Throwing expensive after-party on Friday!""</div></div>"
adeloach,True,2019-01-14 14:23:00,0.875,"<div class=""MessageStreamView__body___2giLh""><div><span><a data-event=""click"" data-for=""cashTag"" data-tip=""MYSZ"" href=""/symbol/MYSZ"" id=""MYSZ-150581995-475"">$MYSZ</a></span> the PR for NRF will be ""had a great time at nrf 2019, we had lots of interest"" the end!</div></div>"
MOrilla,True,2019-01-14 13:42:00,0.8852,"<div class=""MessageStreamView__body___2giLh""><div><span><a data-event=""click"" data-for=""cashTag"" data-tip=""MYSZ"" href=""/symbol/MYSZ"" id=""MYSZ-150575815-481"">$MYSZ</a></span> I’m a long term investor by nature.  But this would be a great time to enter on a swing.  PR before EOW is a near certainty...</div></div>"
MOrilla,True,2019-01-14 13:23:00,0.8852,"<div class=""MessageStreamView__body___2giLh""><div><span><a data-event=""click"" data-for=""cashTag"" data-tip=""MYSZ"" href=""/symbol/MYSZ"" id=""MYSZ-150572961-490"">$MYSZ</a></span> <span class=""UserProfileLink__container___2JY3s""><a data-event=""click"" href=""/TheEdTruck"" id=""user-profile-TheEdTruck-1547604717262-491"">@TheEdTruck</a></span> is just mad that I called him out on both his calls that were wrong today with DGAZ and FPAY.</div></div>"
adeloach,True,2019-01-14 12:54:00,0.8732,"<div class=""MessageStreamView__body___2giLh""><div><span><a data-event=""click"" data-for=""cashTag"" data-tip=""MYSZ"" href=""/symbol/MYSZ"" id=""MYSZ-150568755-502"">$MYSZ</a></span> why aren't they rolling out shopify with the 200+ pre-reg merchants?</div></div>"
hollaforadolla,True,2019-01-14 11:37:00,0.8887,"<div class=""MessageStreamView__body___2giLh""><div><span><a data-event=""click"" data-for=""cashTag"" data-tip=""MYSZ"" href=""/symbol/MYSZ"" id=""MYSZ-150557641-523"">$MYSZ</a></span> give beta testing to fashion nova for 3 months/have them run a % off for mysize usage/give Kylie 1 MIL to hold her phone w/app open🔥</div></div>"
steph79,True,2019-01-14 11:36:00,0.8887,"<div class=""MessageStreamView__body___2giLh""><div><span><a data-event=""click"" data-for=""cashTag"" data-tip=""MYSZ"" href=""/symbol/MYSZ"" id=""MYSZ-150557509-526"">$MYSZ</a></span> we get more real news &amp; forward looking statements from a blind man</div></div>"
Watchman18,True,2019-01-14 11:30:00,0.8744,"<div class=""MessageStreamView__body___2giLh""><div><span><a data-event=""click"" data-for=""cashTag"" data-tip=""MYSZ"" href=""/symbol/MYSZ"" id=""MYSZ-150556572-529"">$MYSZ</a></span> if we don't get mega news by December 31, 2020 then</div></div>"
steph79,True,2019-01-14 11:29:00,0.8744,"<div class=""MessageStreamView__body___2giLh""><div><span><a data-event=""click"" data-for=""cashTag"" data-tip=""MYSZ"" href=""/symbol/MYSZ"" id=""MYSZ-150556494-532"">$MYSZ</a></span> however, I’m going to stick around with <span class=""UserProfileLink__container___2JY3s""><a data-event=""click"" href=""/MoMoneyBurns"" id=""user-profile-MoMoneyBurns-1547604718496-533"">@MoMoneyBurns</a></span> &amp; keep holding</div></div>"
steph79,True,2019-01-14 11:28:00,0.8702,"<div class=""MessageStreamView__body___2giLh""><div><span><a data-event=""click"" data-for=""cashTag"" data-tip=""MYSZ"" href=""/symbol/MYSZ"" id=""MYSZ-150556322-536"">$MYSZ</a></span> I think we’ve all had enough with party pr &amp; parties, the meetups, the package deals, &amp; the tutorials</div></div>"
steph79,True,2019-01-14 11:27:00,0.8702,"<div class=""MessageStreamView__body___2giLh""><div>I’m honest about <span><a data-event=""click"" data-for=""cashTag"" data-tip=""MYSZ"" href=""/symbol/MYSZ"" id=""MYSZ-150556093-539"">$MYSZ</a></span> its the worst for PR &amp; marketing. We’re waiting in good hopes but that division needs some overhaul</div></div>"
MOrilla,True,2019-01-14 11:07:00,0.87,"<div class=""MessageStreamView__body___2giLh""><div><span><a data-event=""click"" data-for=""cashTag"" data-tip=""MYSZ"" href=""/symbol/MYSZ"" id=""MYSZ-150553021-559"">$MYSZ</a></span> 🦄

<a data-event=""click"" href=""https://www.cnbc.com/2019/01/10/growing-online-sales-means-more-returns-and-trash-for-landfills.html"" rel=""noopener nofollow"" target=""_blank"">cnbc.com/2019/01/10/growing...</a></div></div>"
adeloach,True,2019-01-14 10:32:00,0.8893,"<div class=""MessageStreamView__body___2giLh""><div><span><a data-event=""click"" data-for=""cashTag"" data-tip=""MYSZ"" href=""/symbol/MYSZ"" id=""MYSZ-150547139-571"">$MYSZ</a></span> I'm a believer in tech but realize we can't have another year like 18 w/o more dilution. If no deals by end Q1 i will be concerned.</div></div>"
bullishblank,True,2019-01-14 10:12:00,0.8756,"<div class=""MessageStreamView__body___2giLh""><div><span><a data-event=""click"" data-for=""cashTag"" data-tip=""MYSZ"" href=""/symbol/MYSZ"" id=""MYSZ-150543944-574"">$MYSZ</a></span> just give it some time. Hopefully things will get better soon!</div></div>"
Preacher1911,True,2019-01-14 10:00:00,0.9057,"<div class=""MessageStreamView__body___2giLh""><div><span><a data-event=""click"" data-for=""cashTag"" data-tip=""MYSZ"" href=""/symbol/MYSZ"" id=""MYSZ-150541700-577"">$MYSZ</a></span> This short term retrace means nothing. News will blow the top off this thing!</div></div>"
bhavik0,True,2019-01-14 09:58:00,0.924,"<div class=""MessageStreamView__body___2giLh""><div><span><a data-event=""click"" data-for=""cashTag"" data-tip=""MYSZ"" href=""/symbol/MYSZ"" id=""MYSZ-150541454-580"">$MYSZ</a></span> it’s a show ffs. Why are people expecting something to Just come out. Patience!</div></div>"
coinage,False,2019-01-14 09:50:00,0.8726,"<div class=""MessageStreamView__body___2giLh""><div><span><a data-event=""click"" data-for=""cashTag"" data-tip=""MYSZ"" href=""/symbol/MYSZ"" id=""MYSZ-150539908-589"">$MYSZ</a></span> bulls coming apart at the seams. If no substantial news, brace yourselves.</div></div>"
MailModel,True,2019-01-14 09:50:00,0.8726,"<div class=""MessageStreamView__body___2giLh""><div><span><a data-event=""click"" data-for=""cashTag"" data-tip=""MYSZ"" href=""/symbol/MYSZ"" id=""MYSZ-150539846-592"">$MYSZ</a></span> convention runs til wed. Ro will update shareholders EOW imo. Buy da dip.</div></div>"
MOrilla,True,2019-01-14 09:49:00,0.8718,"<div class=""MessageStreamView__body___2giLh""><div><span><a data-event=""click"" data-for=""cashTag"" data-tip=""MYSZ"" href=""/symbol/MYSZ"" id=""MYSZ-150539660-595"">$MYSZ</a></span> l can smell the fear.  Loosen up guys! If you’re truly long, temp dips are meaningless. The big kahuna of PR’s will come soon enough!!</div></div>"
Malgotas,True,2019-01-14 09:45:00,0.8799,"<div class=""MessageStreamView__body___2giLh""><div><span><a data-event=""click"" data-for=""cashTag"" data-tip=""MYSZ"" href=""/symbol/MYSZ"" id=""MYSZ-150539126-598"">$MYSZ</a></span> you guys got way too juiced up on a convention attendance. Nothing happens until we see revenue.  Everything else is just fluff.</div></div>"
PhilNickelson,True,2019-01-14 09:41:00,0.8799,"<div class=""MessageStreamView__body___2giLh""><div><span><a data-event=""click"" data-for=""cashTag"" data-tip=""MYSZ"" href=""/symbol/MYSZ"" id=""MYSZ-150538350-607"">$MYSZ</a></span> Dropped from same range to .64 then ripped last time. Let’s just rip this time please</div></div>"
DaddyTrader,False,2019-01-14 09:38:00,0.8788,"<div class=""MessageStreamView__body___2giLh""><div><span><a data-event=""click"" data-for=""cashTag"" data-tip=""MYSZ"" href=""/symbol/MYSZ"" id=""MYSZ-150537881-613"">$MYSZ</a></span> Glad I cancelled my .86 going down south far</div></div>"
elbakano718,True,2019-01-14 09:37:00,0.8625,"<div class=""MessageStreamView__body___2giLh""><div><span><a data-event=""click"" data-for=""cashTag"" data-tip=""MYSZ"" href=""/symbol/MYSZ"" id=""MYSZ-150537698-622"">$MYSZ</a></span> Let's make money already RO lol</div></div>"
