swayit,True,2019-01-14 15:59:00,2.085,"<div class=""MessageStreamView__body___2giLh""><div><span><a data-event=""click"" data-for=""cashTag"" data-tip=""NVAX"" href=""/symbol/NVAX"" id=""NVAX-150597642-608"">$NVAX</a></span> 290 shares at 2.09</div></div>"
cahoots26,False,2019-01-14 15:59:00,2.085,"<div class=""MessageStreamView__body___2giLh""><div><span><a data-event=""click"" data-for=""cashTag"" data-tip=""NVAX"" href=""/symbol/NVAX"" id=""NVAX-150597598-611"">$NVAX</a></span> Ez short prediction is on point!</div></div>"
Long_Believer,True,2019-01-14 15:57:00,2.095,"<div class=""MessageStreamView__body___2giLh""><div><span><a data-event=""click"" data-for=""cashTag"" data-tip=""NVAX"" href=""/symbol/NVAX"" id=""NVAX-150597270-623"">$NVAX</a></span> Trap, we longs know what is to come soon.....</div></div>"
swayit,True,2019-01-14 15:53:00,2.111,"<div class=""MessageStreamView__body___2giLh""><div><span><a data-event=""click"" data-for=""cashTag"" data-tip=""NVAX"" href=""/symbol/NVAX"" id=""NVAX-150596465-632"">$NVAX</a></span> tempted to add $600</div></div>"
neutron18,False,2019-01-14 15:52:00,2.115,"<div class=""MessageStreamView__body___2giLh""><div><span><a data-event=""click"" data-for=""cashTag"" data-tip=""NVAX"" href=""/symbol/NVAX"" id=""NVAX-150596211-635"">$NVAX</a></span> January no news, short time !!!</div></div>"
Kimasztu,True,2019-01-14 15:51:00,2.114,"<div class=""MessageStreamView__body___2giLh""><div><span><a data-event=""click"" data-for=""cashTag"" data-tip=""NVAX"" href=""/symbol/NVAX"" id=""NVAX-150596033-638"">$NVAX</a></span> Tick tock... news on the way😎🚀⏰</div></div>"
FFB,True,2019-01-14 15:49:00,2.115,"<div class=""MessageStreamView__body___2giLh""><div><span><a data-event=""click"" data-for=""cashTag"" data-tip=""NVAX"" href=""/symbol/NVAX"" id=""NVAX-150595725-641"">$NVAX</a></span> Looks like Brian Malone is back but the BMW has been repossessed.</div></div>"
brianmalonee,True,2019-01-14 15:47:00,2.11,"<div class=""MessageStreamView__body___2giLh""><div><span><a data-event=""click"" data-for=""cashTag"" data-tip=""IBIO"" href=""/symbol/IBIO"" id=""IBIO-150595309-644"">$IBIO</a></span> <span><a data-event=""click"" data-for=""cashTag"" data-tip=""SBUX"" href=""/symbol/SBUX"" id=""SBUX-150595309-645"">$SBUX</a></span> <span><a data-event=""click"" data-for=""cashTag"" data-tip=""BTC.X"" href=""/symbol/BTC.X"" id=""BTC-X-150595309-646"">$BTC.X</a></span> <span><a data-event=""click"" data-for=""cashTag"" data-tip=""AEMD"" href=""/symbol/AEMD"" id=""AEMD-150595309-647"">$AEMD</a></span> <span><a data-event=""click"" data-for=""cashTag"" data-tip=""AMD"" href=""/symbol/AMD"" id=""AMD-150595309-648"">$AMD</a></span> <span><a data-event=""click"" data-for=""cashTag"" data-tip=""BHC"" href=""/symbol/BHC"" id=""BHC-150595309-649"">$BHC</a></span> <span><a data-event=""click"" data-for=""cashTag"" data-tip=""OGEN"" href=""/symbol/OGEN"" id=""OGEN-150595309-650"">$OGEN</a></span> <span><a data-event=""click"" data-for=""cashTag"" data-tip=""NVAX"" href=""/symbol/NVAX"" id=""NVAX-150595309-651"">$NVAX</a></span> GRAB IBIO WHILE YOU can this and CRMD will run soonnnnnn</div></div>"
ross92,True,2019-01-14 15:21:00,2.122,"<div class=""MessageStreamView__body___2giLh""><div><span><a data-event=""click"" data-for=""cashTag"" data-tip=""NVAX"" href=""/symbol/NVAX"" id=""NVAX-150591005-661"">$NVAX</a></span> damn is it time to buy calls or whuttt got a down day as well</div></div>"
ells13,True,2019-01-14 15:14:00,2.125,"<div class=""MessageStreamView__body___2giLh""><div><span><a data-event=""click"" data-for=""cashTag"" data-tip=""NVAX"" href=""/symbol/NVAX"" id=""NVAX-150589815-664"">$NVAX</a></span> last buying opportunity eow</div></div>"
ells13,True,2019-01-14 15:12:00,2.126,"<div class=""MessageStreamView__body___2giLh""><div><span><a data-event=""click"" data-for=""cashTag"" data-tip=""NVAX"" href=""/symbol/NVAX"" id=""NVAX-150589502-667"">$NVAX</a></span> MBOT gains incredible, ready with my nanocap ALT, any positive news 🚀</div></div>"
DowntownPJ,True,2019-01-14 14:56:00,2.125,"<div class=""MessageStreamView__body___2giLh""><div><span><a data-event=""click"" data-for=""cashTag"" data-tip=""NVAX"" href=""/symbol/NVAX"" id=""NVAX-150586924-673"">$NVAX</a></span> LONG 🍆🔜1️⃣0️⃣</div></div>"
JGGOGREEN,True,2019-01-14 14:14:00,2.118,"<div class=""MessageStreamView__body___2giLh""><div><span><a data-event=""click"" data-for=""cashTag"" data-tip=""NVAX"" href=""/symbol/NVAX"" id=""NVAX-150580732-676"">$NVAX</a></span> Easy $6-$8, backed by J.p. morgan and Bill and Melinda Gates <a data-event=""click"" href=""Https://seekingalpha.com/article/4233206-novavax-2-vaccines-high-upside-late-stages#alt1"" rel=""noopener nofollow"" target=""_blank"">Https://seekingalpha.com/article/4233206-novavax-2-vaccines-high-upside-late-stages#alt1</a></div></div>"
cahoots26,False,2019-01-14 14:13:00,2.118,"<div class=""MessageStreamView__body___2giLh""><div><span><a data-event=""click"" data-for=""cashTag"" data-tip=""NVAX"" href=""/symbol/NVAX"" id=""NVAX-150580584-679"">$NVAX</a></span> Shorting whenever you see NVAX spikes is a very profitable play. Smart money doesn't hold this stock.</div></div>"
Long_Believer,True,2019-01-14 14:13:00,2.118,"<div class=""MessageStreamView__body___2giLh""><div><span><a data-event=""click"" data-for=""cashTag"" data-tip=""NVAX"" href=""/symbol/NVAX"" id=""NVAX-150580571-682"">$NVAX</a></span> Just remember...right around the corner!</div></div>"
JGGOGREEN,True,2019-01-14 14:10:00,2.115,"<div class=""MessageStreamView__body___2giLh""><div><span><a data-event=""click"" data-for=""cashTag"" data-tip=""NVAX"" href=""/symbol/NVAX"" id=""NVAX-150580218-685"">$NVAX</a></span> Buying here and holding is the easiest money you can make this year, smart money already knows this</div></div>"
cahoots26,False,2019-01-14 14:04:00,2.119,"<div class=""MessageStreamView__body___2giLh""><div><span><a data-event=""click"" data-for=""cashTag"" data-tip=""NVAX"" href=""/symbol/NVAX"" id=""NVAX-150579113-688"">$NVAX</a></span> Real longs, this is really a good time to reconsider specially if you have a sizeable position. The pumpers are giving you false hopes</div></div>"
ells13,True,2019-01-14 13:58:00,2.134,"<div class=""MessageStreamView__body___2giLh""><div><span><a data-event=""click"" data-for=""cashTag"" data-tip=""NVAX"" href=""/symbol/NVAX"" id=""NVAX-150578233-694"">$NVAX</a></span> short borrowing, short covering, hedge etc, they know they have to lower sp now before it's too late, smart money will buy this dip</div></div>"
roccoluchetta,True,2019-01-14 13:55:00,2.134,"<div class=""MessageStreamView__body___2giLh""><div><span><a data-event=""click"" data-for=""cashTag"" data-tip=""NVAX"" href=""/symbol/NVAX"" id=""NVAX-150577780-697"">$NVAX</a></span> Short you play with fire i  tell you fire burn</div></div>"
roccoluchetta,True,2019-01-14 13:49:00,2.134,"<div class=""MessageStreamView__body___2giLh""><div><span><a data-event=""click"" data-for=""cashTag"" data-tip=""NVAX"" href=""/symbol/NVAX"" id=""NVAX-150576894-703"">$NVAX</a></span> short cover mbot up 250% nvax short cover350%  careful short</div></div>"
jcljack25,True,2019-01-14 13:36:00,2.14,"<div class=""MessageStreamView__body___2giLh""><div><span><a data-event=""click"" data-for=""cashTag"" data-tip=""NVAX"" href=""/symbol/NVAX"" id=""NVAX-150574909-706"">$NVAX</a></span> Gates invested $89m and Baker Bros purchase 4.7m shares. Good enough for me!</div></div>"
cahoots26,False,2019-01-14 13:36:00,2.14,"<div class=""MessageStreamView__body___2giLh""><div><span><a data-event=""click"" data-for=""cashTag"" data-tip=""NVAX"" href=""/symbol/NVAX"" id=""NVAX-150574874-709"">$NVAX</a></span> Longs, look at MBOT. That's where you should be. The price movement after the positive P2 nanoflu result should be your clue.</div></div>"
ells13,True,2019-01-14 13:35:00,2.135,"<div class=""MessageStreamView__body___2giLh""><div><span><a data-event=""click"" data-for=""cashTag"" data-tip=""NVAX"" href=""/symbol/NVAX"" id=""NVAX-150574663-712"">$NVAX</a></span> and service</div></div>"
ells13,True,2019-01-14 13:04:00,2.135,"<div class=""MessageStreamView__body___2giLh""><div><span><a data-event=""click"" data-for=""cashTag"" data-tip=""NVAX"" href=""/symbol/NVAX"" id=""NVAX-150570194-727"">$NVAX</a></span> Bull trap from LOD if we can't finish 2.16+, breakout of double bottom, pull away from resistance, but JPM can bear trap mm 🏧🆙</div></div>"
ells13,True,2019-01-14 12:56:00,2.136,"<div class=""MessageStreamView__body___2giLh""><div><span><a data-event=""click"" data-for=""cashTag"" data-tip=""NVAX"" href=""/symbol/NVAX"" id=""NVAX-150568988-733"">$NVAX</a></span> 2.16+ finish, very bullish but mm holding this down to kill calls</div></div>"
Blastnoff,True,2019-01-14 12:51:00,2.139,"<div class=""MessageStreamView__body___2giLh""><div><span><a data-event=""click"" data-for=""cashTag"" data-tip=""NVAX"" href=""/symbol/NVAX"" id=""NVAX-150568257-736"">$NVAX</a></span> Train is leaving.</div></div>"
swing31,True,2019-01-14 12:50:00,2.138,"<div class=""MessageStreamView__body___2giLh""><div><span><a data-event=""click"" data-for=""cashTag"" data-tip=""NVAX"" href=""/symbol/NVAX"" id=""NVAX-150568140-739"">$NVAX</a></span> It's just testing the 50MA...I hope.</div></div>"
Vegas51,True,2019-01-14 12:47:00,2.133,"<div class=""MessageStreamView__body___2giLh""><div><span><a data-event=""click"" data-for=""cashTag"" data-tip=""NVAX"" href=""/symbol/NVAX"" id=""NVAX-150567791-742"">$NVAX</a></span> S A  
<a data-event=""click"" href=""https://seekingalpha.com/article/4233206"" rel=""noopener nofollow"" target=""_blank"">seekingalpha.com/article/42...</a></div></div>"
roccoluchetta,True,2019-01-14 12:40:00,2.125,"<div class=""MessageStreamView__body___2giLh""><div><span><a data-event=""click"" data-for=""cashTag"" data-tip=""NVAX"" href=""/symbol/NVAX"" id=""NVAX-150566846-749"">$NVAX</a></span> monkey you're a tough man yes chief</div></div>"
ells13,True,2019-01-14 12:12:00,2.115,"<div class=""MessageStreamView__body___2giLh""><div><span><a data-event=""click"" data-for=""cashTag"" data-tip=""NVAX"" href=""/symbol/NVAX"" id=""NVAX-150562805-758"">$NVAX</a></span> 1 catalyst, 2 catalyst, 3 catalyst, moon, completion</div></div>"
Long_Believer,True,2019-01-14 12:07:00,2.115,"<div class=""MessageStreamView__body___2giLh""><div><span><a data-event=""click"" data-for=""cashTag"" data-tip=""NVAX"" href=""/symbol/NVAX"" id=""NVAX-150562041-761"">$NVAX</a></span> Cheap shares, price dips won't scare me off! Just want to buy more!</div></div>"
ells13,True,2019-01-14 12:03:00,2.115,"<div class=""MessageStreamView__body___2giLh""><div><span><a data-event=""click"" data-for=""cashTag"" data-tip=""NVAX"" href=""/symbol/NVAX"" id=""NVAX-150561594-764"">$NVAX</a></span> Institutional buy right about now, i know institutions hedge before results but can JPM go all in and dump an upgrade tomoz pm</div></div>"
JGGOGREEN,True,2019-01-14 12:02:00,2.115,"<div class=""MessageStreamView__body___2giLh""><div><span><a data-event=""click"" data-for=""cashTag"" data-tip=""NVAX"" href=""/symbol/NVAX"" id=""NVAX-150561438-767"">$NVAX</a></span> Resvax, soon to be protecting martians from RSV</div></div>"
ells13,True,2019-01-14 11:59:00,2.115,"<div class=""MessageStreamView__body___2giLh""><div><span><a data-event=""click"" data-for=""cashTag"" data-tip=""NVAX"" href=""/symbol/NVAX"" id=""NVAX-150560991-770"">$NVAX</a></span> hopefully changing for a GT-R soon</div></div>"
FFB,True,2019-01-14 11:58:00,2.119,"<div class=""MessageStreamView__body___2giLh""><div><span><a data-event=""click"" data-for=""cashTag"" data-tip=""NVAX"" href=""/symbol/NVAX"" id=""NVAX-150560749-773"">$NVAX</a></span> If cahoots would just cover, we could back to 2.20 and he could short again.  It's a win/win!  Do it!</div></div>"
JGGOGREEN,True,2019-01-14 11:55:00,2.112,"<div class=""MessageStreamView__body___2giLh""><div><span><a data-event=""click"" data-for=""cashTag"" data-tip=""NVAX"" href=""/symbol/NVAX"" id=""NVAX-150560419-776"">$NVAX</a></span> Just talked to management... they said to look into getting a space suit, apparently were going to the moon</div></div>"
NumbersGirl1,True,2019-01-14 11:40:00,2.115,"<div class=""MessageStreamView__body___2giLh""><div><span><a data-event=""click"" data-for=""cashTag"" data-tip=""NVAX"" href=""/symbol/NVAX"" id=""NVAX-150558118-783"">$NVAX</a></span> <a data-event=""click"" href=""https://seekingalpha.com/article/4233206-novavax-2-vaccines-high-upside-late-stages?dr=1#alt2"" rel=""noopener nofollow"" target=""_blank"">https://seekingalpha.com/article/4233206-novavax-2-vaccines-high-upside-late-stages?dr=1#alt2</a></div></div>"
FFB,True,2019-01-14 11:38:00,2.115,"<div class=""MessageStreamView__body___2giLh""><div><span><a data-event=""click"" data-for=""cashTag"" data-tip=""NVAX"" href=""/symbol/NVAX"" id=""NVAX-150557833-789"">$NVAX</a></span> </div></div>"
cahoots26,False,2019-01-14 11:32:00,2.115,"<div class=""MessageStreamView__body___2giLh""><div><span><a data-event=""click"" data-for=""cashTag"" data-tip=""NVAX"" href=""/symbol/NVAX"" id=""NVAX-150556903-792"">$NVAX</a></span> MMs will manipulate this to close sub 2 this week. 2.00 calls will expire worthless. Target for Feb are the 1.50 calls.</div></div>"
cahoots26,False,2019-01-14 11:15:00,2.12,"<div class=""MessageStreamView__body___2giLh""><div><span><a data-event=""click"" data-for=""cashTag"" data-tip=""NVAX"" href=""/symbol/NVAX"" id=""NVAX-150554250-801"">$NVAX</a></span> New day low -&gt; 2.12. EZ short.</div></div>"
DowntownPJ,True,2019-01-14 11:13:00,2.12,"<div class=""MessageStreamView__body___2giLh""><div><span><a data-event=""click"" data-for=""cashTag"" data-tip=""NVAX"" href=""/symbol/NVAX"" id=""NVAX-150553867-804"">$NVAX</a></span> it’s Monday!!!! A long, hard and deep week ahead!!!! 🍆🍆🍆🍆🍆 <a data-event=""click"" href=""/topic/deep"">#deep</a> <a data-event=""click"" href=""/topic/TeamHARD"">#TeamHARD</a> <a data-event=""click"" href=""/topic/Nano"">#Nano</a> <a data-event=""click"" href=""/topic/Stayhard"">#Stayhard</a> <a data-event=""click"" href=""/topic/Clean"">#Clean</a> <a data-event=""click"" href=""/topic/2019"">#2019</a></div></div>"
Kimasztu,True,2019-01-14 10:55:00,2.127,"<div class=""MessageStreamView__body___2giLh""><div><span><a data-event=""click"" data-for=""cashTag"" data-tip=""NVAX"" href=""/symbol/NVAX"" id=""NVAX-150551030-822"">$NVAX</a></span> Long&amp;Strong💪</div></div>"
roccoluchetta,True,2019-01-14 10:48:00,2.124,"<div class=""MessageStreamView__body___2giLh""><div><span><a data-event=""click"" data-for=""cashTag"" data-tip=""NVAX"" href=""/symbol/NVAX"" id=""NVAX-150549839-831"">$NVAX</a></span> some nany short at 2 dollar stock crazy</div></div>"
brianmalonee,True,2019-01-14 10:45:00,2.128,"<div class=""MessageStreamView__body___2giLh""><div><span><a data-event=""click"" data-for=""cashTag"" data-tip=""CRMD"" href=""/symbol/CRMD"" id=""CRMD-150549277-837"">$CRMD</a></span> <span><a data-event=""click"" data-for=""cashTag"" data-tip=""IBIO"" href=""/symbol/IBIO"" id=""IBIO-150549277-838"">$IBIO</a></span> <span><a data-event=""click"" data-for=""cashTag"" data-tip=""NVAX"" href=""/symbol/NVAX"" id=""NVAX-150549277-839"">$NVAX</a></span> recovery at 11 for one of these hmmmm</div></div>"
roccoluchetta,True,2019-01-14 10:38:00,2.135,"<div class=""MessageStreamView__body___2giLh""><div><span><a data-event=""click"" data-for=""cashTag"" data-tip=""NVAX"" href=""/symbol/NVAX"" id=""NVAX-150548191-848"">$NVAX</a></span> those ass<a data-event=""click"" href=""/topic/#le"">##le</a> the short this to dead  i don't understand</div></div>"
ells13,True,2019-01-14 10:38:00,2.135,"<div class=""MessageStreamView__body___2giLh""><div><span><a data-event=""click"" data-for=""cashTag"" data-tip=""NVAX"" href=""/symbol/NVAX"" id=""NVAX-150548147-851"">$NVAX</a></span> someone is going to get serviced below resistance</div></div>"
JGGOGREEN,True,2019-01-14 10:37:00,2.132,"<div class=""MessageStreamView__body___2giLh""><div><span><a data-event=""click"" data-for=""cashTag"" data-tip=""NVAX"" href=""/symbol/NVAX"" id=""NVAX-150548009-854"">$NVAX</a></span> RSV within a month, easy $4-$6 for longs</div></div>"
cahoots26,False,2019-01-14 10:22:00,2.159,"<div class=""MessageStreamView__body___2giLh""><div><span><a data-event=""click"" data-for=""cashTag"" data-tip=""NVAX"" href=""/symbol/NVAX"" id=""NVAX-150545646-863"">$NVAX</a></span> Positive P2 results for nanoflu but SP keeps going down. There's really something wrong in this stock and longs should be careful.</div></div>"
cahoots26,False,2019-01-14 10:10:00,2.16,"<div class=""MessageStreamView__body___2giLh""><div><span><a data-event=""click"" data-for=""cashTag"" data-tip=""NVAX"" href=""/symbol/NVAX"" id=""NVAX-150543659-873"">$NVAX</a></span> EZ short as always.</div></div>"
jsp4423,True,2019-01-14 10:03:00,2.157,"<div class=""MessageStreamView__body___2giLh""><div><span><a data-event=""click"" data-for=""cashTag"" data-tip=""VXRT"" href=""/symbol/VXRT"" id=""VXRT-150542219-876"">$VXRT</a></span> rsv data can move this huge. <span><a data-event=""click"" data-for=""cashTag"" data-tip=""NVAX"" href=""/symbol/NVAX"" id=""NVAX-150542219-877"">$NVAX</a></span></div></div>"
ells13,True,2019-01-14 09:48:00,2.197,"<div class=""MessageStreamView__body___2giLh""><div><span><a data-event=""click"" data-for=""cashTag"" data-tip=""NVAX"" href=""/symbol/NVAX"" id=""NVAX-150539586-902"">$NVAX</a></span> <span><a data-event=""click"" data-for=""cashTag"" data-tip=""XBI"" href=""/symbol/XBI"" id=""XBI-150539586-903"">$XBI</a></span> buy the dips</div></div>"
ells13,True,2019-01-14 09:47:00,2.2,"<div class=""MessageStreamView__body___2giLh""><div><span><a data-event=""click"" data-for=""cashTag"" data-tip=""NVAX"" href=""/symbol/NVAX"" id=""NVAX-150539446-906"">$NVAX</a></span> at 09:44 correlation with XBI</div></div>"
ells13,True,2019-01-14 09:34:00,2.159,"<div class=""MessageStreamView__body___2giLh""><div><span><a data-event=""click"" data-for=""cashTag"" data-tip=""NVAX"" href=""/symbol/NVAX"" id=""NVAX-150537350-909"">$NVAX</a></span> 2.14 low on friday, break 2.12, service and bounce</div></div>"
