ACInvestorBlog,True,2019-01-14 13:13:00,1.825,"<div class=""MessageStreamView__body___2giLh""><div><span><a data-event=""click"" data-for=""cashTag"" data-tip=""OBLN"" href=""/symbol/OBLN"" id=""OBLN-150571619-33"">$OBLN</a></span> chart is curling up nicely here. On watch.</div></div>"
StockAlerts77,True,2019-01-14 11:07:00,1.825,"<div class=""MessageStreamView__body___2giLh""><div><span><a data-event=""click"" data-for=""cashTag"" data-tip=""OBLN"" href=""/symbol/OBLN"" id=""OBLN-150553005-39"">$OBLN</a></span> reversal will most likely occur soon. Keep watch</div></div>"
ACInvestorBlog,True,2019-01-14 11:02:00,1.826,"<div class=""MessageStreamView__body___2giLh""><div><span><a data-event=""click"" data-for=""cashTag"" data-tip=""OBLN"" href=""/symbol/OBLN"" id=""OBLN-150552185-42"">$OBLN</a></span> chart continues to show signs of reversal. At some point, this baby will fly. On watch.</div></div>"
jsp4423,True,2019-01-14 09:32:00,1.84,"<div class=""MessageStreamView__body___2giLh""><div><span><a data-event=""click"" data-for=""cashTag"" data-tip=""OBLN"" href=""/symbol/OBLN"" id=""OBLN-150536948-48"">$OBLN</a></span> once over $2 this will run.</div></div>"
jsp4423,True,2019-01-14 09:30:00,1.86,"<div class=""MessageStreamView__body___2giLh""><div><span><a data-event=""click"" data-for=""cashTag"" data-tip=""OBLN"" href=""/symbol/OBLN"" id=""OBLN-150536657-51"">$OBLN</a></span> here it is.</div></div>"
