10XThanos,True,2019-01-14 15:01:00,0.9354,"<div class=""MessageStreamView__body___2giLh""><div><span><a data-event=""click"" data-for=""cashTag"" data-tip=""PAVM"" href=""/symbol/PAVM"" id=""PAVM-150587655-89"">$PAVM</a></span> 2 weeks Esocheck news, add if you will..</div></div>"
10XThanos,True,2019-01-14 14:57:00,0.9324,"<div class=""MessageStreamView__body___2giLh""><div><span><a data-event=""click"" data-for=""cashTag"" data-tip=""PAVM"" href=""/symbol/PAVM"" id=""PAVM-150587080-92"">$PAVM</a></span> adding, gift 😘😘</div></div>"
jmatbob,True,2019-01-14 14:02:00,0.9399,"<div class=""MessageStreamView__body___2giLh""><div><span><a data-event=""click"" data-for=""cashTag"" data-tip=""PAVM"" href=""/symbol/PAVM"" id=""PAVM-150578894-95"">$PAVM</a></span> that means those guys havent lost faith on the dip :P</div></div>"
yeradrag,True,2019-01-14 14:02:00,0.9399,"<div class=""MessageStreamView__body___2giLh""><div><span><a data-event=""click"" data-for=""cashTag"" data-tip=""PAVM"" href=""/symbol/PAVM"" id=""PAVM-150578862-130"">$PAVM</a></span> PAVMED HAS WONDER WHERE IS MY COMMENT ON RECENT MOVEMENTATION? OF COURSE YES! I HAVE SEEN THIS PAVMED FOR NOW! BULLS DEEP!</div></div>"
jmatbob,True,2019-01-14 13:54:00,0.9399,"<div class=""MessageStreamView__body___2giLh""><div><span><a data-event=""click"" data-for=""cashTag"" data-tip=""PAVM"" href=""/symbol/PAVM"" id=""PAVM-150577526-133"">$PAVM</a></span> the warrants are still green</div></div>"
FDALURKER,False,2019-01-14 13:28:00,0.938,"<div class=""MessageStreamView__body___2giLh""><div><span><a data-event=""click"" data-for=""cashTag"" data-tip=""PAVM"" href=""/symbol/PAVM"" id=""PAVM-150573540-139"">$PAVM</a></span> They will have to do an offering before next months earnings. Next earnings will reveal how broke they are. Be smart not blind.</div></div>"
FDALURKER,False,2019-01-14 13:21:00,0.938,"<div class=""MessageStreamView__body___2giLh""><div><span><a data-event=""click"" data-for=""cashTag"" data-tip=""PAVM"" href=""/symbol/PAVM"" id=""PAVM-150572689-145"">$PAVM</a></span>  From the latest report, Aklog’s total compensation more than doubled, reaching US$1.03M . Talk about robbing shareholders.</div></div>"
mfoley318,True,2019-01-14 13:08:00,0.94,"<div class=""MessageStreamView__body___2giLh""><div><span><a data-event=""click"" data-for=""cashTag"" data-tip=""PAVM"" href=""/symbol/PAVM"" id=""PAVM-150570814-157"">$PAVM</a></span> or sell them to me :)</div></div>"
FatNinjaRider,True,2019-01-14 13:06:00,0.93,"<div class=""MessageStreamView__body___2giLh""><div><span><a data-event=""click"" data-for=""cashTag"" data-tip=""PAVM"" href=""/symbol/PAVM"" id=""PAVM-150570536-160"">$PAVM</a></span> Don't listen to that lurker jerk, we are being raided again for cheap shares - DON'T SELL!</div></div>"
FDALURKER,False,2019-01-14 13:03:00,0.94,"<div class=""MessageStreamView__body___2giLh""><div><span><a data-event=""click"" data-for=""cashTag"" data-tip=""PAVM"" href=""/symbol/PAVM"" id=""PAVM-150570014-163"">$PAVM</a></span> Don't be surprised that there is zero insider buying. They are broke and Eso has a limited shared rev stream due to licensing deal</div></div>"
FDALURKER,False,2019-01-14 12:39:00,0.9401,"<div class=""MessageStreamView__body___2giLh""><div><span><a data-event=""click"" data-for=""cashTag"" data-tip=""PAVM"" href=""/symbol/PAVM"" id=""PAVM-150566677-166"">$PAVM</a></span> They will be suspending CARPX production IMO. Very risky with little cash should FDA require design changes after Human trials.</div></div>"
audio1,True,2019-01-14 10:03:00,0.9586,"<div class=""MessageStreamView__body___2giLh""><div><span><a data-event=""click"" data-for=""cashTag"" data-tip=""PAVM"" href=""/symbol/PAVM"" id=""PAVM-150542282-169"">$PAVM</a></span> what a deal !</div></div>"
traderjoe2018,True,2019-01-14 09:42:00,0.9447,"<div class=""MessageStreamView__body___2giLh""><div><span><a data-event=""click"" data-for=""cashTag"" data-tip=""PAVM"" href=""/symbol/PAVM"" id=""PAVM-150538590-181"">$PAVM</a></span> more cheap shares! Love it!</div></div>"
sohaibjan,False,2019-01-14 09:39:00,0.9558,"<div class=""MessageStreamView__body___2giLh""><div><span><a data-event=""click"" data-for=""cashTag"" data-tip=""PAVM"" href=""/symbol/PAVM"" id=""PAVM-150538105-184"">$PAVM</a></span> going down again</div></div>"
