Donburi,True,2019-01-14 15:59:00,1.678,"<div class=""MessageStreamView__body___2giLh""><div><span><a data-event=""click"" data-for=""cashTag"" data-tip=""PED"" href=""/symbol/PED"" id=""PED-150597568-430"">$PED</a></span> bouncing off 1.65. I’ll take it. See you all tomorrow.</div></div>"
mbarelorenzo,True,2019-01-14 15:53:00,1.678,"<div class=""MessageStreamView__body___2giLh""><div>Today hottest 🔥stocks 📈 
<span><a data-event=""click"" data-for=""cashTag"" data-tip=""MBOT"" href=""/symbol/MBOT"" id=""MBOT-150596363-433"">$MBOT</a></span>
<span><a data-event=""click"" data-for=""cashTag"" data-tip=""BIOC"" href=""/symbol/BIOC"" id=""BIOC-150596363-434"">$BIOC</a></span>
<span><a data-event=""click"" data-for=""cashTag"" data-tip=""PED"" href=""/symbol/PED"" id=""PED-150596363-435"">$PED</a></span>
<span><a data-event=""click"" data-for=""cashTag"" data-tip=""SBOT"" href=""/symbol/SBOT"" id=""SBOT-150596363-436"">$SBOT</a></span>
<span><a data-event=""click"" data-for=""cashTag"" data-tip=""VVUS"" href=""/symbol/VVUS"" id=""VVUS-150596363-437"">$VVUS</a></span>
<span><a data-event=""click"" data-for=""cashTag"" data-tip=""HTBX"" href=""/symbol/HTBX"" id=""HTBX-150596363-438"">$HTBX</a></span>
<span><a data-event=""click"" data-for=""cashTag"" data-tip=""BOXL"" href=""/symbol/BOXL"" id=""BOXL-150596363-439"">$BOXL</a></span>
<span><a data-event=""click"" data-for=""cashTag"" data-tip=""CODX"" href=""/symbol/CODX"" id=""CODX-150596363-440"">$CODX</a></span>
<span><a data-event=""click"" data-for=""cashTag"" data-tip=""STAF"" href=""/symbol/STAF"" id=""STAF-150596363-441"">$STAF</a></span>
<span><a data-event=""click"" data-for=""cashTag"" data-tip=""NBEV"" href=""/symbol/NBEV"" id=""NBEV-150596363-442"">$NBEV</a></span> 
Good job all</div></div>"
topstockalerts,True,2019-01-14 15:42:00,1.654,"<div class=""MessageStreamView__body___2giLh""><div>Top Movers:

<span><a data-event=""click"" data-for=""cashTag"" data-tip=""NBEV"" href=""/symbol/NBEV"" id=""NBEV-150594441-445"">$NBEV</a></span> <span><a data-event=""click"" data-for=""cashTag"" data-tip=""CGC"" href=""/symbol/CGC"" id=""CGC-150594441-446"">$CGC</a></span> <span><a data-event=""click"" data-for=""cashTag"" data-tip=""CRON"" href=""/symbol/CRON"" id=""CRON-150594441-447"">$CRON</a></span> <span><a data-event=""click"" data-for=""cashTag"" data-tip=""AAC"" href=""/symbol/AAC"" id=""AAC-150594441-448"">$AAC</a></span> <span><a data-event=""click"" data-for=""cashTag"" data-tip=""BIOC"" href=""/symbol/BIOC"" id=""BIOC-150594441-449"">$BIOC</a></span> <span><a data-event=""click"" data-for=""cashTag"" data-tip=""PED"" href=""/symbol/PED"" id=""PED-150594441-450"">$PED</a></span> <span><a data-event=""click"" data-for=""cashTag"" data-tip=""RNN"" href=""/symbol/RNN"" id=""RNN-150594441-451"">$RNN</a></span> <span><a data-event=""click"" data-for=""cashTag"" data-tip=""USAT"" href=""/symbol/USAT"" id=""USAT-150594441-452"">$USAT</a></span> <span><a data-event=""click"" data-for=""cashTag"" data-tip=""CFMS"" href=""/symbol/CFMS"" id=""CFMS-150594441-453"">$CFMS</a></span> <span><a data-event=""click"" data-for=""cashTag"" data-tip=""TLRY"" href=""/symbol/TLRY"" id=""TLRY-150594441-454"">$TLRY</a></span> <span><a data-event=""click"" data-for=""cashTag"" data-tip=""VVUS"" href=""/symbol/VVUS"" id=""VVUS-150594441-455"">$VVUS</a></span> <span><a data-event=""click"" data-for=""cashTag"" data-tip=""SSLJ"" href=""/symbol/SSLJ"" id=""SSLJ-150594441-456"">$SSLJ</a></span> <span><a data-event=""click"" data-for=""cashTag"" data-tip=""FTFT"" href=""/symbol/FTFT"" id=""FTFT-150594441-457"">$FTFT</a></span> <span><a data-event=""click"" data-for=""cashTag"" data-tip=""ABAC"" href=""/symbol/ABAC"" id=""ABAC-150594441-458"">$ABAC</a></span> <span><a data-event=""click"" data-for=""cashTag"" data-tip=""MBOT"" href=""/symbol/MBOT"" id=""MBOT-150594441-459"">$MBOT</a></span> <span><a data-event=""click"" data-for=""cashTag"" data-tip=""BOXL"" href=""/symbol/BOXL"" id=""BOXL-150594441-460"">$BOXL</a></span> <span><a data-event=""click"" data-for=""cashTag"" data-tip=""CODX"" href=""/symbol/CODX"" id=""CODX-150594441-461"">$CODX</a></span> <span><a data-event=""click"" data-for=""cashTag"" data-tip=""CAPR"" href=""/symbol/CAPR"" id=""CAPR-150594441-462"">$CAPR</a></span></div></div>"
01Abdulkadir,True,2019-01-14 15:22:00,1.716,"<div class=""MessageStreamView__body___2giLh""><div><span><a data-event=""click"" data-for=""cashTag"" data-tip=""PED"" href=""/symbol/PED"" id=""PED-150591189-487"">$PED</a></span> take off from here</div></div>"
Therashaver,True,2019-01-14 15:15:00,1.712,"<div class=""MessageStreamView__body___2giLh""><div><span><a data-event=""click"" data-for=""cashTag"" data-tip=""PED"" href=""/symbol/PED"" id=""PED-150590040-506"">$PED</a></span> Who's holding overnight?</div></div>"
01Abdulkadir,True,2019-01-14 15:15:00,1.712,"<div class=""MessageStreamView__body___2giLh""><div><span><a data-event=""click"" data-for=""cashTag"" data-tip=""PED"" href=""/symbol/PED"" id=""PED-150589983-509"">$PED</a></span> if the market was green today this would over 2.15 easly</div></div>"
topstockalerts,True,2019-01-14 15:11:00,1.727,"<div class=""MessageStreamView__body___2giLh""><div>Top Gainers:

<span><a data-event=""click"" data-for=""cashTag"" data-tip=""MBOT"" href=""/symbol/MBOT"" id=""MBOT-150589382-512"">$MBOT</a></span> <span><a data-event=""click"" data-for=""cashTag"" data-tip=""PED"" href=""/symbol/PED"" id=""PED-150589382-513"">$PED</a></span> <span><a data-event=""click"" data-for=""cashTag"" data-tip=""FTFT"" href=""/symbol/FTFT"" id=""FTFT-150589382-514"">$FTFT</a></span> <span><a data-event=""click"" data-for=""cashTag"" data-tip=""BIOC"" href=""/symbol/BIOC"" id=""BIOC-150589382-515"">$BIOC</a></span> <span><a data-event=""click"" data-for=""cashTag"" data-tip=""VVUS"" href=""/symbol/VVUS"" id=""VVUS-150589382-516"">$VVUS</a></span> <span><a data-event=""click"" data-for=""cashTag"" data-tip=""CGC"" href=""/symbol/CGC"" id=""CGC-150589382-517"">$CGC</a></span> <span><a data-event=""click"" data-for=""cashTag"" data-tip=""ABAC"" href=""/symbol/ABAC"" id=""ABAC-150589382-518"">$ABAC</a></span> <span><a data-event=""click"" data-for=""cashTag"" data-tip=""INVE"" href=""/symbol/INVE"" id=""INVE-150589382-519"">$INVE</a></span> <span><a data-event=""click"" data-for=""cashTag"" data-tip=""NBEV"" href=""/symbol/NBEV"" id=""NBEV-150589382-520"">$NBEV</a></span> <span><a data-event=""click"" data-for=""cashTag"" data-tip=""BRQS"" href=""/symbol/BRQS"" id=""BRQS-150589382-521"">$BRQS</a></span> <span><a data-event=""click"" data-for=""cashTag"" data-tip=""CODX"" href=""/symbol/CODX"" id=""CODX-150589382-522"">$CODX</a></span> <span><a data-event=""click"" data-for=""cashTag"" data-tip=""RNN"" href=""/symbol/RNN"" id=""RNN-150589382-523"">$RNN</a></span> <span><a data-event=""click"" data-for=""cashTag"" data-tip=""NBEV"" href=""/symbol/NBEV"" id=""NBEV-150589382-524"">$NBEV</a></span> <span><a data-event=""click"" data-for=""cashTag"" data-tip=""AAC"" href=""/symbol/AAC"" id=""AAC-150589382-525"">$AAC</a></span> <span><a data-event=""click"" data-for=""cashTag"" data-tip=""TLRY"" href=""/symbol/TLRY"" id=""TLRY-150589382-526"">$TLRY</a></span> <span><a data-event=""click"" data-for=""cashTag"" data-tip=""MPO"" href=""/symbol/MPO"" id=""MPO-150589382-527"">$MPO</a></span> <span><a data-event=""click"" data-for=""cashTag"" data-tip=""GCI"" href=""/symbol/GCI"" id=""GCI-150589382-528"">$GCI</a></span> <span><a data-event=""click"" data-for=""cashTag"" data-tip=""CRON"" href=""/symbol/CRON"" id=""CRON-150589382-529"">$CRON</a></span> <span><a data-event=""click"" data-for=""cashTag"" data-tip=""USAT"" href=""/symbol/USAT"" id=""USAT-150589382-530"">$USAT</a></span> <span><a data-event=""click"" data-for=""cashTag"" data-tip=""BOXL"" href=""/symbol/BOXL"" id=""BOXL-150589382-531"">$BOXL</a></span></div></div>"
Donburi,True,2019-01-14 15:09:00,1.729,"<div class=""MessageStreamView__body___2giLh""><div><span><a data-event=""click"" data-for=""cashTag"" data-tip=""PED"" href=""/symbol/PED"" id=""PED-150588979-537"">$PED</a></span> taking my gains from <span><a data-event=""click"" data-for=""cashTag"" data-tip=""MBOT"" href=""/symbol/MBOT"" id=""MBOT-150588979-538"">$MBOT</a></span> to here. Had to secure what I got from the $4.30 pos. PED is setting up just like in previous spikes.</div></div>"
Stockbuyout,True,2019-01-14 15:05:00,1.728,"<div class=""MessageStreamView__body___2giLh""><div><span><a data-event=""click"" data-for=""cashTag"" data-tip=""PED"" href=""/symbol/PED"" id=""PED-150588435-541"">$PED</a></span> wait for the massive run!??</div></div>"
topstockalerts,True,2019-01-14 15:05:00,1.728,"<div class=""MessageStreamView__body___2giLh""><div><span><a data-event=""click"" data-for=""cashTag"" data-tip=""PED"" href=""/symbol/PED"" id=""PED-150588298-544"">$PED</a></span> At highs. Keep an eye on it.</div></div>"
AmyPop,True,2019-01-14 14:58:00,1.71,"<div class=""MessageStreamView__body___2giLh""><div><span><a data-event=""click"" data-for=""cashTag"" data-tip=""PED"" href=""/symbol/PED"" id=""PED-150587171-550"">$PED</a></span> power hour! She’s right on schedule</div></div>"
BarterTrades,True,2019-01-14 14:30:00,1.68,"<div class=""MessageStreamView__body___2giLh""><div><span><a data-event=""click"" data-for=""cashTag"" data-tip=""PED"" href=""/symbol/PED"" id=""PED-150583119-571"">$PED</a></span> right at VWAP looking for a bounce, on watch for PH also</div></div>"
StockAlerts77,True,2019-01-14 14:25:00,1.681,"<div class=""MessageStreamView__body___2giLh""><div>Some stocks on watch here:

<span><a data-event=""click"" data-for=""cashTag"" data-tip=""MBOT"" href=""/symbol/MBOT"" id=""MBOT-150582259-574"">$MBOT</a></span> <span><a data-event=""click"" data-for=""cashTag"" data-tip=""PED"" href=""/symbol/PED"" id=""PED-150582259-575"">$PED</a></span> <span><a data-event=""click"" data-for=""cashTag"" data-tip=""VVUS"" href=""/symbol/VVUS"" id=""VVUS-150582259-576"">$VVUS</a></span> <span><a data-event=""click"" data-for=""cashTag"" data-tip=""ABAC"" href=""/symbol/ABAC"" id=""ABAC-150582259-577"">$ABAC</a></span> <span><a data-event=""click"" data-for=""cashTag"" data-tip=""GCI"" href=""/symbol/GCI"" id=""GCI-150582259-578"">$GCI</a></span> <span><a data-event=""click"" data-for=""cashTag"" data-tip=""USAT"" href=""/symbol/USAT"" id=""USAT-150582259-579"">$USAT</a></span> <span><a data-event=""click"" data-for=""cashTag"" data-tip=""BOXL"" href=""/symbol/BOXL"" id=""BOXL-150582259-580"">$BOXL</a></span> <span><a data-event=""click"" data-for=""cashTag"" data-tip=""INVE"" href=""/symbol/INVE"" id=""INVE-150582259-581"">$INVE</a></span> <span><a data-event=""click"" data-for=""cashTag"" data-tip=""BRQS"" href=""/symbol/BRQS"" id=""BRQS-150582259-582"">$BRQS</a></span> <span><a data-event=""click"" data-for=""cashTag"" data-tip=""CODX"" href=""/symbol/CODX"" id=""CODX-150582259-583"">$CODX</a></span> <span><a data-event=""click"" data-for=""cashTag"" data-tip=""RNN"" href=""/symbol/RNN"" id=""RNN-150582259-584"">$RNN</a></span> <span><a data-event=""click"" data-for=""cashTag"" data-tip=""NBEV"" href=""/symbol/NBEV"" id=""NBEV-150582259-585"">$NBEV</a></span> <span><a data-event=""click"" data-for=""cashTag"" data-tip=""AAC"" href=""/symbol/AAC"" id=""AAC-150582259-586"">$AAC</a></span> <span><a data-event=""click"" data-for=""cashTag"" data-tip=""MPO"" href=""/symbol/MPO"" id=""MPO-150582259-587"">$MPO</a></span></div></div>"
AZOZ,True,2019-01-14 14:24:00,1.687,"<div class=""MessageStreamView__body___2giLh""><div>NANO CAP STOCKS UNUSUAL VOLUME
<span><a data-event=""click"" data-for=""cashTag"" data-tip=""MBOT"" href=""/symbol/MBOT"" id=""MBOT-150582216-590"">$MBOT</a></span> <span><a data-event=""click"" data-for=""cashTag"" data-tip=""CODX"" href=""/symbol/CODX"" id=""CODX-150582216-591"">$CODX</a></span> <span><a data-event=""click"" data-for=""cashTag"" data-tip=""YOGA"" href=""/symbol/YOGA"" id=""YOGA-150582216-592"">$YOGA</a></span> <span><a data-event=""click"" data-for=""cashTag"" data-tip=""PED"" href=""/symbol/PED"" id=""PED-150582216-593"">$PED</a></span> <span><a data-event=""click"" data-for=""cashTag"" data-tip=""SAEX"" href=""/symbol/SAEX"" id=""SAEX-150582216-594"">$SAEX</a></span> <span><a data-event=""click"" data-for=""cashTag"" data-tip=""DCAR"" href=""/symbol/DCAR"" id=""DCAR-150582216-595"">$DCAR</a></span> <span><a data-event=""click"" data-for=""cashTag"" data-tip=""RNN"" href=""/symbol/RNN"" id=""RNN-150582216-596"">$RNN</a></span> <span><a data-event=""click"" data-for=""cashTag"" data-tip=""HYRE"" href=""/symbol/HYRE"" id=""HYRE-150582216-597"">$HYRE</a></span> <span><a data-event=""click"" data-for=""cashTag"" data-tip=""CBK"" href=""/symbol/CBK"" id=""CBK-150582216-598"">$CBK</a></span> <span><a data-event=""click"" data-for=""cashTag"" data-tip=""FTFT"" href=""/symbol/FTFT"" id=""FTFT-150582216-599"">$FTFT</a></span> <span><a data-event=""click"" data-for=""cashTag"" data-tip=""HTBX"" href=""/symbol/HTBX"" id=""HTBX-150582216-600"">$HTBX</a></span> <span><a data-event=""click"" data-for=""cashTag"" data-tip=""GNCA"" href=""/symbol/GNCA"" id=""GNCA-150582216-601"">$GNCA</a></span> <span><a data-event=""click"" data-for=""cashTag"" data-tip=""DFFN"" href=""/symbol/DFFN"" id=""DFFN-150582216-602"">$DFFN</a></span> <span><a data-event=""click"" data-for=""cashTag"" data-tip=""VVUS"" href=""/symbol/VVUS"" id=""VVUS-150582216-603"">$VVUS</a></span> <span><a data-event=""click"" data-for=""cashTag"" data-tip=""ABAC"" href=""/symbol/ABAC"" id=""ABAC-150582216-604"">$ABAC</a></span> <span><a data-event=""click"" data-for=""cashTag"" data-tip=""TRX"" href=""/symbol/TRX"" id=""TRX-150582216-605"">$TRX</a></span> <span><a data-event=""click"" data-for=""cashTag"" data-tip=""GSUM"" href=""/symbol/GSUM"" id=""GSUM-150582216-606"">$GSUM</a></span> <span><a data-event=""click"" data-for=""cashTag"" data-tip=""GBR"" href=""/symbol/GBR"" id=""GBR-150582216-607"">$GBR</a></span> <span><a data-event=""click"" data-for=""cashTag"" data-tip=""STAF"" href=""/symbol/STAF"" id=""STAF-150582216-608"">$STAF</a></span></div></div>"
Stockbuyout,True,2019-01-14 14:22:00,1.684,"<div class=""MessageStreamView__body___2giLh""><div><span><a data-event=""click"" data-for=""cashTag"" data-tip=""PED"" href=""/symbol/PED"" id=""PED-150581867-611"">$PED</a></span> market cap 18m and they just got 15m....</div></div>"
stocksmanz,True,2019-01-14 14:22:00,1.684,"<div class=""MessageStreamView__body___2giLh""><div><span><a data-event=""click"" data-for=""cashTag"" data-tip=""PED"" href=""/symbol/PED"" id=""PED-150581811-617"">$PED</a></span> getting interesting again. May have another run into the end of day</div></div>"
01Abdulkadir,True,2019-01-14 14:19:00,1.675,"<div class=""MessageStreamView__body___2giLh""><div><span><a data-event=""click"" data-for=""cashTag"" data-tip=""PED"" href=""/symbol/PED"" id=""PED-150581454-620"">$PED</a></span> it’s been very good year for this hold</div></div>"
Stocktor,True,2019-01-14 14:18:00,1.669,"<div class=""MessageStreamView__body___2giLh""><div><span><a data-event=""click"" data-for=""cashTag"" data-tip=""MBOT"" href=""/symbol/MBOT"" id=""MBOT-150581274-623"">$MBOT</a></span> <span><a data-event=""click"" data-for=""cashTag"" data-tip=""ARGQ"" href=""/symbol/ARGQ"" id=""ARGQ-150581274-624"">$ARGQ</a></span> <span><a data-event=""click"" data-for=""cashTag"" data-tip=""PED"" href=""/symbol/PED"" id=""PED-150581274-625"">$PED</a></span> <span><a data-event=""click"" data-for=""cashTag"" data-tip=""AVGR"" href=""/symbol/AVGR"" id=""AVGR-150581274-626"">$AVGR</a></span> <span><a data-event=""click"" data-for=""cashTag"" data-tip=""DCAR"" href=""/symbol/DCAR"" id=""DCAR-150581274-627"">$DCAR</a></span> looking to have increased volume. Excellent liquidity at these today. Best of luck.</div></div>"
sean1967,True,2019-01-14 14:04:00,1.708,"<div class=""MessageStreamView__body___2giLh""><div><span><a data-event=""click"" data-for=""cashTag"" data-tip=""CEI"" href=""/symbol/CEI"" id=""CEI-150579126-633"">$CEI</a></span> Last spiked happened right after <span><a data-event=""click"" data-for=""cashTag"" data-tip=""PED"" href=""/symbol/PED"" id=""PED-150579126-634"">$PED</a></span> spiked  $$$$$</div></div>"
topstockalerts,True,2019-01-14 14:00:00,1.742,"<div class=""MessageStreamView__body___2giLh""><div><span><a data-event=""click"" data-for=""cashTag"" data-tip=""PED"" href=""/symbol/PED"" id=""PED-150578571-637"">$PED</a></span> On watch for a test of $2 soon</div></div>"
Stockbuyout,True,2019-01-14 13:57:00,1.755,"<div class=""MessageStreamView__body___2giLh""><div><span><a data-event=""click"" data-for=""cashTag"" data-tip=""MBOT"" href=""/symbol/MBOT"" id=""MBOT-150578008-643"">$MBOT</a></span> <span><a data-event=""click"" data-for=""cashTag"" data-tip=""PED"" href=""/symbol/PED"" id=""PED-150578008-644"">$PED</a></span> that is all...</div></div>"
jlentrepreneur,True,2019-01-14 13:55:00,1.759,"<div class=""MessageStreamView__body___2giLh""><div><span><a data-event=""click"" data-for=""cashTag"" data-tip=""PED"" href=""/symbol/PED"" id=""PED-150577831-647"">$PED</a></span> bucklet up, get ready for the ride!</div></div>"
vultureculture,True,2019-01-14 13:53:00,1.758,"<div class=""MessageStreamView__body___2giLh""><div>💹 Top5 <a data-event=""click"" href=""/topic/pennystock"">#pennystock</a> gainers &gt;500K <a data-event=""click"" href=""/topic/VOLUME"">#VOLUME</a> (13:13 EST)
<span><a data-event=""click"" data-for=""cashTag"" data-tip=""MBOT"" href=""/symbol/MBOT"" id=""MBOT-150577456-650"">$MBOT</a></span> +285.00%
<span><a data-event=""click"" data-for=""cashTag"" data-tip=""FTFT"" href=""/symbol/FTFT"" id=""FTFT-150577456-651"">$FTFT</a></span> +59.77%
<span><a data-event=""click"" data-for=""cashTag"" data-tip=""PED"" href=""/symbol/PED"" id=""PED-150577456-652"">$PED</a></span> +35.68%
<span><a data-event=""click"" data-for=""cashTag"" data-tip=""BIOC"" href=""/symbol/BIOC"" id=""BIOC-150577456-653"">$BIOC</a></span> +34.43%
<span><a data-event=""click"" data-for=""cashTag"" data-tip=""BOXL"" href=""/symbol/BOXL"" id=""BOXL-150577456-654"">$BOXL</a></span> +32.27%
<a data-event=""click"" href=""/topic/vultureculture"">#vultureculture</a></div></div>"
Trick2MoneyisHavingSum,True,2019-01-14 13:41:00,1.723,"<div class=""MessageStreamView__body___2giLh""><div><span><a data-event=""click"" data-for=""cashTag"" data-tip=""CEI"" href=""/symbol/CEI"" id=""CEI-150575559-661"">$CEI</a></span> when <span><a data-event=""click"" data-for=""cashTag"" data-tip=""PED"" href=""/symbol/PED"" id=""PED-150575559-662"">$PED</a></span> profits come over watch out! how low you shorts think? 2 cents? you can only make 100% or lose 400%</div></div>"
MomentumStockSwings,True,2019-01-14 13:39:00,1.73,"<div class=""MessageStreamView__body___2giLh""><div><span><a data-event=""click"" data-for=""cashTag"" data-tip=""MBOT"" href=""/symbol/MBOT"" id=""MBOT-150575293-668"">$MBOT</a></span> <span><a data-event=""click"" data-for=""cashTag"" data-tip=""NBEV"" href=""/symbol/NBEV"" id=""NBEV-150575293-669"">$NBEV</a></span> <span><a data-event=""click"" data-for=""cashTag"" data-tip=""PED"" href=""/symbol/PED"" id=""PED-150575293-670"">$PED</a></span> <span><a data-event=""click"" data-for=""cashTag"" data-tip=""UGAZ"" href=""/symbol/UGAZ"" id=""UGAZ-150575293-671"">$UGAZ</a></span> Congrats all!  Big day and a huge start to 2019!</div></div>"
jlentrepreneur,True,2019-01-14 13:37:00,1.752,"<div class=""MessageStreamView__body___2giLh""><div><span><a data-event=""click"" data-for=""cashTag"" data-tip=""PED"" href=""/symbol/PED"" id=""PED-150574967-677"">$PED</a></span> here it comes!</div></div>"
coastalsouthernllc,True,2019-01-14 13:19:00,1.763,"<div class=""MessageStreamView__body___2giLh""><div><span><a data-event=""click"" data-for=""cashTag"" data-tip=""PED"" href=""/symbol/PED"" id=""PED-150572352-683"">$PED</a></span> Run this to $4+</div></div>"
topstockalerts,True,2019-01-14 13:12:00,1.745,"<div class=""MessageStreamView__body___2giLh""><div>Top Gainers:

<span><a data-event=""click"" data-for=""cashTag"" data-tip=""MBOT"" href=""/symbol/MBOT"" id=""MBOT-150571415-686"">$MBOT</a></span> <span><a data-event=""click"" data-for=""cashTag"" data-tip=""FTFT"" href=""/symbol/FTFT"" id=""FTFT-150571415-687"">$FTFT</a></span> <span><a data-event=""click"" data-for=""cashTag"" data-tip=""MTNB"" href=""/symbol/MTNB"" id=""MTNB-150571415-688"">$MTNB</a></span> <span><a data-event=""click"" data-for=""cashTag"" data-tip=""ABAC"" href=""/symbol/ABAC"" id=""ABAC-150571415-689"">$ABAC</a></span> <span><a data-event=""click"" data-for=""cashTag"" data-tip=""CODX"" href=""/symbol/CODX"" id=""CODX-150571415-690"">$CODX</a></span> <span><a data-event=""click"" data-for=""cashTag"" data-tip=""PED"" href=""/symbol/PED"" id=""PED-150571415-691"">$PED</a></span> <span><a data-event=""click"" data-for=""cashTag"" data-tip=""CCC"" href=""/symbol/CCC"" id=""CCC-150571415-692"">$CCC</a></span> <span><a data-event=""click"" data-for=""cashTag"" data-tip=""YGYI"" href=""/symbol/YGYI"" id=""YGYI-150571415-693"">$YGYI</a></span> <span><a data-event=""click"" data-for=""cashTag"" data-tip=""FLTR"" href=""/symbol/FLTR"" id=""FLTR-150571415-694"">$FLTR</a></span> <span><a data-event=""click"" data-for=""cashTag"" data-tip=""LIQT"" href=""/symbol/LIQT"" id=""LIQT-150571415-695"">$LIQT</a></span> <span><a data-event=""click"" data-for=""cashTag"" data-tip=""RNN"" href=""/symbol/RNN"" id=""RNN-150571415-696"">$RNN</a></span> <span><a data-event=""click"" data-for=""cashTag"" data-tip=""DCAR"" href=""/symbol/DCAR"" id=""DCAR-150571415-697"">$DCAR</a></span> <span><a data-event=""click"" data-for=""cashTag"" data-tip=""GCI"" href=""/symbol/GCI"" id=""GCI-150571415-698"">$GCI</a></span> <span><a data-event=""click"" data-for=""cashTag"" data-tip=""GG"" href=""/symbol/GG"" id=""GG-150571415-699"">$GG</a></span> <span><a data-event=""click"" data-for=""cashTag"" data-tip=""MPO"" href=""/symbol/MPO"" id=""MPO-150571415-700"">$MPO</a></span> <span><a data-event=""click"" data-for=""cashTag"" data-tip=""WTER"" href=""/symbol/WTER"" id=""WTER-150571415-701"">$WTER</a></span> <span><a data-event=""click"" data-for=""cashTag"" data-tip=""YETI"" href=""/symbol/YETI"" id=""YETI-150571415-702"">$YETI</a></span> <span><a data-event=""click"" data-for=""cashTag"" data-tip=""AEZS"" href=""/symbol/AEZS"" id=""AEZS-150571415-703"">$AEZS</a></span> <span><a data-event=""click"" data-for=""cashTag"" data-tip=""DFFN"" href=""/symbol/DFFN"" id=""DFFN-150571415-704"">$DFFN</a></span></div></div>"
MomentumStockSwings,True,2019-01-14 13:12:00,1.745,"<div class=""MessageStreamView__body___2giLh""><div><span><a data-event=""click"" data-for=""cashTag"" data-tip=""PED"" href=""/symbol/PED"" id=""PED-150571344-707"">$PED</a></span> volume picking up. Looking for 1.85 break</div></div>"
VolatrixTradingBlog,True,2019-01-14 13:11:00,1.727,"<div class=""MessageStreamView__body___2giLh""><div>Top gainers: <span><a data-event=""click"" data-for=""cashTag"" data-tip=""MBOT"" href=""/symbol/MBOT"" id=""MBOT-150571328-710"">$MBOT</a></span> <span><a data-event=""click"" data-for=""cashTag"" data-tip=""FTFT"" href=""/symbol/FTFT"" id=""FTFT-150571328-711"">$FTFT</a></span> <span><a data-event=""click"" data-for=""cashTag"" data-tip=""PED"" href=""/symbol/PED"" id=""PED-150571328-712"">$PED</a></span> <span><a data-event=""click"" data-for=""cashTag"" data-tip=""BOXL"" href=""/symbol/BOXL"" id=""BOXL-150571328-713"">$BOXL</a></span> <span><a data-event=""click"" data-for=""cashTag"" data-tip=""BIOC"" href=""/symbol/BIOC"" id=""BIOC-150571328-714"">$BIOC</a></span> <span><a data-event=""click"" data-for=""cashTag"" data-tip=""ABAC"" href=""/symbol/ABAC"" id=""ABAC-150571328-715"">$ABAC</a></span> <span><a data-event=""click"" data-for=""cashTag"" data-tip=""MTNB"" href=""/symbol/MTNB"" id=""MTNB-150571328-716"">$MTNB</a></span> <span><a data-event=""click"" data-for=""cashTag"" data-tip=""LENS"" href=""/symbol/LENS"" id=""LENS-150571328-717"">$LENS</a></span> <span><a data-event=""click"" data-for=""cashTag"" data-tip=""CBK"" href=""/symbol/CBK"" id=""CBK-150571328-718"">$CBK</a></span></div></div>"
jlentrepreneur,True,2019-01-14 13:10:00,1.726,"<div class=""MessageStreamView__body___2giLh""><div><span><a data-event=""click"" data-for=""cashTag"" data-tip=""PED"" href=""/symbol/PED"" id=""PED-150571152-721"">$PED</a></span> who is missing the gravy train?</div></div>"
01Abdulkadir,True,2019-01-14 13:09:00,1.713,"<div class=""MessageStreamView__body___2giLh""><div><span><a data-event=""click"" data-for=""cashTag"" data-tip=""PED"" href=""/symbol/PED"" id=""PED-150571015-724"">$PED</a></span> power hours coming up</div></div>"
topstockalerts,True,2019-01-14 13:09:00,1.713,"<div class=""MessageStreamView__body___2giLh""><div><span><a data-event=""click"" data-for=""cashTag"" data-tip=""PED"" href=""/symbol/PED"" id=""PED-150570993-727"">$PED</a></span> Huge bids coming in. On watch for second leg up.</div></div>"
01Abdulkadir,True,2019-01-14 13:08:00,1.704,"<div class=""MessageStreamView__body___2giLh""><div><span><a data-event=""click"" data-for=""cashTag"" data-tip=""PED"" href=""/symbol/PED"" id=""PED-150570773-730"">$PED</a></span> I’ll early bad sign for 🐻</div></div>"
knewbie,False,2019-01-14 13:03:00,1.688,"<div class=""MessageStreamView__body___2giLh""><div>Covered <span><a data-event=""click"" data-for=""cashTag"" data-tip=""PED"" href=""/symbol/PED"" id=""PED-150570094-746"">$PED</a></span> 1.68 from 1.80 w/1000 shares! Today has been a really good day!</div></div>"
jackrabbit1,False,2019-01-14 12:59:00,1.72,"<div class=""MessageStreamView__body___2giLh""><div><span><a data-event=""click"" data-for=""cashTag"" data-tip=""PED"" href=""/symbol/PED"" id=""PED-150569453-749"">$PED</a></span> = P&amp;D</div></div>"
Stockriskreward85,False,2019-01-14 12:56:00,1.71,"<div class=""MessageStreamView__body___2giLh""><div>Low float mania day with all the usually P&amp;D stocks moving up <span><a data-event=""click"" data-for=""cashTag"" data-tip=""BOXL"" href=""/symbol/BOXL"" id=""BOXL-150569041-752"">$BOXL</a></span> <span><a data-event=""click"" data-for=""cashTag"" data-tip=""ABAC"" href=""/symbol/ABAC"" id=""ABAC-150569041-753"">$ABAC</a></span> <span><a data-event=""click"" data-for=""cashTag"" data-tip=""PED"" href=""/symbol/PED"" id=""PED-150569041-754"">$PED</a></span> <span><a data-event=""click"" data-for=""cashTag"" data-tip=""MBOT"" href=""/symbol/MBOT"" id=""MBOT-150569041-755"">$MBOT</a></span> short and wait a few days to profit.</div></div>"
sean1967,True,2019-01-14 12:55:00,1.704,"<div class=""MessageStreamView__body___2giLh""><div><span><a data-event=""click"" data-for=""cashTag"" data-tip=""CEI"" href=""/symbol/CEI"" id=""CEI-150568890-778"">$CEI</a></span> <span><a data-event=""click"" data-for=""cashTag"" data-tip=""PED"" href=""/symbol/PED"" id=""PED-150568890-779"">$PED</a></span> is up and <span><a data-event=""click"" data-for=""cashTag"" data-tip=""CEI"" href=""/symbol/CEI"" id=""CEI-150568890-780"">$CEI</a></span>  will follow $$$$</div></div>"
jackrabbit1,False,2019-01-14 12:49:00,1.722,"<div class=""MessageStreamView__body___2giLh""><div><span><a data-event=""click"" data-for=""cashTag"" data-tip=""PED"" href=""/symbol/PED"" id=""PED-150568099-789"">$PED</a></span> about time</div></div>"
Danhalen,True,2019-01-14 12:49:00,1.722,"<div class=""MessageStreamView__body___2giLh""><div><span><a data-event=""click"" data-for=""cashTag"" data-tip=""PED"" href=""/symbol/PED"" id=""PED-150568086-792"">$PED</a></span> - who wouldn't be attempted to sell now when they bought @ .53 </div></div>"
AmyPop,True,2019-01-14 12:45:00,1.83,"<div class=""MessageStreamView__body___2giLh""><div><span><a data-event=""click"" data-for=""cashTag"" data-tip=""PED"" href=""/symbol/PED"" id=""PED-150567550-795"">$PED</a></span> just a little more volume so we can crush through $2</div></div>"
jck42straw,True,2019-01-14 12:45:00,1.83,"<div class=""MessageStreamView__body___2giLh""><div><span><a data-event=""click"" data-for=""cashTag"" data-tip=""PED"" href=""/symbol/PED"" id=""PED-150567512-798"">$PED</a></span> get it bulls!!!!!</div></div>"
jlentrepreneur,True,2019-01-14 12:43:00,1.802,"<div class=""MessageStreamView__body___2giLh""><div><span><a data-event=""click"" data-for=""cashTag"" data-tip=""PED"" href=""/symbol/PED"" id=""PED-150567181-807"">$PED</a></span> if you are shorting at this level, you will get burnt really bad. its gonna break $2 within the next 30 mins</div></div>"
Stockriskreward85,False,2019-01-14 12:42:00,1.789,"<div class=""MessageStreamView__body___2giLh""><div><span><a data-event=""click"" data-for=""cashTag"" data-tip=""PED"" href=""/symbol/PED"" id=""PED-150567092-810"">$PED</a></span> and <span><a data-event=""click"" data-for=""cashTag"" data-tip=""ABAC"" href=""/symbol/ABAC"" id=""ABAC-150567092-811"">$ABAC</a></span> both short at about $1.75.</div></div>"
Therashaver,True,2019-01-14 12:40:00,1.785,"<div class=""MessageStreamView__body___2giLh""><div><span><a data-event=""click"" data-for=""cashTag"" data-tip=""PED"" href=""/symbol/PED"" id=""PED-150566819-814"">$PED</a></span> Wedge forming...</div></div>"
2wired2trade,True,2019-01-14 12:36:00,1.796,"<div class=""MessageStreamView__body___2giLh""><div><span><a data-event=""click"" data-for=""cashTag"" data-tip=""PED"" href=""/symbol/PED"" id=""PED-150566312-854"">$PED</a></span> 1.8 acting as res here. When that breaks...</div></div>"
Stockbuyout,True,2019-01-14 12:36:00,1.796,"<div class=""MessageStreamView__body___2giLh""><div><span><a data-event=""click"" data-for=""cashTag"" data-tip=""PED"" href=""/symbol/PED"" id=""PED-150566247-857"">$PED</a></span> wait till after lunch. 😋</div></div>"
Jabroni13,True,2019-01-14 12:34:00,1.773,"<div class=""MessageStreamView__body___2giLh""><div><span><a data-event=""click"" data-for=""cashTag"" data-tip=""PED"" href=""/symbol/PED"" id=""PED-150566098-860"">$PED</a></span> Wait for it...</div></div>"
topstockalerts,True,2019-01-14 12:34:00,1.773,"<div class=""MessageStreamView__body___2giLh""><div><span><a data-event=""click"" data-for=""cashTag"" data-tip=""PED"" href=""/symbol/PED"" id=""PED-150566047-863"">$PED</a></span> todays relative volume sitting at about 20X. Top of my list for power hour.</div></div>"
TheSlimTrader,True,2019-01-14 12:31:00,1.747,"<div class=""MessageStreamView__body___2giLh""><div><span><a data-event=""click"" data-for=""cashTag"" data-tip=""PED"" href=""/symbol/PED"" id=""PED-150565696-886"">$PED</a></span> multi day runner</div></div>"
dhirajktak,True,2019-01-14 12:28:00,1.752,"<div class=""MessageStreamView__body___2giLh""><div><span><a data-event=""click"" data-for=""cashTag"" data-tip=""PED"" href=""/symbol/PED"" id=""PED-150565329-892"">$PED</a></span> $2 coming 🤑🤑🤑🤑💥💥🍭🍾💣</div></div>"
NarrowRoad,True,2019-01-14 12:21:00,1.778,"<div class=""MessageStreamView__body___2giLh""><div><span><a data-event=""click"" data-for=""cashTag"" data-tip=""PED"" href=""/symbol/PED"" id=""PED-150564186-904"">$PED</a></span> ❤️</div></div>"
StockProGilb,True,2019-01-14 12:21:00,1.778,"<div class=""MessageStreamView__body___2giLh""><div><span><a data-event=""click"" data-for=""cashTag"" data-tip=""PED"" href=""/symbol/PED"" id=""PED-150564178-907"">$PED</a></span> nailed this play, still holding small position risking 1.76. Scaled the rest off at 1.85-1.86</div></div>"
JonSnow27,True,2019-01-14 12:20:00,1.795,"<div class=""MessageStreamView__body___2giLh""><div><span><a data-event=""click"" data-for=""cashTag"" data-tip=""PED"" href=""/symbol/PED"" id=""PED-150564142-913"">$PED</a></span> volume coming in <span><a data-event=""click"" data-for=""cashTag"" data-tip=""ASV"" href=""/symbol/ASV"" id=""ASV-150564142-914"">$ASV</a></span> low floaters</div></div>"
topstockalerts,True,2019-01-14 12:19:00,1.802,"<div class=""MessageStreamView__body___2giLh""><div><span><a data-event=""click"" data-for=""cashTag"" data-tip=""PED"" href=""/symbol/PED"" id=""PED-150563859-923"">$PED</a></span> Booom!!! What a move. Well done bulls!</div></div>"
TradingKingEric,True,2019-01-14 12:17:00,1.83,"<div class=""MessageStreamView__body___2giLh""><div><span><a data-event=""click"" data-for=""cashTag"" data-tip=""PED"" href=""/symbol/PED"" id=""PED-150563525-932"">$PED</a></span>
Make that 3/3 calls for the day! 100% accuracy! 👑🔥</div></div>"
BeCOYOS,True,2019-01-14 12:17:00,1.83,"<div class=""MessageStreamView__body___2giLh""><div><span><a data-event=""click"" data-for=""cashTag"" data-tip=""PED"" href=""/symbol/PED"" id=""PED-150563506-943"">$PED</a></span> Low float = Bigger Squeeeeeeze</div></div>"
JonSnow27,True,2019-01-14 12:16:00,1.86,"<div class=""MessageStreamView__body___2giLh""><div><span><a data-event=""click"" data-for=""cashTag"" data-tip=""PED"" href=""/symbol/PED"" id=""PED-150563457-949"">$PED</a></span> next <span><a data-event=""click"" data-for=""cashTag"" data-tip=""AVS"" href=""/symbol/AVS"" id=""AVS-150563457-950"">$AVS</a></span></div></div>"
getitalljoey,True,2019-01-14 12:16:00,1.86,"<div class=""MessageStreamView__body___2giLh""><div><span><a data-event=""click"" data-for=""cashTag"" data-tip=""PED"" href=""/symbol/PED"" id=""PED-150563369-956"">$PED</a></span> I'm out! Gl all</div></div>"
Jabroni13,True,2019-01-14 12:16:00,1.86,"<div class=""MessageStreamView__body___2giLh""><div><span><a data-event=""click"" data-for=""cashTag"" data-tip=""PED"" href=""/symbol/PED"" id=""PED-150563342-963"">$PED</a></span> Some <span><a data-event=""click"" data-for=""cashTag"" data-tip=""MBOT"" href=""/symbol/MBOT"" id=""MBOT-150563342-964"">$MBOT</a></span> PROFIT COMING OVER!👀👀👀🔥🔥🔥</div></div>"
mbarelorenzo,True,2019-01-14 12:15:00,1.856,"<div class=""MessageStreamView__body___2giLh""><div><span><a data-event=""click"" data-for=""cashTag"" data-tip=""PED"" href=""/symbol/PED"" id=""PED-150563319-967"">$PED</a></span> NHOD 📈</div></div>"
BeCOYOS,True,2019-01-14 12:15:00,1.856,"<div class=""MessageStreamView__body___2giLh""><div><span><a data-event=""click"" data-for=""cashTag"" data-tip=""PED"" href=""/symbol/PED"" id=""PED-150563253-970"">$PED</a></span> Moving 😲💲💲💲💲💲💲💲</div></div>"
jon1212,True,2019-01-14 12:15:00,1.856,"<div class=""MessageStreamView__body___2giLh""><div><span><a data-event=""click"" data-for=""cashTag"" data-tip=""PED"" href=""/symbol/PED"" id=""PED-150563252-973"">$PED</a></span> the ask is so thin not much resistance</div></div>"
RawlsRoyce,True,2019-01-14 12:15:00,1.856,"<div class=""MessageStreamView__body___2giLh""><div><span><a data-event=""click"" data-for=""cashTag"" data-tip=""PED"" href=""/symbol/PED"" id=""PED-150563179-979"">$PED</a></span> 🔥🔥🔥🔥🔥. Love it!  Up 150% in two weeks. Still all in</div></div>"
Stockbuyout,True,2019-01-14 12:14:00,1.836,"<div class=""MessageStreamView__body___2giLh""><div><span><a data-event=""click"" data-for=""cashTag"" data-tip=""PED"" href=""/symbol/PED"" id=""PED-150563142-982"">$PED</a></span> 100% run coming in.</div></div>"
BarterTrades,True,2019-01-14 12:14:00,1.836,"<div class=""MessageStreamView__body___2giLh""><div><span><a data-event=""click"" data-for=""cashTag"" data-tip=""PED"" href=""/symbol/PED"" id=""PED-150563125-985"">$PED</a></span> going for HOD</div></div>"
MomentumStockSwings,True,2019-01-14 12:14:00,1.836,"<div class=""MessageStreamView__body___2giLh""><div><span><a data-event=""click"" data-for=""cashTag"" data-tip=""PED"" href=""/symbol/PED"" id=""PED-150563088-988"">$PED</a></span> volume coming in! Good work bulls, keep slapping!</div></div>"
levan1988,True,2019-01-14 12:13:00,1.79,"<div class=""MessageStreamView__body___2giLh""><div><span><a data-event=""click"" data-for=""cashTag"" data-tip=""PED"" href=""/symbol/PED"" id=""PED-150562948-997"">$PED</a></span> here we go</div></div>"
getitalljoey,True,2019-01-14 12:12:00,1.73,"<div class=""MessageStreamView__body___2giLh""><div><span><a data-event=""click"" data-for=""cashTag"" data-tip=""PED"" href=""/symbol/PED"" id=""PED-150562777-1006"">$PED</a></span> ask very thin to the upside. Easy buy here.</div></div>"
WallStreetSTTA,True,2019-01-14 12:11:00,1.713,"<div class=""MessageStreamView__body___2giLh""><div><span><a data-event=""click"" data-for=""cashTag"" data-tip=""PED"" href=""/symbol/PED"" id=""PED-150562687-1009"">$PED</a></span> Here we gooooooooooooooo</div></div>"
MomentumStockSwings,True,2019-01-14 12:09:00,1.707,"<div class=""MessageStreamView__body___2giLh""><div><span><a data-event=""click"" data-for=""cashTag"" data-tip=""MBOT"" href=""/symbol/MBOT"" id=""MBOT-150562383-1018"">$MBOT</a></span> out!
<span><a data-event=""click"" data-for=""cashTag"" data-tip=""PED"" href=""/symbol/PED"" id=""PED-150562383-1019"">$PED</a></span> in!
GL ALL</div></div>"
WallStreetSTTA,True,2019-01-14 12:08:00,1.714,"<div class=""MessageStreamView__body___2giLh""><div><span><a data-event=""click"" data-for=""cashTag"" data-tip=""PED"" href=""/symbol/PED"" id=""PED-150562222-1025"">$PED</a></span> Great news today...</div></div>"
TheMoose1026,True,2019-01-14 12:06:00,1.698,"<div class=""MessageStreamView__body___2giLh""><div><span><a data-event=""click"" data-for=""cashTag"" data-tip=""PED"" href=""/symbol/PED"" id=""PED-150562000-1028"">$PED</a></span> want to see 2 today</div></div>"
BullRunner1995,True,2019-01-14 12:06:00,1.698,"<div class=""MessageStreamView__body___2giLh""><div><span><a data-event=""click"" data-for=""cashTag"" data-tip=""PED"" href=""/symbol/PED"" id=""PED-150561981-1034"">$PED</a></span> loads of volume coming in!</div></div>"
WallStreetSTTA,True,2019-01-14 12:06:00,1.698,"<div class=""MessageStreamView__body___2giLh""><div><span><a data-event=""click"" data-for=""cashTag"" data-tip=""PED"" href=""/symbol/PED"" id=""PED-150561968-1037"">$PED</a></span> GONNA GOOOO CRAZYYYYYYYY hold and slap that askkkkk</div></div>"
Jabroni13,True,2019-01-14 12:05:00,1.715,"<div class=""MessageStreamView__body___2giLh""><div><span><a data-event=""click"" data-for=""cashTag"" data-tip=""PED"" href=""/symbol/PED"" id=""PED-150561844-1046"">$PED</a></span> LETS GO!!!</div></div>"
WallStreetSTTA,True,2019-01-14 12:05:00,1.715,"<div class=""MessageStreamView__body___2giLh""><div><span><a data-event=""click"" data-for=""cashTag"" data-tip=""PED"" href=""/symbol/PED"" id=""PED-150561796-1049"">$PED</a></span>  HERE COMES $2+ BOOM <span><a data-event=""click"" data-for=""cashTag"" data-tip=""MBOT"" href=""/symbol/MBOT"" id=""MBOT-150561796-1050"">$MBOT</a></span> <span><a data-event=""click"" data-for=""cashTag"" data-tip=""ADIL"" href=""/symbol/ADIL"" id=""ADIL-150561796-1051"">$ADIL</a></span></div></div>"
TheMoose1026,True,2019-01-14 12:05:00,1.715,"<div class=""MessageStreamView__body___2giLh""><div><span><a data-event=""click"" data-for=""cashTag"" data-tip=""PED"" href=""/symbol/PED"" id=""PED-150561794-1054"">$PED</a></span> lets go!!</div></div>"
Jedi77,True,2019-01-14 12:04:00,1.698,"<div class=""MessageStreamView__body___2giLh""><div><span><a data-event=""click"" data-for=""cashTag"" data-tip=""PED"" href=""/symbol/PED"" id=""PED-150561661-1057"">$PED</a></span> $3 coming today</div></div>"
s0phisticatedtrdr,True,2019-01-14 12:04:00,1.698,"<div class=""MessageStreamView__body___2giLh""><div><span><a data-event=""click"" data-for=""cashTag"" data-tip=""PED"" href=""/symbol/PED"" id=""PED-150561649-1060"">$PED</a></span> Showing a last call characteristics to 1.78. ;) ;)</div></div>"
WallStreetSTTA,True,2019-01-14 12:03:00,1.679,"<div class=""MessageStreamView__body___2giLh""><div><span><a data-event=""click"" data-for=""cashTag"" data-tip=""PED"" href=""/symbol/PED"" id=""PED-150561561-1066"">$PED</a></span> BOOM!!!</div></div>"
TradingKingEric,True,2019-01-14 12:03:00,1.679,"<div class=""MessageStreamView__body___2giLh""><div><span><a data-event=""click"" data-for=""cashTag"" data-tip=""PED"" href=""/symbol/PED"" id=""PED-150561553-1069"">$PED</a></span>
Breaks 1.65!! Looking for 1.70/1.73 first then HOD+!</div></div>"
Stockbuyout,True,2019-01-14 12:03:00,1.679,"<div class=""MessageStreamView__body___2giLh""><div><span><a data-event=""click"" data-for=""cashTag"" data-tip=""PED"" href=""/symbol/PED"" id=""PED-150561546-1072"">$PED</a></span> here we go!!?</div></div>"
PJ_Matlock,True,2019-01-14 12:03:00,1.679,"<div class=""MessageStreamView__body___2giLh""><div><span><a data-event=""click"" data-for=""cashTag"" data-tip=""PED"" href=""/symbol/PED"" id=""PED-150561515-1075"">$PED</a></span> 1.70 test incoming</div></div>"
TradingKingEric,True,2019-01-14 12:02:00,1.654,"<div class=""MessageStreamView__body___2giLh""><div>Top Mid-Day Gainers:

<span><a data-event=""click"" data-for=""cashTag"" data-tip=""MBOT"" href=""/symbol/MBOT"" id=""MBOT-150561445-1081"">$MBOT</a></span> <span><a data-event=""click"" data-for=""cashTag"" data-tip=""PED"" href=""/symbol/PED"" id=""PED-150561445-1082"">$PED</a></span> <span><a data-event=""click"" data-for=""cashTag"" data-tip=""ABAC"" href=""/symbol/ABAC"" id=""ABAC-150561445-1083"">$ABAC</a></span> <span><a data-event=""click"" data-for=""cashTag"" data-tip=""VVUS"" href=""/symbol/VVUS"" id=""VVUS-150561445-1084"">$VVUS</a></span> <span><a data-event=""click"" data-for=""cashTag"" data-tip=""RNN"" href=""/symbol/RNN"" id=""RNN-150561445-1085"">$RNN</a></span>

Fantastic calls on MBOT today! 👑🔥</div></div>"
WallStreetSTTA,True,2019-01-14 12:02:00,1.654,"<div class=""MessageStreamView__body___2giLh""><div><span><a data-event=""click"" data-for=""cashTag"" data-tip=""PED"" href=""/symbol/PED"" id=""PED-150561443-1088"">$PED</a></span> Lets break that $1.65 bulls</div></div>"
WallStreetSTTA,True,2019-01-14 11:56:00,1.639,"<div class=""MessageStreamView__body___2giLh""><div><span><a data-event=""click"" data-for=""cashTag"" data-tip=""PED"" href=""/symbol/PED"" id=""PED-150560476-1094"">$PED</a></span> Holding my shares tight ..still we hit $2+ today</div></div>"
WallStreetSTTA,True,2019-01-14 11:54:00,1.63,"<div class=""MessageStreamView__body___2giLh""><div><span><a data-event=""click"" data-for=""cashTag"" data-tip=""PED"" href=""/symbol/PED"" id=""PED-150560300-1097"">$PED</a></span> Testing that $1.65 .. 26k  lets goooo</div></div>"
levan1988,True,2019-01-14 11:50:00,1.617,"<div class=""MessageStreamView__body___2giLh""><div><span><a data-event=""click"" data-for=""cashTag"" data-tip=""PED"" href=""/symbol/PED"" id=""PED-150559735-1103"">$PED</a></span> in</div></div>"
TradingKingEric,True,2019-01-14 11:49:00,1.619,"<div class=""MessageStreamView__body___2giLh""><div><span><a data-event=""click"" data-for=""cashTag"" data-tip=""PED"" href=""/symbol/PED"" id=""PED-150559534-1109"">$PED</a></span>
Big ask at 1.65, will be patient on this one. SL is break below 1.53 or 1.55</div></div>"
Jedi77,True,2019-01-14 11:49:00,1.619,"<div class=""MessageStreamView__body___2giLh""><div><span><a data-event=""click"" data-for=""cashTag"" data-tip=""PED"" href=""/symbol/PED"" id=""PED-150559510-1115"">$PED</a></span> Gonna go real high the next couple days.</div></div>"
StockProGilb,True,2019-01-14 11:47:00,1.641,"<div class=""MessageStreamView__body___2giLh""><div><span><a data-event=""click"" data-for=""cashTag"" data-tip=""PED"" href=""/symbol/PED"" id=""PED-150559254-1118"">$PED</a></span> Looking for 1.65 to break. This will probably see HOD if that wall can break</div></div>"
WallStreetSTTA,True,2019-01-14 11:47:00,1.641,"<div class=""MessageStreamView__body___2giLh""><div><span><a data-event=""click"" data-for=""cashTag"" data-tip=""PED"" href=""/symbol/PED"" id=""PED-150559225-1121"">$PED</a></span> $1,65 lets break that 30k down and run to $2</div></div>"
jon1212,True,2019-01-14 11:46:00,1.645,"<div class=""MessageStreamView__body___2giLh""><div><span><a data-event=""click"" data-for=""cashTag"" data-tip=""PED"" href=""/symbol/PED"" id=""PED-150559147-1124"">$PED</a></span> slap that ask folks</div></div>"
topstockalerts,True,2019-01-14 11:45:00,1.643,"<div class=""MessageStreamView__body___2giLh""><div><span><a data-event=""click"" data-for=""cashTag"" data-tip=""PED"" href=""/symbol/PED"" id=""PED-150558996-1127"">$PED</a></span> Buying my shares back</div></div>"
hmmalone,True,2019-01-14 11:45:00,1.643,"<div class=""MessageStreamView__body___2giLh""><div><span><a data-event=""click"" data-for=""cashTag"" data-tip=""PED"" href=""/symbol/PED"" id=""PED-150558933-1133"">$PED</a></span> holdin til am, not by choice, muck Robinhoe</div></div>"
WallStreetSTTA,True,2019-01-14 11:45:00,1.643,"<div class=""MessageStreamView__body___2giLh""><div><span><a data-event=""click"" data-for=""cashTag"" data-tip=""PED"" href=""/symbol/PED"" id=""PED-150558894-1136"">$PED</a></span> Great news just like <span><a data-event=""click"" data-for=""cashTag"" data-tip=""MBOT"" href=""/symbol/MBOT"" id=""MBOT-150558894-1137"">$MBOT</a></span> can make a big move here.. only 4m float</div></div>"
TradingKingEric,True,2019-01-14 11:44:00,1.644,"<div class=""MessageStreamView__body___2giLh""><div><span><a data-event=""click"" data-for=""cashTag"" data-tip=""PED"" href=""/symbol/PED"" id=""PED-150558737-1140"">$PED</a></span>
Curling up and breaking VWAP, added some here risking off 1.53/1.55</div></div>"
WallStreetSTTA,True,2019-01-14 11:43:00,1.642,"<div class=""MessageStreamView__body___2giLh""><div><span><a data-event=""click"" data-for=""cashTag"" data-tip=""PED"" href=""/symbol/PED"" id=""PED-150558667-1143"">$PED</a></span> chop at that $1.65 iceburg and we move</div></div>"
iParent,True,2019-01-14 11:42:00,1.643,"<div class=""MessageStreamView__body___2giLh""><div><span><a data-event=""click"" data-for=""cashTag"" data-tip=""PED"" href=""/symbol/PED"" id=""PED-150558563-1146"">$PED</a></span></div></div>"
WallStreetSTTA,True,2019-01-14 11:42:00,1.643,"<div class=""MessageStreamView__body___2giLh""><div><span><a data-event=""click"" data-for=""cashTag"" data-tip=""PED"" href=""/symbol/PED"" id=""PED-150558459-1149"">$PED</a></span> Just broke VWAP great sign....bullish mentality on the charts</div></div>"
WallStreetSTTA,True,2019-01-14 11:41:00,1.64,"<div class=""MessageStreamView__body___2giLh""><div><span><a data-event=""click"" data-for=""cashTag"" data-tip=""PED"" href=""/symbol/PED"" id=""PED-150558392-1152"">$PED</a></span> $1.65 BREAK and the the resistance is gone</div></div>"
Ace_of_Trades_Alerts,True,2019-01-14 11:41:00,1.64,"<div class=""MessageStreamView__body___2giLh""><div>Top Movers to Keep on Watch🔥 <span><a data-event=""click"" data-for=""cashTag"" data-tip=""PED"" href=""/symbol/PED"" id=""PED-150558355-1155"">$PED</a></span> <span><a data-event=""click"" data-for=""cashTag"" data-tip=""UNG"" href=""/symbol/UNG"" id=""UNG-150558355-1156"">$UNG</a></span> <span><a data-event=""click"" data-for=""cashTag"" data-tip=""NIO"" href=""/symbol/NIO"" id=""NIO-150558355-1157"">$NIO</a></span></div></div>"
WallStreetSTTA,True,2019-01-14 11:39:00,1.6,"<div class=""MessageStreamView__body___2giLh""><div><span><a data-event=""click"" data-for=""cashTag"" data-tip=""PED"" href=""/symbol/PED"" id=""PED-150558019-1164"">$PED</a></span> WAITING ON THE NEXT ROUND OF VOLUME ..GL</div></div>"
WallStreetSTTA,True,2019-01-14 11:24:00,1.563,"<div class=""MessageStreamView__body___2giLh""><div><span><a data-event=""click"" data-for=""cashTag"" data-tip=""PED"" href=""/symbol/PED"" id=""PED-150555747-1185"">$PED</a></span> <span><a data-event=""click"" data-for=""cashTag"" data-tip=""MBOT"" href=""/symbol/MBOT"" id=""MBOT-150555747-1186"">$MBOT</a></span> <span><a data-event=""click"" data-for=""cashTag"" data-tip=""ARQL"" href=""/symbol/ARQL"" id=""ARQL-150555747-1187"">$ARQL</a></span></div></div>"
topstockalerts,True,2019-01-14 11:23:00,1.558,"<div class=""MessageStreamView__body___2giLh""><div>Top movers to watch:

<span><a data-event=""click"" data-for=""cashTag"" data-tip=""MBOT"" href=""/symbol/MBOT"" id=""MBOT-150555614-1190"">$MBOT</a></span> <span><a data-event=""click"" data-for=""cashTag"" data-tip=""SAEX"" href=""/symbol/SAEX"" id=""SAEX-150555614-1191"">$SAEX</a></span> <span><a data-event=""click"" data-for=""cashTag"" data-tip=""PED"" href=""/symbol/PED"" id=""PED-150555614-1192"">$PED</a></span> <span><a data-event=""click"" data-for=""cashTag"" data-tip=""BOOT"" href=""/symbol/BOOT"" id=""BOOT-150555614-1193"">$BOOT</a></span> <span><a data-event=""click"" data-for=""cashTag"" data-tip=""DCAR"" href=""/symbol/DCAR"" id=""DCAR-150555614-1194"">$DCAR</a></span> <span><a data-event=""click"" data-for=""cashTag"" data-tip=""UNG"" href=""/symbol/UNG"" id=""UNG-150555614-1195"">$UNG</a></span> <span><a data-event=""click"" data-for=""cashTag"" data-tip=""YRCW"" href=""/symbol/YRCW"" id=""YRCW-150555614-1196"">$YRCW</a></span> <span><a data-event=""click"" data-for=""cashTag"" data-tip=""YETI"" href=""/symbol/YETI"" id=""YETI-150555614-1197"">$YETI</a></span> <span><a data-event=""click"" data-for=""cashTag"" data-tip=""UGAZ"" href=""/symbol/UGAZ"" id=""UGAZ-150555614-1198"">$UGAZ</a></span> <span><a data-event=""click"" data-for=""cashTag"" data-tip=""GCI"" href=""/symbol/GCI"" id=""GCI-150555614-1199"">$GCI</a></span> <span><a data-event=""click"" data-for=""cashTag"" data-tip=""RNN"" href=""/symbol/RNN"" id=""RNN-150555614-1200"">$RNN</a></span> <span><a data-event=""click"" data-for=""cashTag"" data-tip=""SBS"" href=""/symbol/SBS"" id=""SBS-150555614-1201"">$SBS</a></span> <span><a data-event=""click"" data-for=""cashTag"" data-tip=""NIO"" href=""/symbol/NIO"" id=""NIO-150555614-1202"">$NIO</a></span> <span><a data-event=""click"" data-for=""cashTag"" data-tip=""TLRY"" href=""/symbol/TLRY"" id=""TLRY-150555614-1203"">$TLRY</a></span> <span><a data-event=""click"" data-for=""cashTag"" data-tip=""SGYP"" href=""/symbol/SGYP"" id=""SGYP-150555614-1204"">$SGYP</a></span> <span><a data-event=""click"" data-for=""cashTag"" data-tip=""LULU"" href=""/symbol/LULU"" id=""LULU-150555614-1205"">$LULU</a></span> <span><a data-event=""click"" data-for=""cashTag"" data-tip=""NBEV"" href=""/symbol/NBEV"" id=""NBEV-150555614-1206"">$NBEV</a></span></div></div>"
WallStreetSTTA,True,2019-01-14 11:18:00,1.56,"<div class=""MessageStreamView__body___2giLh""><div><span><a data-event=""click"" data-for=""cashTag"" data-tip=""PED"" href=""/symbol/PED"" id=""PED-150554616-1209"">$PED</a></span> Been some big bid going on...we need some of those into buys .. thin .. low float. just need buys to squeeze short imo</div></div>"
Stockbuyout,True,2019-01-14 11:17:00,1.57,"<div class=""MessageStreamView__body___2giLh""><div><span><a data-event=""click"" data-for=""cashTag"" data-tip=""PED"" href=""/symbol/PED"" id=""PED-150554517-1212"">$PED</a></span> this thing is cumming after lunch...watch</div></div>"
WallStreetSTTA,True,2019-01-14 11:08:00,1.609,"<div class=""MessageStreamView__body___2giLh""><div><span><a data-event=""click"" data-for=""cashTag"" data-tip=""PED"" href=""/symbol/PED"" id=""PED-150553152-1244"">$PED</a></span> Lets break VWAP $1.63 and only resistence of $1.65 then weeeeeeeeeeee</div></div>"
WallStreetSTTA,True,2019-01-14 11:04:00,1.585,"<div class=""MessageStreamView__body___2giLh""><div><span><a data-event=""click"" data-for=""cashTag"" data-tip=""PED"" href=""/symbol/PED"" id=""PED-150552467-1251"">$PED</a></span> Only resistance until $2 is $1.65</div></div>"
WallStreetSTTA,True,2019-01-14 11:03:00,1.58,"<div class=""MessageStreamView__body___2giLh""><div><span><a data-event=""click"" data-for=""cashTag"" data-tip=""PED"" href=""/symbol/PED"" id=""PED-150552316-1254"">$PED</a></span> VWAP- 1.63</div></div>"
WallStreetSTTA,True,2019-01-14 11:00:00,1.6,"<div class=""MessageStreamView__body___2giLh""><div><span><a data-event=""click"" data-for=""cashTag"" data-tip=""PED"" href=""/symbol/PED"" id=""PED-150551778-1260"">$PED</a></span> 3,2000,000 volume now ...</div></div>"
WallStreetSTTA,True,2019-01-14 10:59:00,1.59,"<div class=""MessageStreamView__body___2giLh""><div><span><a data-event=""click"" data-for=""cashTag"" data-tip=""PED"" href=""/symbol/PED"" id=""PED-150551617-1263"">$PED</a></span> I have no doubt we see $2 today gl all..</div></div>"
Makkaz,True,2019-01-14 10:58:00,1.597,"<div class=""MessageStreamView__body___2giLh""><div><span><a data-event=""click"" data-for=""cashTag"" data-tip=""PED"" href=""/symbol/PED"" id=""PED-150551499-1266"">$PED</a></span> <span><a data-event=""click"" data-for=""cashTag"" data-tip=""CEI"" href=""/symbol/CEI"" id=""CEI-150551499-1267"">$CEI</a></span></div></div>"
thrincor,True,2019-01-14 10:56:00,1.575,"<div class=""MessageStreamView__body___2giLh""><div><span><a data-event=""click"" data-for=""cashTag"" data-tip=""PED"" href=""/symbol/PED"" id=""PED-150551258-1270"">$PED</a></span> imagine if this had the volume like MBOT today</div></div>"
WallStreetSTTA,True,2019-01-14 10:55:00,1.568,"<div class=""MessageStreamView__body___2giLh""><div><span><a data-event=""click"" data-for=""cashTag"" data-tip=""PED"" href=""/symbol/PED"" id=""PED-150551005-1273"">$PED</a></span> When short turn up indication to buy buy buy</div></div>"
PJ_Matlock,True,2019-01-14 10:53:00,1.558,"<div class=""MessageStreamView__body___2giLh""><div><span><a data-event=""click"" data-for=""cashTag"" data-tip=""PED"" href=""/symbol/PED"" id=""PED-150550651-1279"">$PED</a></span> long $1.54</div></div>"
WallStreetSTTA,True,2019-01-14 10:51:00,1.542,"<div class=""MessageStreamView__body___2giLh""><div><span><a data-event=""click"" data-for=""cashTag"" data-tip=""PED"" href=""/symbol/PED"" id=""PED-150550346-1282"">$PED</a></span> Looking for a nice move like <span><a data-event=""click"" data-for=""cashTag"" data-tip=""MBOT"" href=""/symbol/MBOT"" id=""MBOT-150550346-1283"">$MBOT</a></span> both with excellente news and small float.</div></div>"
Schueem,True,2019-01-14 10:48:00,1.543,"<div class=""MessageStreamView__body___2giLh""><div><span><a data-event=""click"" data-for=""cashTag"" data-tip=""MBOT"" href=""/symbol/MBOT"" id=""MBOT-150549826-1286"">$MBOT</a></span> <span><a data-event=""click"" data-for=""cashTag"" data-tip=""PED"" href=""/symbol/PED"" id=""PED-150549826-1287"">$PED</a></span> <span><a data-event=""click"" data-for=""cashTag"" data-tip=""CODX"" href=""/symbol/CODX"" id=""CODX-150549826-1288"">$CODX</a></span> strong gainers 💪</div></div>"
WallStreetSTTA,True,2019-01-14 10:46:00,1.551,"<div class=""MessageStreamView__body___2giLh""><div><span><a data-event=""click"" data-for=""cashTag"" data-tip=""PED"" href=""/symbol/PED"" id=""PED-150549538-1294"">$PED</a></span> ----</div></div>"
ElectricPanda,True,2019-01-14 10:45:00,1.561,"<div class=""MessageStreamView__body___2giLh""><div><span><a data-event=""click"" data-for=""cashTag"" data-tip=""PED"" href=""/symbol/PED"" id=""PED-150549387-1297"">$PED</a></span> Watching</div></div>"
WallStreetSTTA,True,2019-01-14 10:42:00,1.583,"<div class=""MessageStreamView__body___2giLh""><div><span><a data-event=""click"" data-for=""cashTag"" data-tip=""PED"" href=""/symbol/PED"" id=""PED-150548913-1300"">$PED</a></span> $4 mill float ...we can squeeze short easily here</div></div>"
hamza_b23,True,2019-01-14 10:40:00,1.609,"<div class=""MessageStreamView__body___2giLh""><div><span><a data-event=""click"" data-for=""cashTag"" data-tip=""PED"" href=""/symbol/PED"" id=""PED-150548456-1307"">$PED</a></span> looking for a break as we speak</div></div>"
Slingshot,True,2019-01-14 10:39:00,1.59,"<div class=""MessageStreamView__body___2giLh""><div>Off highs     <span><a data-event=""click"" data-for=""cashTag"" data-tip=""MBOT"" href=""/symbol/MBOT"" id=""MBOT-150548279-1313"">$MBOT</a></span> <span><a data-event=""click"" data-for=""cashTag"" data-tip=""ABAC"" href=""/symbol/ABAC"" id=""ABAC-150548279-1314"">$ABAC</a></span> <span><a data-event=""click"" data-for=""cashTag"" data-tip=""PED"" href=""/symbol/PED"" id=""PED-150548279-1315"">$PED</a></span> <span><a data-event=""click"" data-for=""cashTag"" data-tip=""RNN"" href=""/symbol/RNN"" id=""RNN-150548279-1316"">$RNN</a></span> <span><a data-event=""click"" data-for=""cashTag"" data-tip=""DCAR"" href=""/symbol/DCAR"" id=""DCAR-150548279-1317"">$DCAR</a></span> <span><a data-event=""click"" data-for=""cashTag"" data-tip=""CBK"" href=""/symbol/CBK"" id=""CBK-150548279-1318"">$CBK</a></span> <span><a data-event=""click"" data-for=""cashTag"" data-tip=""VVUS"" href=""/symbol/VVUS"" id=""VVUS-150548279-1319"">$VVUS</a></span> <span><a data-event=""click"" data-for=""cashTag"" data-tip=""SSLJ"" href=""/symbol/SSLJ"" id=""SSLJ-150548279-1320"">$SSLJ</a></span> <span><a data-event=""click"" data-for=""cashTag"" data-tip=""ARQL"" href=""/symbol/ARQL"" id=""ARQL-150548279-1321"">$ARQL</a></span> <span><a data-event=""click"" data-for=""cashTag"" data-tip=""SAEX"" href=""/symbol/SAEX"" id=""SAEX-150548279-1322"">$SAEX</a></span></div></div>"
DavidNeumann,True,2019-01-14 10:38:00,1.586,"<div class=""MessageStreamView__body___2giLh""><div><span><a data-event=""click"" data-for=""cashTag"" data-tip=""PED"" href=""/symbol/PED"" id=""PED-150548128-1325"">$PED</a></span> 
80% short yesterday
I expect a much bigger explosion later this day</div></div>"
WallStreetSTTA,True,2019-01-14 10:37:00,1.582,"<div class=""MessageStreamView__body___2giLh""><div><span><a data-event=""click"" data-for=""cashTag"" data-tip=""PED"" href=""/symbol/PED"" id=""PED-150548076-1328"">$PED</a></span> 2.9m in volume ...good ...</div></div>"
hamza_b23,True,2019-01-14 10:37:00,1.582,"<div class=""MessageStreamView__body___2giLh""><div><span><a data-event=""click"" data-for=""cashTag"" data-tip=""PED"" href=""/symbol/PED"" id=""PED-150548038-1331"">$PED</a></span> thinking ... we need the break at 1.65 to squeeze higher today. Very optimistic for this stock amazing news</div></div>"
WallStreetSTTA,True,2019-01-14 10:34:00,1.574,"<div class=""MessageStreamView__body___2giLh""><div><span><a data-event=""click"" data-for=""cashTag"" data-tip=""PED"" href=""/symbol/PED"" id=""PED-150547455-1334"">$PED</a></span> Bid stack.. we need to turn some of those into bid at ask and squeeze shorts... very thin on the ask here.  little buying pressure need</div></div>"
WallStreetSTTA,True,2019-01-14 10:30:00,1.571,"<div class=""MessageStreamView__body___2giLh""><div><span><a data-event=""click"" data-for=""cashTag"" data-tip=""PED"" href=""/symbol/PED"" id=""PED-150546959-1340"">$PED</a></span> Grab me another $5k thanks for the dip.</div></div>"
Danhalen,True,2019-01-14 10:26:00,1.626,"<div class=""MessageStreamView__body___2giLh""><div><span><a data-event=""click"" data-for=""cashTag"" data-tip=""PED"" href=""/symbol/PED"" id=""PED-150546333-1343"">$PED</a></span> - weak hands. You should know all equities (on my watch list at least) are forming cup handle from Christmas disaster. HOLD.</div></div>"
WallStreetSTTA,True,2019-01-14 10:26:00,1.626,"<div class=""MessageStreamView__body___2giLh""><div><span><a data-event=""click"" data-for=""cashTag"" data-tip=""PED"" href=""/symbol/PED"" id=""PED-150546259-1346"">$PED</a></span> Push those shorts boys...  $2 coming!!</div></div>"
jck42straw,True,2019-01-14 10:25:00,1.623,"<div class=""MessageStreamView__body___2giLh""><div><span><a data-event=""click"" data-for=""cashTag"" data-tip=""PED"" href=""/symbol/PED"" id=""PED-150546072-1349"">$PED</a></span> cashing out my other 50% today just a question of around 1.54 or 2.04 can go either way</div></div>"
Trick2MoneyisHavingSum,True,2019-01-14 10:23:00,1.628,"<div class=""MessageStreamView__body___2giLh""><div><span><a data-event=""click"" data-for=""cashTag"" data-tip=""CEI"" href=""/symbol/CEI"" id=""CEI-150545779-1352"">$CEI</a></span> <span><a data-event=""click"" data-for=""cashTag"" data-tip=""UGAZ"" href=""/symbol/UGAZ"" id=""UGAZ-150545779-1353"">$UGAZ</a></span> and <span><a data-event=""click"" data-for=""cashTag"" data-tip=""PED"" href=""/symbol/PED"" id=""PED-150545779-1354"">$PED</a></span> where's the pin action?</div></div>"
BullRunner1995,True,2019-01-14 10:21:00,1.629,"<div class=""MessageStreamView__body___2giLh""><div><span><a data-event=""click"" data-for=""cashTag"" data-tip=""PED"" href=""/symbol/PED"" id=""PED-150545560-1357"">$PED</a></span></div></div>"
AZOZ,True,2019-01-14 10:21:00,1.629,"<div class=""MessageStreamView__body___2giLh""><div><span><a data-event=""click"" data-for=""cashTag"" data-tip=""MBOT"" href=""/symbol/MBOT"" id=""MBOT-150545449-1360"">$MBOT</a></span> <span><a data-event=""click"" data-for=""cashTag"" data-tip=""PED"" href=""/symbol/PED"" id=""PED-150545449-1361"">$PED</a></span> <span><a data-event=""click"" data-for=""cashTag"" data-tip=""DFFN"" href=""/symbol/DFFN"" id=""DFFN-150545449-1362"">$DFFN</a></span> <span><a data-event=""click"" data-for=""cashTag"" data-tip=""CODX"" href=""/symbol/CODX"" id=""CODX-150545449-1363"">$CODX</a></span>
Big if you followed my call earlier today congrats longs and followers
<span><a data-event=""click"" data-for=""cashTag"" data-tip=""FPAY"" href=""/symbol/FPAY"" id=""FPAY-150545449-1364"">$FPAY</a></span> worth to keep eye on it still cheap</div></div>"
CriticalBull,True,2019-01-14 10:20:00,1.622,"<div class=""MessageStreamView__body___2giLh""><div><span><a data-event=""click"" data-for=""cashTag"" data-tip=""PED"" href=""/symbol/PED"" id=""PED-150545276-1373"">$PED</a></span> Ped is back!</div></div>"
DaBenz,True,2019-01-14 10:19:00,1.636,"<div class=""MessageStreamView__body___2giLh""><div><span><a data-event=""click"" data-for=""cashTag"" data-tip=""PED"" href=""/symbol/PED"" id=""PED-150545231-1379"">$PED</a></span> got in at 1.55 may have to leave shortly at 1.65.....lets start hanging out in the 1.80s</div></div>"
WallStreetSTTA,True,2019-01-14 10:17:00,1.643,"<div class=""MessageStreamView__body___2giLh""><div><span><a data-event=""click"" data-for=""cashTag"" data-tip=""PED"" href=""/symbol/PED"" id=""PED-150544815-1389"">$PED</a></span> up 28% so far ...Lets goooo volume significantly up</div></div>"
PLATINUM_TRADES,True,2019-01-14 10:16:00,1.616,"<div class=""MessageStreamView__body___2giLh""><div><span><a data-event=""click"" data-for=""cashTag"" data-tip=""PED"" href=""/symbol/PED"" id=""PED-150544774-1392"">$PED</a></span> $1.85 high and another one. 2019 has started off great 👍👍👍👍</div></div>"
topstockalerts,True,2019-01-14 10:16:00,1.616,"<div class=""MessageStreamView__body___2giLh""><div>Top Gainers:

<span><a data-event=""click"" data-for=""cashTag"" data-tip=""MBOT"" href=""/symbol/MBOT"" id=""MBOT-150544711-1395"">$MBOT</a></span> <span><a data-event=""click"" data-for=""cashTag"" data-tip=""PED"" href=""/symbol/PED"" id=""PED-150544711-1396"">$PED</a></span> <span><a data-event=""click"" data-for=""cashTag"" data-tip=""CODX"" href=""/symbol/CODX"" id=""CODX-150544711-1397"">$CODX</a></span> <span><a data-event=""click"" data-for=""cashTag"" data-tip=""YGYI"" href=""/symbol/YGYI"" id=""YGYI-150544711-1398"">$YGYI</a></span> <span><a data-event=""click"" data-for=""cashTag"" data-tip=""DFFN"" href=""/symbol/DFFN"" id=""DFFN-150544711-1399"">$DFFN</a></span> <span><a data-event=""click"" data-for=""cashTag"" data-tip=""GCI"" href=""/symbol/GCI"" id=""GCI-150544711-1400"">$GCI</a></span> <span><a data-event=""click"" data-for=""cashTag"" data-tip=""VVUS"" href=""/symbol/VVUS"" id=""VVUS-150544711-1401"">$VVUS</a></span> <span><a data-event=""click"" data-for=""cashTag"" data-tip=""USAT"" href=""/symbol/USAT"" id=""USAT-150544711-1402"">$USAT</a></span> <span><a data-event=""click"" data-for=""cashTag"" data-tip=""DCAR"" href=""/symbol/DCAR"" id=""DCAR-150544711-1403"">$DCAR</a></span> <span><a data-event=""click"" data-for=""cashTag"" data-tip=""SGYP"" href=""/symbol/SGYP"" id=""SGYP-150544711-1404"">$SGYP</a></span> <span><a data-event=""click"" data-for=""cashTag"" data-tip=""UNG"" href=""/symbol/UNG"" id=""UNG-150544711-1405"">$UNG</a></span> <span><a data-event=""click"" data-for=""cashTag"" data-tip=""BOOT"" href=""/symbol/BOOT"" id=""BOOT-150544711-1406"">$BOOT</a></span> <span><a data-event=""click"" data-for=""cashTag"" data-tip=""NBEV"" href=""/symbol/NBEV"" id=""NBEV-150544711-1407"">$NBEV</a></span> <span><a data-event=""click"" data-for=""cashTag"" data-tip=""RNN"" href=""/symbol/RNN"" id=""RNN-150544711-1408"">$RNN</a></span> <span><a data-event=""click"" data-for=""cashTag"" data-tip=""CG"" href=""/symbol/CG"" id=""CG-150544711-1409"">$CG</a></span></div></div>"
WallStreetSTTA,True,2019-01-14 10:14:00,1.659,"<div class=""MessageStreamView__body___2giLh""><div><span><a data-event=""click"" data-for=""cashTag"" data-tip=""PED"" href=""/symbol/PED"" id=""PED-150544292-1412"">$PED</a></span> We definatley breaking $2 here  ONLY 4MILLION FLOAT...RUNNER HERE</div></div>"
indythetrader,True,2019-01-14 10:12:00,1.655,"<div class=""MessageStreamView__body___2giLh""><div><span><a data-event=""click"" data-for=""cashTag"" data-tip=""PED"" href=""/symbol/PED"" id=""PED-150543876-1415"">$PED</a></span> VWAP BROKE <span><a data-event=""click"" data-for=""cashTag"" data-tip=""MBIO"" href=""/symbol/MBIO"" id=""MBIO-150543876-1416"">$MBIO</a></span> BRING PROFITS OVER</div></div>"
WallStreetSTTA,True,2019-01-14 10:11:00,1.675,"<div class=""MessageStreamView__body___2giLh""><div><span><a data-event=""click"" data-for=""cashTag"" data-tip=""PED"" href=""/symbol/PED"" id=""PED-150543681-1419"">$PED</a></span> STRONG ...HERE WE GOOO SQUEZZEEEEEE</div></div>"
WallStreetSTTA,True,2019-01-14 10:09:00,1.687,"<div class=""MessageStreamView__body___2giLh""><div><span><a data-event=""click"" data-for=""cashTag"" data-tip=""PED"" href=""/symbol/PED"" id=""PED-150543293-1425"">$PED</a></span> broke VWAP BOOM!! 2.50 INCOMING LETS GOOOOO</div></div>"
GapUpPlz,True,2019-01-14 10:08:00,1.686,"<div class=""MessageStreamView__body___2giLh""><div><span><a data-event=""click"" data-for=""cashTag"" data-tip=""PED"" href=""/symbol/PED"" id=""PED-150543242-1428"">$PED</a></span> should test hod soon imo</div></div>"
topstockalerts,True,2019-01-14 10:08:00,1.686,"<div class=""MessageStreamView__body___2giLh""><div><span><a data-event=""click"" data-for=""cashTag"" data-tip=""PED"" href=""/symbol/PED"" id=""PED-150543189-1431"">$PED</a></span> Still going. On watch for a break of hod</div></div>"
jck42straw,True,2019-01-14 10:08:00,1.686,"<div class=""MessageStreamView__body___2giLh""><div><span><a data-event=""click"" data-for=""cashTag"" data-tip=""PED"" href=""/symbol/PED"" id=""PED-150543107-1437"">$PED</a></span> here,comes 1.70</div></div>"
PLATINUM_TRADES,True,2019-01-14 10:07:00,1.665,"<div class=""MessageStreamView__body___2giLh""><div><span><a data-event=""click"" data-for=""cashTag"" data-tip=""PED"" href=""/symbol/PED"" id=""PED-150543001-1440"">$PED</a></span> let's see come on and break  👍👍👍👍</div></div>"
WallStreetSTTA,True,2019-01-14 10:07:00,1.665,"<div class=""MessageStreamView__body___2giLh""><div><span><a data-event=""click"" data-for=""cashTag"" data-tip=""PED"" href=""/symbol/PED"" id=""PED-150542888-1443"">$PED</a></span> Come on BULLS we want $2.50 ..great news here /..lets goooooo</div></div>"
TheMoose1026,True,2019-01-14 10:06:00,1.61,"<div class=""MessageStreamView__body___2giLh""><div><span><a data-event=""click"" data-for=""cashTag"" data-tip=""PED"" href=""/symbol/PED"" id=""PED-150542815-1446"">$PED</a></span> back in!</div></div>"
chialor,True,2019-01-14 10:04:00,1.615,"<div class=""MessageStreamView__body___2giLh""><div><span><a data-event=""click"" data-for=""cashTag"" data-tip=""PED"" href=""/symbol/PED"" id=""PED-150542476-1452"">$PED</a></span> Watch 1.66 break, should see buyers there but resistance at 1.68. If buyers can claim 1.68, we will go higher</div></div>"
chialor,True,2019-01-14 10:03:00,1.64,"<div class=""MessageStreamView__body___2giLh""><div><span><a data-event=""click"" data-for=""cashTag"" data-tip=""PED"" href=""/symbol/PED"" id=""PED-150542243-1458"">$PED</a></span> no sellers again at 1.5s, this is gonna run today IMO. Twice we see no sellers at 1.5s, again. 1.45 is a good stop intraday</div></div>"
WallStreetSTTA,True,2019-01-14 10:02:00,1.606,"<div class=""MessageStreamView__body___2giLh""><div><span><a data-event=""click"" data-for=""cashTag"" data-tip=""PED"" href=""/symbol/PED"" id=""PED-150542044-1461"">$PED</a></span> Shorts panicking ...LETS GOOOOOOOOOOO</div></div>"
WallStreetSTTA,True,2019-01-14 10:01:00,1.575,"<div class=""MessageStreamView__body___2giLh""><div><span><a data-event=""click"" data-for=""cashTag"" data-tip=""PED"" href=""/symbol/PED"" id=""PED-150541923-1489"">$PED</a></span> gonna POP BIG HERE MOMENTARILY ..GL</div></div>"
Stockbuyout,True,2019-01-14 09:58:00,1.588,"<div class=""MessageStreamView__body___2giLh""><div><span><a data-event=""click"" data-for=""cashTag"" data-tip=""PED"" href=""/symbol/PED"" id=""PED-150541407-1492"">$PED</a></span> just getting started!</div></div>"
WallStreetSTTA,True,2019-01-14 09:57:00,1.566,"<div class=""MessageStreamView__body___2giLh""><div><span><a data-event=""click"" data-for=""cashTag"" data-tip=""PED"" href=""/symbol/PED"" id=""PED-150541162-1495"">$PED</a></span> break $1.68 and we rockettttttt 💲🤑💲🔥🔥🔥</div></div>"
HundredMillionPlusDotCom,True,2019-01-14 09:57:00,1.566,"<div class=""MessageStreamView__body___2giLh""><div><span><a data-event=""click"" data-for=""cashTag"" data-tip=""PED"" href=""/symbol/PED"" id=""PED-150541138-1498"">$PED</a></span> ☕️💐</div></div>"
WallStreetSTTA,True,2019-01-14 09:55:00,1.574,"<div class=""MessageStreamView__body___2giLh""><div><span><a data-event=""click"" data-for=""cashTag"" data-tip=""PED"" href=""/symbol/PED"" id=""PED-150540844-1501"">$PED</a></span> 2000,000 volume and its not even 10am yet...</div></div>"
BeCOYOS,True,2019-01-14 09:53:00,1.6,"<div class=""MessageStreamView__body___2giLh""><div><span><a data-event=""click"" data-for=""cashTag"" data-tip=""PED"" href=""/symbol/PED"" id=""PED-150540531-1504"">$PED</a></span> Flagging, about to bust out higher 💥💥</div></div>"
WallStreetSTTA,True,2019-01-14 09:53:00,1.6,"<div class=""MessageStreamView__body___2giLh""><div><span><a data-event=""click"" data-for=""cashTag"" data-tip=""PED"" href=""/symbol/PED"" id=""PED-150540523-1507"">$PED</a></span> we want $2.50 baby</div></div>"
jck42straw,True,2019-01-14 09:53:00,1.6,"<div class=""MessageStreamView__body___2giLh""><div><span><a data-event=""click"" data-for=""cashTag"" data-tip=""PED"" href=""/symbol/PED"" id=""PED-150540418-1510"">$PED</a></span> BANG!!</div></div>"
WallStreetSTTA,True,2019-01-14 09:53:00,1.6,"<div class=""MessageStreamView__body___2giLh""><div><span><a data-event=""click"" data-for=""cashTag"" data-tip=""PED"" href=""/symbol/PED"" id=""PED-150540393-1513"">$PED</a></span> pressure building ..here we goooooo</div></div>"
topstockalerts,True,2019-01-14 09:52:00,1.61,"<div class=""MessageStreamView__body___2giLh""><div><span><a data-event=""click"" data-for=""cashTag"" data-tip=""PED"" href=""/symbol/PED"" id=""PED-150540304-1516"">$PED</a></span> There she goes. Congrats to all!</div></div>"
WallStreetSTTA,True,2019-01-14 09:51:00,1.57,"<div class=""MessageStreamView__body___2giLh""><div><span><a data-event=""click"" data-for=""cashTag"" data-tip=""PED"" href=""/symbol/PED"" id=""PED-150540173-1519"">$PED</a></span> Nice POP coming here <span><a data-event=""click"" data-for=""cashTag"" data-tip=""MBOT"" href=""/symbol/MBOT"" id=""MBOT-150540173-1520"">$MBOT</a></span> <span><a data-event=""click"" data-for=""cashTag"" data-tip=""SAEX"" href=""/symbol/SAEX"" id=""SAEX-150540173-1521"">$SAEX</a></span> <span><a data-event=""click"" data-for=""cashTag"" data-tip=""ADIL"" href=""/symbol/ADIL"" id=""ADIL-150540173-1522"">$ADIL</a></span></div></div>"
WallStreetSTTA,True,2019-01-14 09:48:00,1.57,"<div class=""MessageStreamView__body___2giLh""><div><span><a data-event=""click"" data-for=""cashTag"" data-tip=""PED"" href=""/symbol/PED"" id=""PED-150539545-1534"">$PED</a></span> BREAK $1,66 AND BOOMMM!!!!</div></div>"
Jedi77,True,2019-01-14 09:47:00,1.591,"<div class=""MessageStreamView__body___2giLh""><div><span><a data-event=""click"" data-for=""cashTag"" data-tip=""PED"" href=""/symbol/PED"" id=""PED-150539443-1537"">$PED</a></span> </div></div>"
Stockbuyout,True,2019-01-14 09:47:00,1.591,"<div class=""MessageStreamView__body___2giLh""><div><span><a data-event=""click"" data-for=""cashTag"" data-tip=""PED"" href=""/symbol/PED"" id=""PED-150539420-1540"">$PED</a></span> brought 3000 shares here!! Let's go</div></div>"
jck42straw,True,2019-01-14 09:46:00,1.568,"<div class=""MessageStreamView__body___2giLh""><div><span><a data-event=""click"" data-for=""cashTag"" data-tip=""MXC"" href=""/symbol/MXC"" id=""MXC-150539159-1543"">$MXC</a></span> yo MXC fam spanked <span><a data-event=""click"" data-for=""cashTag"" data-tip=""PED"" href=""/symbol/PED"" id=""PED-150539159-1544"">$PED</a></span> like a red headed step child. Sending my positive vibes back here. Lets do this</div></div>"
WallStreetSTTA,True,2019-01-14 09:45:00,1.549,"<div class=""MessageStreamView__body___2giLh""><div><span><a data-event=""click"" data-for=""cashTag"" data-tip=""PED"" href=""/symbol/PED"" id=""PED-150539075-1547"">$PED</a></span> Great news.. VOLUME COMING IN.. could pop here</div></div>"
NyseTradingSchool,True,2019-01-14 09:44:00,1.55,"<div class=""MessageStreamView__body___2giLh""><div>Pump&amp;Dump Strategy <span><a data-event=""click"" data-for=""cashTag"" data-tip=""PED"" href=""/symbol/PED"" id=""PED-150538879-1550"">$PED</a></span></div></div>"
jck42straw,True,2019-01-14 09:43:00,1.596,"<div class=""MessageStreamView__body___2giLh""><div><span><a data-event=""click"" data-for=""cashTag"" data-tip=""PED"" href=""/symbol/PED"" id=""PED-150538803-1553"">$PED</a></span> half out 1.76 want her to run hard will cash out if 1.55 doesent hold</div></div>"
WallStreetSTTA,True,2019-01-14 09:41:00,1.605,"<div class=""MessageStreamView__body___2giLh""><div><span><a data-event=""click"" data-for=""cashTag"" data-tip=""PED"" href=""/symbol/PED"" id=""PED-150538385-1556"">$PED</a></span> $2.50 -3 today</div></div>"
WallStreetSTTA,True,2019-01-14 09:39:00,1.588,"<div class=""MessageStreamView__body___2giLh""><div><span><a data-event=""click"" data-for=""cashTag"" data-tip=""PED"" href=""/symbol/PED"" id=""PED-150538053-1562"">$PED</a></span> Low floater great news ...</div></div>"
Trick2MoneyisHavingSum,True,2019-01-14 09:39:00,1.588,"<div class=""MessageStreamView__body___2giLh""><div><span><a data-event=""click"" data-for=""cashTag"" data-tip=""CEI"" href=""/symbol/CEI"" id=""CEI-150538015-1565"">$CEI</a></span> see <span><a data-event=""click"" data-for=""cashTag"" data-tip=""PED"" href=""/symbol/PED"" id=""PED-150538015-1566"">$PED</a></span>?</div></div>"
WallStreetSTTA,True,2019-01-14 09:38:00,1.63,"<div class=""MessageStreamView__body___2giLh""><div><span><a data-event=""click"" data-for=""cashTag"" data-tip=""PED"" href=""/symbol/PED"" id=""PED-150537958-1572"">$PED</a></span> $2.50 HERE WE GOOOO...come on over ..<span><a data-event=""click"" data-for=""cashTag"" data-tip=""MBOT"" href=""/symbol/MBOT"" id=""MBOT-150537958-1573"">$MBOT</a></span></div></div>"
JORDAN__BELFORT,False,2019-01-14 09:38:00,1.63,"<div class=""MessageStreamView__body___2giLh""><div><span><a data-event=""click"" data-for=""cashTag"" data-tip=""PED"" href=""/symbol/PED"" id=""PED-150537941-1576"">$PED</a></span> short scalp entry 8.99 tight SL looking for a a crack below $8</div></div>"
WallStreetSTTA,True,2019-01-14 09:38:00,1.63,"<div class=""MessageStreamView__body___2giLh""><div><span><a data-event=""click"" data-for=""cashTag"" data-tip=""PED"" href=""/symbol/PED"" id=""PED-150537870-1579"">$PED</a></span> <span><a data-event=""click"" data-for=""cashTag"" data-tip=""PED"" href=""/symbol/PED"" id=""PED-150537870-1580"">$PED</a></span> ALERT!! <span><a data-event=""click"" data-for=""cashTag"" data-tip=""MBOT"" href=""/symbol/MBOT"" id=""MBOT-150537870-1581"">$MBOT</a></span>  EXCEELLENTEEE fuging news whichever way you kick it , stab it ,cut!!  LOW FLOATERS</div></div>"
Markalexanderstocks,True,2019-01-14 09:35:00,1.621,"<div class=""MessageStreamView__body___2giLh""><div><span><a data-event=""click"" data-for=""cashTag"" data-tip=""MBOT"" href=""/symbol/MBOT"" id=""MBOT-150537355-1596"">$MBOT</a></span> <span><a data-event=""click"" data-for=""cashTag"" data-tip=""PED"" href=""/symbol/PED"" id=""PED-150537355-1597"">$PED</a></span> today runners🚀🚀🚀</div></div>"
RawlsRoyce,True,2019-01-14 09:34:00,1.64,"<div class=""MessageStreamView__body___2giLh""><div><span><a data-event=""click"" data-for=""cashTag"" data-tip=""PED"" href=""/symbol/PED"" id=""PED-150537313-1600"">$PED</a></span> this was an absolute slam dunk. Up over 130% since alert two wks ago. Still all in</div></div>"
GapUpPlz,True,2019-01-14 09:33:00,1.681,"<div class=""MessageStreamView__body___2giLh""><div><span><a data-event=""click"" data-for=""cashTag"" data-tip=""PED"" href=""/symbol/PED"" id=""PED-150537110-1603"">$PED</a></span> breaking out</div></div>"
PictureThis,True,2019-01-14 09:33:00,1.681,"<div class=""MessageStreamView__body___2giLh""><div><span><a data-event=""click"" data-for=""cashTag"" data-tip=""PED"" href=""/symbol/PED"" id=""PED-150537055-1606"">$PED</a></span> Wow. Nice.</div></div>"
BottomPicker_Swings,True,2019-01-14 09:33:00,1.681,"<div class=""MessageStreamView__body___2giLh""><div><span><a data-event=""click"" data-for=""cashTag"" data-tip=""CEI"" href=""/symbol/CEI"" id=""CEI-150537030-1609"">$CEI</a></span> added more on <span><a data-event=""click"" data-for=""cashTag"" data-tip=""PED"" href=""/symbol/PED"" id=""PED-150537030-1610"">$PED</a></span> sympathy</div></div>"
BarterTrades,True,2019-01-14 09:32:00,1.829,"<div class=""MessageStreamView__body___2giLh""><div><span><a data-event=""click"" data-for=""cashTag"" data-tip=""PED"" href=""/symbol/PED"" id=""PED-150536965-1616"">$PED</a></span> holy volume</div></div>"
Danhalen,True,2019-01-14 09:32:00,1.829,"<div class=""MessageStreamView__body___2giLh""><div><span><a data-event=""click"" data-for=""cashTag"" data-tip=""PED"" href=""/symbol/PED"" id=""PED-150536928-1619"">$PED</a></span> - yes baby yea!!!!!!</div></div>"
