mikepru,True,2019-01-14 15:51:00,0.8814,"<div class=""MessageStreamView__body___2giLh""><div><span><a data-event=""click"" data-for=""cashTag"" data-tip=""PIR"" href=""/symbol/PIR"" id=""PIR-150596157-299"">$PIR</a></span> Serious games being played here...</div></div>"
MoneyMaker25,True,2019-01-14 15:26:00,0.9057,"<div class=""MessageStreamView__body___2giLh""><div><span><a data-event=""click"" data-for=""cashTag"" data-tip=""PIR"" href=""/symbol/PIR"" id=""PIR-150591885-305"">$PIR</a></span> strong</div></div>"
Topolino,True,2019-01-14 15:22:00,0.9057,"<div class=""MessageStreamView__body___2giLh""><div><span><a data-event=""click"" data-for=""cashTag"" data-tip=""FRAN"" href=""/symbol/FRAN"" id=""FRAN-150591261-308"">$FRAN</a></span> <span><a data-event=""click"" data-for=""cashTag"" data-tip=""PIR"" href=""/symbol/PIR"" id=""PIR-150591261-309"">$PIR</a></span> pir is re starting..and Fran next minutes🛫🛫</div></div>"
DialATutor2005,True,2019-01-14 15:12:00,0.8996,"<div class=""MessageStreamView__body___2giLh""><div><span><a data-event=""click"" data-for=""cashTag"" data-tip=""PIR"" href=""/symbol/PIR"" id=""PIR-150589423-312"">$PIR</a></span> the 6th time she tries to break .90. I'm in 5000 shares @.85.
I'm not fucking selling!!!</div></div>"
FREEDISCORDINBIO,True,2019-01-14 14:52:00,0.8832,"<div class=""MessageStreamView__body___2giLh""><div><span><a data-event=""click"" data-for=""cashTag"" data-tip=""PIR"" href=""/symbol/PIR"" id=""PIR-150586198-318"">$PIR</a></span> 10D 10M Chart update</div></div>"
gameon1313,True,2019-01-14 14:36:00,0.8779,"<div class=""MessageStreamView__body___2giLh""><div><span><a data-event=""click"" data-for=""cashTag"" data-tip=""PIR"" href=""/symbol/PIR"" id=""PIR-150583944-321"">$PIR</a></span> looking for a good re-entry point....looks like should wait a day or two</div></div>"
MonkeyBusiness59,False,2019-01-14 13:01:00,0.8549,"<div class=""MessageStreamView__body___2giLh""><div><span><a data-event=""click"" data-for=""cashTag"" data-tip=""PIR"" href=""/symbol/PIR"" id=""PIR-150569721-327"">$PIR</a></span> Back to the $.20’s!</div></div>"
mrfinancier,False,2019-01-14 12:29:00,0.8535,"<div class=""MessageStreamView__body___2giLh""><div><span><a data-event=""click"" data-for=""cashTag"" data-tip=""PIR"" href=""/symbol/PIR"" id=""PIR-150565382-330"">$PIR</a></span> bad looking candle</div></div>"
mrfinancier,False,2019-01-14 12:25:00,0.8574,"<div class=""MessageStreamView__body___2giLh""><div><span><a data-event=""click"" data-for=""cashTag"" data-tip=""PIR"" href=""/symbol/PIR"" id=""PIR-150564885-333"">$PIR</a></span> warned u</div></div>"
Dr_Stoxx,True,2019-01-14 12:04:00,0.8845,"<div class=""MessageStreamView__body___2giLh""><div><span><a data-event=""click"" data-for=""cashTag"" data-tip=""PIR"" href=""/symbol/PIR"" id=""PIR-150561715-336"">$PIR</a></span> My PSL peeps are also in this one.  . Pausing today before next leg higher.</div></div>"
SerialTrader72,True,2019-01-14 11:52:00,0.9034,"<div class=""MessageStreamView__body___2giLh""><div><span><a data-event=""click"" data-for=""cashTag"" data-tip=""PIR"" href=""/symbol/PIR"" id=""PIR-150560034-339"">$PIR</a></span> needs to breaktrough 0.92$</div></div>"
Tommyl,True,2019-01-14 11:36:00,0.89,"<div class=""MessageStreamView__body___2giLh""><div><span><a data-event=""click"" data-for=""cashTag"" data-tip=""VLRX"" href=""/symbol/VLRX"" id=""VLRX-150557486-342"">$VLRX</a></span> <span><a data-event=""click"" data-for=""cashTag"" data-tip=""PIR"" href=""/symbol/PIR"" id=""PIR-150557486-343"">$PIR</a></span> <span><a data-event=""click"" data-for=""cashTag"" data-tip=""RAD"" href=""/symbol/RAD"" id=""RAD-150557486-344"">$RAD</a></span> <span><a data-event=""click"" data-for=""cashTag"" data-tip=""PTN"" href=""/symbol/PTN"" id=""PTN-150557486-345"">$PTN</a></span> <span><a data-event=""click"" data-for=""cashTag"" data-tip=""MNGA"" href=""/symbol/MNGA"" id=""MNGA-150557486-346"">$MNGA</a></span> <span><a data-event=""click"" data-for=""cashTag"" data-tip=""MOSY"" href=""/symbol/MOSY"" id=""MOSY-150557486-347"">$MOSY</a></span> <span><a data-event=""click"" data-for=""cashTag"" data-tip=""BPMX"" href=""/symbol/BPMX"" id=""BPMX-150557486-348"">$BPMX</a></span> <span><a data-event=""click"" data-for=""cashTag"" data-tip=""HSGX"" href=""/symbol/HSGX"" id=""HSGX-150557486-349"">$HSGX</a></span> watch volumes</div></div>"
mrfinancier,False,2019-01-14 11:35:00,0.89,"<div class=""MessageStreamView__body___2giLh""><div><span><a data-event=""click"" data-for=""cashTag"" data-tip=""PIR"" href=""/symbol/PIR"" id=""PIR-150557403-355"">$PIR</a></span> get our will flush to .56 1st. Then up</div></div>"
SerialTrader72,True,2019-01-14 11:23:00,0.9016,"<div class=""MessageStreamView__body___2giLh""><div><span><a data-event=""click"" data-for=""cashTag"" data-tip=""PIR"" href=""/symbol/PIR"" id=""PIR-150555479-358"">$PIR</a></span> buy now</div></div>"
SirNemuel,True,2019-01-14 11:15:00,0.9,"<div class=""MessageStreamView__body___2giLh""><div><span><a data-event=""click"" data-for=""cashTag"" data-tip=""PIR"" href=""/symbol/PIR"" id=""PIR-150554184-364"">$PIR</a></span> <span><a data-event=""click"" data-for=""cashTag"" data-tip=""WFT"" href=""/symbol/WFT"" id=""WFT-150554184-365"">$WFT</a></span> <span><a data-event=""click"" data-for=""cashTag"" data-tip=""BW"" href=""/symbol/BW"" id=""BW-150554184-366"">$BW</a></span> price target 1.5</div></div>"
SerialTrader72,True,2019-01-14 10:35:00,0.8898,"<div class=""MessageStreamView__body___2giLh""><div><span><a data-event=""click"" data-for=""cashTag"" data-tip=""PIR"" href=""/symbol/PIR"" id=""PIR-150547605-372"">$PIR</a></span> buy now ;)</div></div>"
gameon1313,True,2019-01-14 10:19:00,0.8725,"<div class=""MessageStreamView__body___2giLh""><div><span><a data-event=""click"" data-for=""cashTag"" data-tip=""PIR"" href=""/symbol/PIR"" id=""PIR-150545209-378"">$PIR</a></span> </div></div>"
George323818,True,2019-01-14 10:08:00,0.8914,"<div class=""MessageStreamView__body___2giLh""><div><span><a data-event=""click"" data-for=""cashTag"" data-tip=""PIR"" href=""/symbol/PIR"" id=""PIR-150543096-381"">$PIR</a></span> Looks like shorts are desperate with their FAKE NEWS</div></div>"
bobthebuilder66,False,2019-01-14 09:53:00,0.8692,"<div class=""MessageStreamView__body___2giLh""><div><span><a data-event=""click"" data-for=""cashTag"" data-tip=""PIR"" href=""/symbol/PIR"" id=""PIR-150540560-384"">$PIR</a></span> Don't get stuck holding this bag!!!! ""Pier 1 is a 'dumpster fire' and it's fighting for its survival (PIR)""</div></div>"
bobthebuilder66,False,2019-01-14 09:50:00,0.8806,"<div class=""MessageStreamView__body___2giLh""><div><span><a data-event=""click"" data-for=""cashTag"" data-tip=""PIR"" href=""/symbol/PIR"" id=""PIR-150539988-390"">$PIR</a></span> run from this dumpster fire. stock is worth 20 cents.</div></div>"
Jedi77,True,2019-01-14 09:39:00,0.8909,"<div class=""MessageStreamView__body___2giLh""><div><span><a data-event=""click"" data-for=""cashTag"" data-tip=""PIR"" href=""/symbol/PIR"" id=""PIR-150538034-393"">$PIR</a></span> Getting ready to explode!</div></div>"
SerialTrader72,True,2019-01-14 09:38:00,0.8965,"<div class=""MessageStreamView__body___2giLh""><div><span><a data-event=""click"" data-for=""cashTag"" data-tip=""PIR"" href=""/symbol/PIR"" id=""PIR-150537964-396"">$PIR</a></span> BTFD!</div></div>"
