21MITCH21,True,2019-01-14 15:47:00,1.52,"<div class=""MessageStreamView__body___2giLh""><div><span><a data-event=""click"" data-for=""cashTag"" data-tip=""PIXY"" href=""/symbol/PIXY"" id=""PIXY-150595389-182"">$PIXY</a></span> swinging this for the week, want 1.8 at least</div></div>"
Zprime,True,2019-01-14 15:08:00,1.52,"<div class=""MessageStreamView__body___2giLh""><div><span><a data-event=""click"" data-for=""cashTag"" data-tip=""PIXY"" href=""/symbol/PIXY"" id=""PIXY-150588876-188"">$PIXY</a></span> holding the bag at 1.68 currently. Still looking out for a move back to 2 range.</div></div>"
BottomPicker_Swings,True,2019-01-14 14:55:00,1.529,"<div class=""MessageStreamView__body___2giLh""><div><span><a data-event=""click"" data-for=""cashTag"" data-tip=""PIXY"" href=""/symbol/PIXY"" id=""PIXY-150586724-191"">$PIXY</a></span> added more</div></div>"
Sparkys226,True,2019-01-14 14:31:00,1.511,"<div class=""MessageStreamView__body___2giLh""><div><span><a data-event=""click"" data-for=""cashTag"" data-tip=""GNMX"" href=""/symbol/GNMX"" id=""GNMX-150583180-194"">$GNMX</a></span>  stopped out at .200 looks like it could fall back to .18. Entering <span><a data-event=""click"" data-for=""cashTag"" data-tip=""PIXY"" href=""/symbol/PIXY"" id=""PIXY-150583180-195"">$PIXY</a></span> following <span class=""UserProfileLink__container___2JY3s""><a data-event=""click"" href=""/Dman20200"" id=""user-profile-Dman20200-1547605894067-196"">@Dman20200</a></span>  macd curling. Still long <span><a data-event=""click"" data-for=""cashTag"" data-tip=""AMRH"" href=""/symbol/AMRH"" id=""AMRH-150583180-197"">$AMRH</a></span> <span><a data-event=""click"" data-for=""cashTag"" data-tip=""CGIX"" href=""/symbol/CGIX"" id=""CGIX-150583180-198"">$CGIX</a></span></div></div>"
Tanvir78,True,2019-01-14 14:20:00,1.52,"<div class=""MessageStreamView__body___2giLh""><div><span><a data-event=""click"" data-for=""cashTag"" data-tip=""PIXY"" href=""/symbol/PIXY"" id=""PIXY-150581602-201"">$PIXY</a></span> in <span class=""UserProfileLink__container___2JY3s""><a data-event=""click"" href=""/1"" id=""user-profile-1-1547605894069-202"">@1</a></span>.53</div></div>"
KingCashCannnon,True,2019-01-14 14:07:00,1.52,"<div class=""MessageStreamView__body___2giLh""><div><span><a data-event=""click"" data-for=""cashTag"" data-tip=""PIXY"" href=""/symbol/PIXY"" id=""PIXY-150579603-205"">$PIXY</a></span> gonna wait for EOD</div></div>"
DontDoWhatISay,True,2019-01-14 13:09:00,1.55,"<div class=""MessageStreamView__body___2giLh""><div><span><a data-event=""click"" data-for=""cashTag"" data-tip=""PIXY"" href=""/symbol/PIXY"" id=""PIXY-150570910-208"">$PIXY</a></span> In here on this support floor. PT $1.89 and $2.59 - <a data-event=""click"" href=""https://www.tradingview.com/x/Srbv6FBk/"" rel=""noopener nofollow"" target=""_blank"">tradingview.com/x/Srbv6FBk/</a></div></div>"
sas2010,True,2019-01-14 13:02:00,1.538,"<div class=""MessageStreamView__body___2giLh""><div><span><a data-event=""click"" data-for=""cashTag"" data-tip=""PIXY"" href=""/symbol/PIXY"" id=""PIXY-150569962-211"">$PIXY</a></span> Don’t know about $5 but will def be $2.5 by the end of the month. Multiple indicators- RSI, MACD. Charts don’t lie</div></div>"
BottomPicker_Swings,True,2019-01-14 12:42:00,1.53,"<div class=""MessageStreamView__body___2giLh""><div><span><a data-event=""click"" data-for=""cashTag"" data-tip=""PIXY"" href=""/symbol/PIXY"" id=""PIXY-150567052-214"">$PIXY</a></span> added for multi day $1.80 PT</div></div>"
