BioGod,True,2019-01-14 14:28:00,0.7839,"<div class=""MessageStreamView__body___2giLh""><div><span><a data-event=""click"" data-for=""cashTag"" data-tip=""PLM"" href=""/symbol/PLM"" id=""PLM-150582684-62"">$PLM</a></span> 

New legislation on Land Swap....

<a data-event=""click"" href=""https://kbjr6.com/news/breaking-news/2019/01/14/stauber-introduces-legislation-to-codify-polymet-u-s-forest-service-land-exchange/"" rel=""noopener nofollow"" target=""_blank"">kbjr6.com/news/breaking-new...</a></div></div>"
BioGod,True,2019-01-14 12:52:00,0.7899,"<div class=""MessageStreamView__body___2giLh""><div><span><a data-event=""click"" data-for=""cashTag"" data-tip=""PLM"" href=""/symbol/PLM"" id=""PLM-150568497-65"">$PLM</a></span> 
 Analysts expected the average price target of $2.5 that is probable to reach in coming one year period. 

<a data-event=""click"" href=""https://www.analystsbuzz.com/2019/01/polymet-mining-corp-plm-predicted-to-reach-2-5-in-coming-one-year-period/"" rel=""noopener nofollow"" target=""_blank"">analystsbuzz.com/2019/01/po...</a></div></div>"
BioGod,True,2019-01-14 12:16:00,0.787,"<div class=""MessageStreamView__body___2giLh""><div><span><a data-event=""click"" data-for=""cashTag"" data-tip=""PLM"" href=""/symbol/PLM"" id=""PLM-150563489-68"">$PLM</a></span> 

Need the USACE permit.  Last one.
Need closure in the land swap lawsuit.</div></div>"
zsheps,True,2019-01-14 10:16:00,0.7973,"<div class=""MessageStreamView__body___2giLh""><div><span><a data-event=""click"" data-for=""cashTag"" data-tip=""PLM"" href=""/symbol/PLM"" id=""PLM-150544620-74"">$PLM</a></span> </div></div>"
fussell,True,2019-01-14 10:07:00,0.7915,"<div class=""MessageStreamView__body___2giLh""><div><span><a data-event=""click"" data-for=""cashTag"" data-tip=""PLM"" href=""/symbol/PLM"" id=""PLM-150542944-77"">$PLM</a></span> MM showing red to discourage longs into selling. Ain't my first rodeo, not selling one share. LOL</div></div>"
