koscraps,False,2019-01-14 14:58:00,0.3997,"<div class=""MessageStreamView__body___2giLh""><div><span><a data-event=""click"" data-for=""cashTag"" data-tip=""PTX"" href=""/symbol/PTX"" id=""PTX-150587222-505"">$PTX</a></span> Look for Clay to pound this down into the teens.</div></div>"
Fabriziom,True,2019-01-14 13:34:00,0.408,"<div class=""MessageStreamView__body___2giLh""><div><span><a data-event=""click"" data-for=""cashTag"" data-tip=""PTX"" href=""/symbol/PTX"" id=""PTX-150574544-541"">$PTX</a></span> will are day ever come...... F....</div></div>"
rolomcgruber,True,2019-01-14 13:29:00,0.3933,"<div class=""MessageStreamView__body___2giLh""><div><span><a data-event=""click"" data-for=""cashTag"" data-tip=""PTX"" href=""/symbol/PTX"" id=""PTX-150573715-544"">$PTX</a></span> 

Oh God 😩💥🔫</div></div>"
Northernwolf,False,2019-01-14 13:22:00,0.4076,"<div class=""MessageStreamView__body___2giLh""><div><span><a data-event=""click"" data-for=""cashTag"" data-tip=""PTX"" href=""/symbol/PTX"" id=""PTX-150572815-553"">$PTX</a></span> delisting coming soon.</div></div>"
toestappin,True,2019-01-14 13:11:00,0.4059,"<div class=""MessageStreamView__body___2giLh""><div><span><a data-event=""click"" data-for=""cashTag"" data-tip=""PTX"" href=""/symbol/PTX"" id=""PTX-150571332-565"">$PTX</a></span> need to close above .42 or all this support is gone 10 day and 20 day will b gone WTF PTX</div></div>"
Rocketman810,True,2019-01-14 13:01:00,0.4119,"<div class=""MessageStreamView__body___2giLh""><div><span><a data-event=""click"" data-for=""cashTag"" data-tip=""PTX"" href=""/symbol/PTX"" id=""PTX-150569713-571"">$PTX</a></span> What is the number one thing investors look at? Earnings, and earnings trends. Where will Ptx be in 2020? Here’s your answer</div></div>"
Needmoneytofeedhorses,True,2019-01-14 12:16:00,0.4345,"<div class=""MessageStreamView__body___2giLh""><div><span><a data-event=""click"" data-for=""cashTag"" data-tip=""PTX"" href=""/symbol/PTX"" id=""PTX-150563468-583"">$PTX</a></span> MTNB having a nice little run.</div></div>"
pittski,True,2019-01-14 12:12:00,0.4244,"<div class=""MessageStreamView__body___2giLh""><div><span><a data-event=""click"" data-for=""cashTag"" data-tip=""PTX"" href=""/symbol/PTX"" id=""PTX-150562814-586"">$PTX</a></span> breaks .45 after lunch today, I can feel it</div></div>"
Rocketman810,True,2019-01-14 12:06:00,0.4205,"<div class=""MessageStreamView__body___2giLh""><div><span><a data-event=""click"" data-for=""cashTag"" data-tip=""PTX"" href=""/symbol/PTX"" id=""PTX-150561896-589"">$PTX</a></span> once off 50 day last week, off 20 day (.41) today. Should test 50 day later this week and explode through. Once 20 crosses 50 👋🏻🚀</div></div>"
paul36,True,2019-01-14 11:24:00,0.4225,"<div class=""MessageStreamView__body___2giLh""><div><span><a data-event=""click"" data-for=""cashTag"" data-tip=""PTX"" href=""/symbol/PTX"" id=""PTX-150555752-619"">$PTX</a></span></div></div>"
powerade,True,2019-01-14 10:33:00,0.423,"<div class=""MessageStreamView__body___2giLh""><div><span><a data-event=""click"" data-for=""cashTag"" data-tip=""PTX"" href=""/symbol/PTX"" id=""PTX-150547384-625"">$PTX</a></span> is there another lower tax percentage if you own a stock for 10 years, asking for a friend.   Buyout 2026 - MARK THIS POST</div></div>"
Bu_Be_lish_arish,False,2019-01-14 10:25:00,0.4201,"<div class=""MessageStreamView__body___2giLh""><div><span><a data-event=""click"" data-for=""cashTag"" data-tip=""PTX"" href=""/symbol/PTX"" id=""PTX-150546224-640"">$PTX</a></span> I am done with this garbage</div></div>"
pittski,True,2019-01-14 10:10:00,0.4201,"<div class=""MessageStreamView__body___2giLh""><div><span><a data-event=""click"" data-for=""cashTag"" data-tip=""PTX"" href=""/symbol/PTX"" id=""PTX-150543658-658"">$PTX</a></span> This all seems like covering to me, gotta cover before we start rising</div></div>"
paul36,True,2019-01-14 09:47:00,0.4213,"<div class=""MessageStreamView__body___2giLh""><div><span><a data-event=""click"" data-for=""cashTag"" data-tip=""PTX"" href=""/symbol/PTX"" id=""PTX-150539424-673"">$PTX</a></span></div></div>"
