PULMSHORT,False,2019-01-14 14:59:00,0.2756,"<div class=""MessageStreamView__body___2giLh""><div><span><a data-event=""click"" data-for=""cashTag"" data-tip=""PULM"" href=""/symbol/PULM"" id=""PULM-150587454-200"">$PULM</a></span> Olinski just messaged me and asked, ""How can you be right every time about our PULM? Do you work for the company""?..</div></div>"
Synchronization,True,2019-01-14 14:31:00,0.2778,"<div class=""MessageStreamView__body___2giLh""><div><span><a data-event=""click"" data-for=""cashTag"" data-tip=""PULM"" href=""/symbol/PULM"" id=""PULM-150583164-206"">$PULM</a></span> Thought: 3.6M$ direct institutional investment on 12/3 to fund the initiation costs of P2 Pur1900?</div></div>"
Synchronization,True,2019-01-14 13:49:00,0.275,"<div class=""MessageStreamView__body___2giLh""><div><span><a data-event=""click"" data-for=""cashTag"" data-tip=""PULM"" href=""/symbol/PULM"" id=""PULM-150576874-212"">$PULM</a></span> Pur1900 (Pulmazole) Flagship Proof of Concept for iSperse set to start P2 between: [imminently-next 2m].  Advisory board already setup</div></div>"
PULMSHORT,False,2019-01-14 13:38:00,0.2698,"<div class=""MessageStreamView__body___2giLh""><div><span><a data-event=""click"" data-for=""cashTag"" data-tip=""PULM"" href=""/symbol/PULM"" id=""PULM-150575083-218"">$PULM</a></span> Ever notice when the stock price drops, some baggies want to forensically anal ize the lev 2 as if they couldn't be wrong..</div></div>"
ask26,True,2019-01-14 13:33:00,0.2831,"<div class=""MessageStreamView__body___2giLh""><div><span><a data-event=""click"" data-for=""cashTag"" data-tip=""PULM"" href=""/symbol/PULM"" id=""PULM-150574353-227"">$PULM</a></span> I really fked up for believing this stock</div></div>"
stigofwar,False,2019-01-14 13:31:00,0.2572,"<div class=""MessageStreamView__body___2giLh""><div><span><a data-event=""click"" data-for=""cashTag"" data-tip=""PULM"" href=""/symbol/PULM"" id=""PULM-150573975-233"">$PULM</a></span></div></div>"
PULMSHORT,False,2019-01-14 13:16:00,0.28,"<div class=""MessageStreamView__body___2giLh""><div><span><a data-event=""click"" data-for=""cashTag"" data-tip=""PULM"" href=""/symbol/PULM"" id=""PULM-150572016-242"">$PULM</a></span> I gave all of you, a few weeks ago <a data-event=""click"" href=""/topic/CPST"">#CPST</a> @ .57. Today I bestow upon you <a data-event=""click"" href=""/topic/INSG"">#INSG</a> Take your $ from this <a data-event=""click"" href=""/topic/PULM"">#PULM</a> heap and do the smart things</div></div>"
markg81,False,2019-01-14 13:07:00,0.2782,"<div class=""MessageStreamView__body___2giLh""><div><span><a data-event=""click"" data-for=""cashTag"" data-tip=""PULM"" href=""/symbol/PULM"" id=""PULM-150570677-245"">$PULM</a></span> been years since this stock has been worth anything. Sadly I remember pulm hitting 4.30</div></div>"
mightyjuice,True,2019-01-14 12:49:00,0.28,"<div class=""MessageStreamView__body___2giLh""><div><span><a data-event=""click"" data-for=""cashTag"" data-tip=""PULM"" href=""/symbol/PULM"" id=""PULM-150568065-251"">$PULM</a></span> 18.12 USD pr share in 18 years 😄 Im Young I Can wait lol😂</div></div>"
Casakaya,True,2019-01-14 11:49:00,0.2799,"<div class=""MessageStreamView__body___2giLh""><div><span><a data-event=""click"" data-for=""cashTag"" data-tip=""PULM"" href=""/symbol/PULM"" id=""PULM-150559564-260"">$PULM</a></span> 1.eighty......1.80</div></div>"
internetentrepreneur,False,2019-01-14 11:33:00,0.28,"<div class=""MessageStreamView__body___2giLh""><div><span><a data-event=""click"" data-for=""cashTag"" data-tip=""PULM"" href=""/symbol/PULM"" id=""PULM-150557140-263"">$PULM</a></span> garbage stock deserves to be unlisted</div></div>"
mightyjuice,True,2019-01-14 11:20:00,0.2799,"<div class=""MessageStreamView__body___2giLh""><div><span><a data-event=""click"" data-for=""cashTag"" data-tip=""PULM"" href=""/symbol/PULM"" id=""PULM-150555100-266"">$PULM</a></span> No more news in 2019? Trixmapulled hard or 1.80 jan 31!!</div></div>"
PULMSHORT,False,2019-01-14 09:54:00,0.2899,"<div class=""MessageStreamView__body___2giLh""><div><span><a data-event=""click"" data-for=""cashTag"" data-tip=""PULM"" href=""/symbol/PULM"" id=""PULM-150540644-269"">$PULM</a></span> <a data-event=""click"" href=""/topic/INSG"">#INSG</a> is set to at least double by EOY..  Probably be a better investment than this PULM sh*t.. Ha!</div></div>"
PULMSHORT,False,2019-01-14 09:53:00,0.2801,"<div class=""MessageStreamView__body___2giLh""><div><span><a data-event=""click"" data-for=""cashTag"" data-tip=""PULM"" href=""/symbol/PULM"" id=""PULM-150540399-272"">$PULM</a></span> Our team is ready to do some stomping of our own here... Stock has peaked! To .11
<a data-event=""click"" href=""https://www.youtube.com/watch?v=1OjTspCqvk8"" rel=""noopener nofollow"" target=""_blank"">youtube.com/watch?v=1OjTspC...</a></div></div>"
Casakaya,True,2019-01-14 09:52:00,0.2801,"<div class=""MessageStreamView__body___2giLh""><div><span><a data-event=""click"" data-for=""cashTag"" data-tip=""PULM"" href=""/symbol/PULM"" id=""PULM-150540330-275"">$PULM</a></span> IMO if sc and cie are oké.. 2 scenario's: 1) before RS sp &gt; 1.80 2) after RS sp &gt; 18.0 ..😁</div></div>"
