bin23,True,2019-01-14 15:06:00,90.725,"<div class=""MessageStreamView__body___2giLh""><div><span><a data-event=""click"" data-for=""cashTag"" data-tip=""PYPL"" href=""/symbol/PYPL"" id=""PYPL-150588556-241"">$PYPL</a></span> always good to see some green in a red market day</div></div>"
Spar_911,True,2019-01-14 14:52:00,90.689,"<div class=""MessageStreamView__body___2giLh""><div><span><a data-event=""click"" data-for=""cashTag"" data-tip=""PYPL"" href=""/symbol/PYPL"" id=""PYPL-150586248-244"">$PYPL</a></span> cmon break our mother frrrrr</div></div>"
MtCarmel,True,2019-01-14 14:51:00,90.689,"<div class=""MessageStreamView__body___2giLh""><div><span><a data-event=""click"" data-for=""cashTag"" data-tip=""PYPL"" href=""/symbol/PYPL"" id=""PYPL-150586148-247"">$PYPL</a></span> yeah !</div></div>"
Spar_911,True,2019-01-14 14:28:00,90.535,"<div class=""MessageStreamView__body___2giLh""><div><span><a data-event=""click"" data-for=""cashTag"" data-tip=""PYPL"" href=""/symbol/PYPL"" id=""PYPL-150582812-253"">$PYPL</a></span> didn’t break the 90.67 level. Close over that would be bullish</div></div>"
BullStock18,True,2019-01-14 13:29:00,90.452,"<div class=""MessageStreamView__body___2giLh""><div><span><a data-event=""click"" data-for=""cashTag"" data-tip=""PYPL"" href=""/symbol/PYPL"" id=""PYPL-150573786-259"">$PYPL</a></span> breaks 92.50s , breakout to 100s</div></div>"
BullStock18,True,2019-01-14 13:29:00,90.452,"<div class=""MessageStreamView__body___2giLh""><div><span><a data-event=""click"" data-for=""cashTag"" data-tip=""PYPL"" href=""/symbol/PYPL"" id=""PYPL-150573748-262"">$PYPL</a></span> greeen close coming</div></div>"
mylotto,True,2019-01-14 13:16:00,90.402,"<div class=""MessageStreamView__body___2giLh""><div><span><a data-event=""click"" data-for=""cashTag"" data-tip=""KNX"" href=""/symbol/KNX"" id=""KNX-150571976-272"">$KNX</a></span> <span><a data-event=""click"" data-for=""cashTag"" data-tip=""F"" href=""/symbol/F"" id=""F-150571976-273"">$F</a></span> <span><a data-event=""click"" data-for=""cashTag"" data-tip=""BAC"" href=""/symbol/BAC"" id=""BAC-150571976-274"">$BAC</a></span> <span><a data-event=""click"" data-for=""cashTag"" data-tip=""WMT"" href=""/symbol/WMT"" id=""WMT-150571976-275"">$WMT</a></span> keep going <span><a data-event=""click"" data-for=""cashTag"" data-tip=""PYPL"" href=""/symbol/PYPL"" id=""PYPL-150571976-276"">$PYPL</a></span> and <span><a data-event=""click"" data-for=""cashTag"" data-tip=""BOTZ"" href=""/symbol/BOTZ"" id=""BOTZ-150571976-277"">$BOTZ</a></span> trying lets see green today</div></div>"
Dr_Stoxx,True,2019-01-14 12:36:00,90.2,"<div class=""MessageStreamView__body___2giLh""><div><span><a data-event=""click"" data-for=""cashTag"" data-tip=""PYPL"" href=""/symbol/PYPL"" id=""PYPL-150566234-280"">$PYPL</a></span> Another leader for the next leg higher.. Great long-term B&amp;H.</div></div>"
