AlphaTrader8,False,2019-01-14 15:58:00,159.341,"<div class=""MessageStreamView__body___2giLh""><div><span><a data-event=""click"" data-for=""cashTag"" data-tip=""MU"" href=""/symbol/MU"" id=""MU-150597363-4295"">$MU</a></span> <span><a data-event=""click"" data-for=""cashTag"" data-tip=""INTC"" href=""/symbol/INTC"" id=""INTC-150597363-4296"">$INTC</a></span> <span><a data-event=""click"" data-for=""cashTag"" data-tip=""AAPL"" href=""/symbol/AAPL"" id=""AAPL-150597363-4297"">$AAPL</a></span> <span><a data-event=""click"" data-for=""cashTag"" data-tip=""NVDA"" href=""/symbol/NVDA"" id=""NVDA-150597363-4298"">$NVDA</a></span> <span><a data-event=""click"" data-for=""cashTag"" data-tip=""AMD"" href=""/symbol/AMD"" id=""AMD-150597363-4299"">$AMD</a></span> <span><a data-event=""click"" data-for=""cashTag"" data-tip=""QQQ"" href=""/symbol/QQQ"" id=""QQQ-150597363-4300"">$QQQ</a></span> <span><a data-event=""click"" data-for=""cashTag"" data-tip=""SPY"" href=""/symbol/SPY"" id=""SPY-150597363-4301"">$SPY</a></span> <span><a data-event=""click"" data-for=""cashTag"" data-tip=""XLE"" href=""/symbol/XLE"" id=""XLE-150597363-4302"">$XLE</a></span> a lot Chips &amp; Oil = LowerMkt
Morgan Stanley Pours Water on Micron Bulls 😰
<a data-event=""click"" href=""https://www.google.com/amp/s/www.nasdaq.com/article/morgan-stanley-pours-water-on-micron-stock-bulls-cm1081704/amp"" rel=""noopener nofollow"" target=""_blank"">nasdaq.com/article/morgan-s...</a></div></div>"
MonsterScalp,False,2019-01-14 15:58:00,159.341,"<div class=""MessageStreamView__body___2giLh""><div><span><a data-event=""click"" data-for=""cashTag"" data-tip=""SPY"" href=""/symbol/SPY"" id=""SPY-150597298-4305"">$SPY</a></span> <span><a data-event=""click"" data-for=""cashTag"" data-tip=""QQQ"" href=""/symbol/QQQ"" id=""QQQ-150597298-4306"">$QQQ</a></span>  Oh yes, more selling coming</div></div>"
BlueBear_,False,2019-01-14 15:48:00,159.416,"<div class=""MessageStreamView__body___2giLh""><div><span><a data-event=""click"" data-for=""cashTag"" data-tip=""QQQ"" href=""/symbol/QQQ"" id=""QQQ-150595641-4327"">$QQQ</a></span> <span><a data-event=""click"" data-for=""cashTag"" data-tip=""SPY"" href=""/symbol/SPY"" id=""SPY-150595641-4328"">$SPY</a></span> <span><a data-event=""click"" data-for=""cashTag"" data-tip=""DIA"" href=""/symbol/DIA"" id=""DIA-150595641-4329"">$DIA</a></span> <span><a data-event=""click"" data-for=""cashTag"" data-tip=""XBI"" href=""/symbol/XBI"" id=""XBI-150595641-4330"">$XBI</a></span> simple question for Bulls: what could happen when someone keeps trying so hard to climb higher when already exhausted?</div></div>"
PrimePNay,False,2019-01-14 15:44:00,159.498,"<div class=""MessageStreamView__body___2giLh""><div><span><a data-event=""click"" data-for=""cashTag"" data-tip=""QQQ"" href=""/symbol/QQQ"" id=""QQQ-150594813-4336"">$QQQ</a></span> <span><a data-event=""click"" data-for=""cashTag"" data-tip=""TQQQ"" href=""/symbol/TQQQ"" id=""TQQQ-150594813-4337"">$TQQQ</a></span> <span><a data-event=""click"" data-for=""cashTag"" data-tip=""SPY"" href=""/symbol/SPY"" id=""SPY-150594813-4338"">$SPY</a></span> <span><a data-event=""click"" data-for=""cashTag"" data-tip=""SQQQ"" href=""/symbol/SQQQ"" id=""SQQQ-150594813-4339"">$SQQQ</a></span></div></div>"
AlphaTrader8,False,2019-01-14 15:43:00,159.524,"<div class=""MessageStreamView__body___2giLh""><div><span><a data-event=""click"" data-for=""cashTag"" data-tip=""APPL"" href=""/symbol/APPL"" id=""APPL-150594751-4347"">$APPL</a></span> <span><a data-event=""click"" data-for=""cashTag"" data-tip=""MU"" href=""/symbol/MU"" id=""MU-150594751-4348"">$MU</a></span> <span><a data-event=""click"" data-for=""cashTag"" data-tip=""SPY"" href=""/symbol/SPY"" id=""SPY-150594751-4349"">$SPY</a></span> <span><a data-event=""click"" data-for=""cashTag"" data-tip=""QQQ"" href=""/symbol/QQQ"" id=""QQQ-150594751-4350"">$QQQ</a></span> 7 Stocks at Risk of the Global Smartphone Slowdown Micron 👀 If Demand is stagnating MU goes👎🐻
<a data-event=""click"" href=""https://www.google.com/amp/s/investorplace.com/2019/01/stocks-to-sell-global-aapl-smartphone-slowdown/amp/"" rel=""noopener nofollow"" target=""_blank"">investorplace.com/2019/01/s...</a></div></div>"
Dontbethatguy,False,2019-01-14 15:43:00,159.524,"<div class=""MessageStreamView__body___2giLh""><div><span><a data-event=""click"" data-for=""cashTag"" data-tip=""QQQ"" href=""/symbol/QQQ"" id=""QQQ-150594596-4353"">$QQQ</a></span> <span><a data-event=""click"" data-for=""cashTag"" data-tip=""SPY"" href=""/symbol/SPY"" id=""SPY-150594596-4354"">$SPY</a></span> you know how abusers will beat on you until they flip, then love you until you forget about the beating... only to beat you again?</div></div>"
MonsterScalp,False,2019-01-14 15:42:00,159.555,"<div class=""MessageStreamView__body___2giLh""><div><span><a data-event=""click"" data-for=""cashTag"" data-tip=""SPY"" href=""/symbol/SPY"" id=""SPY-150594504-4357"">$SPY</a></span> <span><a data-event=""click"" data-for=""cashTag"" data-tip=""QQQ"" href=""/symbol/QQQ"" id=""QQQ-150594504-4358"">$QQQ</a></span> I feel a selloff brewing</div></div>"
AlphaTrader8,False,2019-01-14 15:36:00,159.692,"<div class=""MessageStreamView__body___2giLh""><div><span><a data-event=""click"" data-for=""cashTag"" data-tip=""MU"" href=""/symbol/MU"" id=""MU-150593518-4379"">$MU</a></span> <span><a data-event=""click"" data-for=""cashTag"" data-tip=""AMD"" href=""/symbol/AMD"" id=""AMD-150593518-4380"">$AMD</a></span> <span><a data-event=""click"" data-for=""cashTag"" data-tip=""INTC"" href=""/symbol/INTC"" id=""INTC-150593518-4381"">$INTC</a></span> <span><a data-event=""click"" data-for=""cashTag"" data-tip=""NVDA"" href=""/symbol/NVDA"" id=""NVDA-150593518-4382"">$NVDA</a></span> <span><a data-event=""click"" data-for=""cashTag"" data-tip=""QQQ"" href=""/symbol/QQQ"" id=""QQQ-150593518-4383"">$QQQ</a></span> <span><a data-event=""click"" data-for=""cashTag"" data-tip=""SPY"" href=""/symbol/SPY"" id=""SPY-150593518-4384"">$SPY</a></span> More Analysts are going to come out to downgrade Micron because the tide has changed to negative.🐻</div></div>"
ChubsyUbsy,False,2019-01-14 15:31:00,159.736,"<div class=""MessageStreamView__body___2giLh""><div><span><a data-event=""click"" data-for=""cashTag"" data-tip=""SPX"" href=""/symbol/SPX"" id=""SPX-150592645-4390"">$SPX</a></span> <span><a data-event=""click"" data-for=""cashTag"" data-tip=""SPY"" href=""/symbol/SPY"" id=""SPY-150592645-4391"">$SPY</a></span> <span><a data-event=""click"" data-for=""cashTag"" data-tip=""QQQ"" href=""/symbol/QQQ"" id=""QQQ-150592645-4392"">$QQQ</a></span> <span><a data-event=""click"" data-for=""cashTag"" data-tip=""AAPL"" href=""/symbol/AAPL"" id=""AAPL-150592645-4393"">$AAPL</a></span> <span><a data-event=""click"" data-for=""cashTag"" data-tip=""AMZN"" href=""/symbol/AMZN"" id=""AMZN-150592645-4394"">$AMZN</a></span> see how SPX closes right now price below 5SMA would think slight neg bias for now</div></div>"
MAGABULL,False,2019-01-14 15:29:00,159.781,"<div class=""MessageStreamView__body___2giLh""><div><span><a data-event=""click"" data-for=""cashTag"" data-tip=""SPY"" href=""/symbol/SPY"" id=""SPY-150592317-4412"">$SPY</a></span> <span><a data-event=""click"" data-for=""cashTag"" data-tip=""AMZN"" href=""/symbol/AMZN"" id=""AMZN-150592317-4413"">$AMZN</a></span> <span><a data-event=""click"" data-for=""cashTag"" data-tip=""QQQ"" href=""/symbol/QQQ"" id=""QQQ-150592317-4414"">$QQQ</a></span> <span><a data-event=""click"" data-for=""cashTag"" data-tip=""DXY"" href=""/symbol/DXY"" id=""DXY-150592317-4415"">$DXY</a></span> We basically have a market that refuses to price any downside in. Gimmie a break. Just like the OCT top.Whoosh is comin</div></div>"
iSwag,False,2019-01-14 15:19:00,159.735,"<div class=""MessageStreamView__body___2giLh""><div>Breaking: <span><a data-event=""click"" data-for=""cashTag"" data-tip=""NFLX"" href=""/symbol/NFLX"" id=""NFLX-150590683-4465"">$NFLX</a></span> more competition just announced NBC Universal/Comcast <span><a data-event=""click"" data-for=""cashTag"" data-tip=""CMCSA"" href=""/symbol/CMCSA"" id=""CMCSA-150590683-4466"">$CMCSA</a></span>  launching streaming services offered/crowded trade <span><a data-event=""click"" data-for=""cashTag"" data-tip=""SPY"" href=""/symbol/SPY"" id=""SPY-150590683-4467"">$SPY</a></span> <span><a data-event=""click"" data-for=""cashTag"" data-tip=""QQQ"" href=""/symbol/QQQ"" id=""QQQ-150590683-4468"">$QQQ</a></span></div></div>"
ASM,True,2019-01-14 15:08:00,159.669,"<div class=""MessageStreamView__body___2giLh""><div>God the <span><a data-event=""click"" data-for=""cashTag"" data-tip=""VXX"" href=""/symbol/VXX"" id=""VXX-150588751-4481"">$VXX</a></span> is just sooooo weak. There are so few times when you are able to be this confident in a trade <span><a data-event=""click"" data-for=""cashTag"" data-tip=""SPY"" href=""/symbol/SPY"" id=""SPY-150588751-4482"">$SPY</a></span> <span><a data-event=""click"" data-for=""cashTag"" data-tip=""QQQ"" href=""/symbol/QQQ"" id=""QQQ-150588751-4483"">$QQQ</a></span> just SENSATIONAL</div></div>"
ASM,True,2019-01-14 15:00:00,159.783,"<div class=""MessageStreamView__body___2giLh""><div>Each little dip is like pushing a basketball underwater <span><a data-event=""click"" data-for=""cashTag"" data-tip=""SPY"" href=""/symbol/SPY"" id=""SPY-150587491-4499"">$SPY</a></span> <span><a data-event=""click"" data-for=""cashTag"" data-tip=""QQQ"" href=""/symbol/QQQ"" id=""QQQ-150587491-4500"">$QQQ</a></span> <span><a data-event=""click"" data-for=""cashTag"" data-tip=""AMZN"" href=""/symbol/AMZN"" id=""AMZN-150587491-4501"">$AMZN</a></span> <span><a data-event=""click"" data-for=""cashTag"" data-tip=""NFLX"" href=""/symbol/NFLX"" id=""NFLX-150587491-4502"">$NFLX</a></span></div></div>"
ASM,True,2019-01-14 14:57:00,159.765,"<div class=""MessageStreamView__body___2giLh""><div>I PITY THE FOOL!!!!!!!! This market is PRIMED FOR THE NEXT LEG HIGHER after just a SENSATIONAL SIDEWAYS CONSOLIDATION <span><a data-event=""click"" data-for=""cashTag"" data-tip=""SPY"" href=""/symbol/SPY"" id=""SPY-150587019-4508"">$SPY</a></span> <span><a data-event=""click"" data-for=""cashTag"" data-tip=""QQQ"" href=""/symbol/QQQ"" id=""QQQ-150587019-4509"">$QQQ</a></span> <span><a data-event=""click"" data-for=""cashTag"" data-tip=""AMZN"" href=""/symbol/AMZN"" id=""AMZN-150587019-4510"">$AMZN</a></span></div></div>"
MillieX,False,2019-01-14 14:47:00,159.629,"<div class=""MessageStreamView__body___2giLh""><div><span><a data-event=""click"" data-for=""cashTag"" data-tip=""QQQ"" href=""/symbol/QQQ"" id=""QQQ-150585558-4553"">$QQQ</a></span> not looking good</div></div>"
ASM,True,2019-01-14 14:44:00,159.603,"<div class=""MessageStreamView__body___2giLh""><div>They just CCCCAAANNNTTTTT take this market DOOOOOWWWWNNNNnnn!!!!!! <span><a data-event=""click"" data-for=""cashTag"" data-tip=""SPY"" href=""/symbol/SPY"" id=""SPY-150585080-4560"">$SPY</a></span> <span><a data-event=""click"" data-for=""cashTag"" data-tip=""QQQ"" href=""/symbol/QQQ"" id=""QQQ-150585080-4561"">$QQQ</a></span> <span><a data-event=""click"" data-for=""cashTag"" data-tip=""AMZN"" href=""/symbol/AMZN"" id=""AMZN-150585080-4562"">$AMZN</a></span></div></div>"
ironwill21,True,2019-01-14 14:34:00,159.51,"<div class=""MessageStreamView__body___2giLh""><div><span><a data-event=""click"" data-for=""cashTag"" data-tip=""QQQ"" href=""/symbol/QQQ"" id=""QQQ-150583679-4599"">$QQQ</a></span> It is 2:34 and the banks are doing well, but the gap has not filled yet in <span><a data-event=""click"" data-for=""cashTag"" data-tip=""QQQ"" href=""/symbol/QQQ"" id=""QQQ-150583679-4600"">$QQQ</a></span> <span><a data-event=""click"" data-for=""cashTag"" data-tip=""SPY"" href=""/symbol/SPY"" id=""SPY-150583679-4601"">$SPY</a></span>, <span><a data-event=""click"" data-for=""cashTag"" data-tip=""DIA"" href=""/symbol/DIA"" id=""DIA-150583679-4602"">$DIA</a></span>. Are the algos drunk?</div></div>"
spamjam,False,2019-01-14 14:28:00,159.45,"<div class=""MessageStreamView__body___2giLh""><div><span><a data-event=""click"" data-for=""cashTag"" data-tip=""SPY"" href=""/symbol/SPY"" id=""SPY-150582817-4609"">$SPY</a></span> <span><a data-event=""click"" data-for=""cashTag"" data-tip=""QQQ"" href=""/symbol/QQQ"" id=""QQQ-150582817-4610"">$QQQ</a></span> <span><a data-event=""click"" data-for=""cashTag"" data-tip=""DJIA"" href=""/symbol/DJIA"" id=""DJIA-150582817-4611"">$DJIA</a></span> <span><a data-event=""click"" data-for=""cashTag"" data-tip=""VXX"" href=""/symbol/VXX"" id=""VXX-150582817-4612"">$VXX</a></span></div></div>"
StockTrader4God,False,2019-01-14 14:26:00,159.414,"<div class=""MessageStreamView__body___2giLh""><div>long term dump, still going to happen.  Wait. <span><a data-event=""click"" data-for=""cashTag"" data-tip=""SPY"" href=""/symbol/SPY"" id=""SPY-150582467-4631"">$SPY</a></span> <span><a data-event=""click"" data-for=""cashTag"" data-tip=""SPX"" href=""/symbol/SPX"" id=""SPX-150582467-4632"">$SPX</a></span> <span><a data-event=""click"" data-for=""cashTag"" data-tip=""UVXY"" href=""/symbol/UVXY"" id=""UVXY-150582467-4633"">$UVXY</a></span> <span><a data-event=""click"" data-for=""cashTag"" data-tip=""TVIX"" href=""/symbol/TVIX"" id=""TVIX-150582467-4634"">$TVIX</a></span> <span><a data-event=""click"" data-for=""cashTag"" data-tip=""QQQ"" href=""/symbol/QQQ"" id=""QQQ-150582467-4635"">$QQQ</a></span> <span><a data-event=""click"" data-for=""cashTag"" data-tip=""DIA"" href=""/symbol/DIA"" id=""DIA-150582467-4636"">$DIA</a></span> <span><a data-event=""click"" data-for=""cashTag"" data-tip=""DJIA"" href=""/symbol/DJIA"" id=""DJIA-150582467-4637"">$DJIA</a></span> <span><a data-event=""click"" data-for=""cashTag"" data-tip=""IWM"" href=""/symbol/IWM"" id=""IWM-150582467-4638"">$IWM</a></span> <span><a data-event=""click"" data-for=""cashTag"" data-tip=""ES_F"" href=""/symbol/ES_F"" id=""ES_F-150582467-4639"">$ES_F</a></span> <span><a data-event=""click"" data-for=""cashTag"" data-tip=""VIX"" href=""/symbol/VIX"" id=""VIX-150582467-4640"">$VIX</a></span></div></div>"
wprofish,False,2019-01-14 14:18:00,159.5,"<div class=""MessageStreamView__body___2giLh""><div><span><a data-event=""click"" data-for=""cashTag"" data-tip=""QQQ"" href=""/symbol/QQQ"" id=""QQQ-150581310-4668"">$QQQ</a></span> &lt;156 by fri.</div></div>"
DollarHuAkbar,True,2019-01-14 14:17:00,159.52,"<div class=""MessageStreamView__body___2giLh""><div>Trump has no dog BUT add Animal welfare law in China Trade War <span><a data-event=""click"" data-for=""cashTag"" data-tip=""SPY"" href=""/symbol/SPY"" id=""SPY-150581128-4671"">$SPY</a></span> <span><a data-event=""click"" data-for=""cashTag"" data-tip=""DIA"" href=""/symbol/DIA"" id=""DIA-150581128-4672"">$DIA</a></span> <span><a data-event=""click"" data-for=""cashTag"" data-tip=""QQQ"" href=""/symbol/QQQ"" id=""QQQ-150581128-4673"">$QQQ</a></span> <span><a data-event=""click"" data-for=""cashTag"" data-tip=""BABA"" href=""/symbol/BABA"" id=""BABA-150581128-4674"">$BABA</a></span> <span><a data-event=""click"" data-for=""cashTag"" data-tip=""AMZN"" href=""/symbol/AMZN"" id=""AMZN-150581128-4675"">$AMZN</a></span> <span><a data-event=""click"" data-for=""cashTag"" data-tip=""AAPL"" href=""/symbol/AAPL"" id=""AAPL-150581128-4676"">$AAPL</a></span> <span><a data-event=""click"" data-for=""cashTag"" data-tip=""TSLA"" href=""/symbol/TSLA"" id=""TSLA-150581128-4677"">$TSLA</a></span> <span><a data-event=""click"" data-for=""cashTag"" data-tip=""NFLX"" href=""/symbol/NFLX"" id=""NFLX-150581128-4678"">$NFLX</a></span> <span><a data-event=""click"" data-for=""cashTag"" data-tip=""GOOGL"" href=""/symbol/GOOGL"" id=""GOOGL-150581128-4679"">$GOOGL</a></span> <span><a data-event=""click"" data-for=""cashTag"" data-tip=""FXI"" href=""/symbol/FXI"" id=""FXI-150581128-4680"">$FXI</a></span> <span><a data-event=""click"" data-for=""cashTag"" data-tip=""MSFT"" href=""/symbol/MSFT"" id=""MSFT-150581128-4681"">$MSFT</a></span> <span><a data-event=""click"" data-for=""cashTag"" data-tip=""EWC"" href=""/symbol/EWC"" id=""EWC-150581128-4682"">$EWC</a></span> <span><a data-event=""click"" data-for=""cashTag"" data-tip=""EWU"" href=""/symbol/EWU"" id=""EWU-150581128-4683"">$EWU</a></span> <span><a data-event=""click"" data-for=""cashTag"" data-tip=""EWG"" href=""/symbol/EWG"" id=""EWG-150581128-4684"">$EWG</a></span></div></div>"
ASM,True,2019-01-14 14:08:00,159.719,"<div class=""MessageStreamView__body___2giLh""><div>Wall Street are the real ones in control. The Fed and the President all bow to its movements. <span><a data-event=""click"" data-for=""cashTag"" data-tip=""SPY"" href=""/symbol/SPY"" id=""SPY-150579845-4698"">$SPY</a></span> <span><a data-event=""click"" data-for=""cashTag"" data-tip=""QQQ"" href=""/symbol/QQQ"" id=""QQQ-150579845-4699"">$QQQ</a></span> <span><a data-event=""click"" data-for=""cashTag"" data-tip=""AMZN"" href=""/symbol/AMZN"" id=""AMZN-150579845-4700"">$AMZN</a></span></div></div>"
ASM,True,2019-01-14 14:08:00,159.719,"<div class=""MessageStreamView__body___2giLh""><div>Don’t fight the fed. You gotta be long stocks here. <span><a data-event=""click"" data-for=""cashTag"" data-tip=""SPY"" href=""/symbol/SPY"" id=""SPY-150579744-4703"">$SPY</a></span> <span><a data-event=""click"" data-for=""cashTag"" data-tip=""QQQ"" href=""/symbol/QQQ"" id=""QQQ-150579744-4704"">$QQQ</a></span> <span><a data-event=""click"" data-for=""cashTag"" data-tip=""AMZN"" href=""/symbol/AMZN"" id=""AMZN-150579744-4705"">$AMZN</a></span></div></div>"
AdvisorDesk,False,2019-01-14 14:04:00,159.68,"<div class=""MessageStreamView__body___2giLh""><div><span><a data-event=""click"" data-for=""cashTag"" data-tip=""QQQ"" href=""/symbol/QQQ"" id=""QQQ-150579151-4718"">$QQQ</a></span> brexit will sink this tomorrow.</div></div>"
BobDole_Yahoo,False,2019-01-14 13:59:00,159.728,"<div class=""MessageStreamView__body___2giLh""><div><span><a data-event=""click"" data-for=""cashTag"" data-tip=""SPY"" href=""/symbol/SPY"" id=""SPY-150578312-4721"">$SPY</a></span> <span><a data-event=""click"" data-for=""cashTag"" data-tip=""SPX"" href=""/symbol/SPX"" id=""SPX-150578312-4722"">$SPX</a></span> <span><a data-event=""click"" data-for=""cashTag"" data-tip=""DJIA"" href=""/symbol/DJIA"" id=""DJIA-150578312-4723"">$DJIA</a></span> <span><a data-event=""click"" data-for=""cashTag"" data-tip=""NDX"" href=""/symbol/NDX"" id=""NDX-150578312-4724"">$NDX</a></span> <span><a data-event=""click"" data-for=""cashTag"" data-tip=""QQQ"" href=""/symbol/QQQ"" id=""QQQ-150578312-4725"">$QQQ</a></span> 

Market is clearly due for a correction back to re-test lows, but lemmings keep buying. Nothing but bad news.</div></div>"
Dontbethatguy,False,2019-01-14 13:58:00,159.725,"<div class=""MessageStreamView__body___2giLh""><div><span><a data-event=""click"" data-for=""cashTag"" data-tip=""AAXN"" href=""/symbol/AAXN"" id=""AAXN-150578256-4728"">$AAXN</a></span> Hmm, <span><a data-event=""click"" data-for=""cashTag"" data-tip=""AAXN"" href=""/symbol/AAXN"" id=""AAXN-150578256-4729"">$AAXN</a></span> <span><a data-event=""click"" data-for=""cashTag"" data-tip=""SPY"" href=""/symbol/SPY"" id=""SPY-150578256-4730"">$SPY</a></span> <span><a data-event=""click"" data-for=""cashTag"" data-tip=""QQQ"" href=""/symbol/QQQ"" id=""QQQ-150578256-4731"">$QQQ</a></span> <span><a data-event=""click"" data-for=""cashTag"" data-tip=""DIA"" href=""/symbol/DIA"" id=""DIA-150578256-4732"">$DIA</a></span>. Hmmmmmmmmmmmmm.......................</div></div>"
rickalter,False,2019-01-14 13:50:00,159.835,"<div class=""MessageStreamView__body___2giLh""><div><span><a data-event=""click"" data-for=""cashTag"" data-tip=""QQQ"" href=""/symbol/QQQ"" id=""QQQ-150577020-4744"">$QQQ</a></span> LOOKING FOR  A SHORT ENTRY</div></div>"
ASM,True,2019-01-14 13:45:00,159.883,"<div class=""MessageStreamView__body___2giLh""><div>Session highs bears ! <span><a data-event=""click"" data-for=""cashTag"" data-tip=""SPY"" href=""/symbol/SPY"" id=""SPY-150576259-4759"">$SPY</a></span> <span><a data-event=""click"" data-for=""cashTag"" data-tip=""QQQ"" href=""/symbol/QQQ"" id=""QQQ-150576259-4760"">$QQQ</a></span></div></div>"
DollarHuAkbar,True,2019-01-14 13:43:00,159.865,"<div class=""MessageStreamView__body___2giLh""><div>Communist China <a data-event=""click"" href=""/topic/2"">#2</a> GDP will eat your Dog <a data-event=""click"" href=""/topic/YulinFestival"">#YulinFestival</a> NO animal laws <span><a data-event=""click"" data-for=""cashTag"" data-tip=""SPY"" href=""/symbol/SPY"" id=""SPY-150575907-4767"">$SPY</a></span> <span><a data-event=""click"" data-for=""cashTag"" data-tip=""DIA"" href=""/symbol/DIA"" id=""DIA-150575907-4768"">$DIA</a></span> <span><a data-event=""click"" data-for=""cashTag"" data-tip=""QQQ"" href=""/symbol/QQQ"" id=""QQQ-150575907-4769"">$QQQ</a></span> <span><a data-event=""click"" data-for=""cashTag"" data-tip=""FB"" href=""/symbol/FB"" id=""FB-150575907-4770"">$FB</a></span> <span><a data-event=""click"" data-for=""cashTag"" data-tip=""NFLX"" href=""/symbol/NFLX"" id=""NFLX-150575907-4771"">$NFLX</a></span> <span><a data-event=""click"" data-for=""cashTag"" data-tip=""GOOGL"" href=""/symbol/GOOGL"" id=""GOOGL-150575907-4772"">$GOOGL</a></span> <span><a data-event=""click"" data-for=""cashTag"" data-tip=""BABA"" href=""/symbol/BABA"" id=""BABA-150575907-4773"">$BABA</a></span> <span><a data-event=""click"" data-for=""cashTag"" data-tip=""AAPL"" href=""/symbol/AAPL"" id=""AAPL-150575907-4774"">$AAPL</a></span> <span><a data-event=""click"" data-for=""cashTag"" data-tip=""AMZN"" href=""/symbol/AMZN"" id=""AMZN-150575907-4775"">$AMZN</a></span> <span><a data-event=""click"" data-for=""cashTag"" data-tip=""EWC"" href=""/symbol/EWC"" id=""EWC-150575907-4776"">$EWC</a></span> <span><a data-event=""click"" data-for=""cashTag"" data-tip=""FXI"" href=""/symbol/FXI"" id=""FXI-150575907-4777"">$FXI</a></span> mad world</div></div>"
ASM,True,2019-01-14 13:25:00,159.79,"<div class=""MessageStreamView__body___2giLh""><div><span><a data-event=""click"" data-for=""cashTag"" data-tip=""VXX"" href=""/symbol/VXX"" id=""VXX-150573149-4842"">$VXX</a></span> TRAP DOOR HAS BEEN OPENING - SIONARA BEARS!!!!!!! <span><a data-event=""click"" data-for=""cashTag"" data-tip=""SPY"" href=""/symbol/SPY"" id=""SPY-150573149-4843"">$SPY</a></span> <span><a data-event=""click"" data-for=""cashTag"" data-tip=""QQQ"" href=""/symbol/QQQ"" id=""QQQ-150573149-4844"">$QQQ</a></span> COME!!!!!! TO!!!!!!!! PAPAAAAAAAAAA!!!!!!!!!!!!!!!!!!!!!!!!</div></div>"
ASM,True,2019-01-14 13:18:00,159.802,"<div class=""MessageStreamView__body___2giLh""><div>As stocks RRIIIIPPP to session highs, ask yourself, why did you sell? <span><a data-event=""click"" data-for=""cashTag"" data-tip=""VXX"" href=""/symbol/VXX"" id=""VXX-150572283-4872"">$VXX</a></span> getting hammered about to break support. <span><a data-event=""click"" data-for=""cashTag"" data-tip=""SPY"" href=""/symbol/SPY"" id=""SPY-150572283-4873"">$SPY</a></span> <span><a data-event=""click"" data-for=""cashTag"" data-tip=""QQQ"" href=""/symbol/QQQ"" id=""QQQ-150572283-4874"">$QQQ</a></span></div></div>"
longbull1,True,2019-01-14 13:18:00,159.802,"<div class=""MessageStreamView__body___2giLh""><div><span><a data-event=""click"" data-for=""cashTag"" data-tip=""SPY"" href=""/symbol/SPY"" id=""SPY-150572247-4877"">$SPY</a></span> <span><a data-event=""click"" data-for=""cashTag"" data-tip=""QQQ"" href=""/symbol/QQQ"" id=""QQQ-150572247-4878"">$QQQ</a></span> power wave incoming</div></div>"
OnlySallysSell,True,2019-01-14 13:15:00,159.81,"<div class=""MessageStreamView__body___2giLh""><div><span><a data-event=""click"" data-for=""cashTag"" data-tip=""PLNT"" href=""/symbol/PLNT"" id=""PLNT-150571798-4893"">$PLNT</a></span> but this dip <span><a data-event=""click"" data-for=""cashTag"" data-tip=""QQQ"" href=""/symbol/QQQ"" id=""QQQ-150571798-4894"">$QQQ</a></span> <span><a data-event=""click"" data-for=""cashTag"" data-tip=""SPY"" href=""/symbol/SPY"" id=""SPY-150571798-4895"">$SPY</a></span></div></div>"
sunny49,True,2019-01-14 13:02:00,159.73,"<div class=""MessageStreamView__body___2giLh""><div><span><a data-event=""click"" data-for=""cashTag"" data-tip=""SPY"" href=""/symbol/SPY"" id=""SPY-150569994-4943"">$SPY</a></span> <span><a data-event=""click"" data-for=""cashTag"" data-tip=""QQQ"" href=""/symbol/QQQ"" id=""QQQ-150569994-4944"">$QQQ</a></span> Beaten down stks like <span><a data-event=""click"" data-for=""cashTag"" data-tip=""GS"" href=""/symbol/GS"" id=""GS-150569994-4945"">$GS</a></span> <span><a data-event=""click"" data-for=""cashTag"" data-tip=""SQ"" href=""/symbol/SQ"" id=""SQ-150569994-4946"">$SQ</a></span> <span><a data-event=""click"" data-for=""cashTag"" data-tip=""FB"" href=""/symbol/FB"" id=""FB-150569994-4947"">$FB</a></span> are not going down anymore. Very positive.</div></div>"
headbutt888,False,2019-01-14 12:59:00,159.765,"<div class=""MessageStreamView__body___2giLh""><div><span><a data-event=""click"" data-for=""cashTag"" data-tip=""AAPL"" href=""/symbol/AAPL"" id=""AAPL-150569509-4974"">$AAPL</a></span> if co suddenly reports way better than exp ER on 29th, stk has huge pop, the co will find itself in class action sh1tstorm <span><a data-event=""click"" data-for=""cashTag"" data-tip=""SPY"" href=""/symbol/SPY"" id=""SPY-150569509-4975"">$SPY</a></span> <span><a data-event=""click"" data-for=""cashTag"" data-tip=""QQQ"" href=""/symbol/QQQ"" id=""QQQ-150569509-4976"">$QQQ</a></span></div></div>"
ASM,True,2019-01-14 12:56:00,159.786,"<div class=""MessageStreamView__body___2giLh""><div>CRAPPLE even catching a bid now - poor bears <span><a data-event=""click"" data-for=""cashTag"" data-tip=""AAPL"" href=""/symbol/AAPL"" id=""AAPL-150568972-4987"">$AAPL</a></span> <span><a data-event=""click"" data-for=""cashTag"" data-tip=""SPY"" href=""/symbol/SPY"" id=""SPY-150568972-4988"">$SPY</a></span> <span><a data-event=""click"" data-for=""cashTag"" data-tip=""QQQ"" href=""/symbol/QQQ"" id=""QQQ-150568972-4989"">$QQQ</a></span></div></div>"
Tradeworx,True,2019-01-14 12:53:00,159.745,"<div class=""MessageStreamView__body___2giLh""><div><span><a data-event=""click"" data-for=""cashTag"" data-tip=""SPY"" href=""/symbol/SPY"" id=""SPY-150568656-5003"">$SPY</a></span> <span><a data-event=""click"" data-for=""cashTag"" data-tip=""QQQ"" href=""/symbol/QQQ"" id=""QQQ-150568656-5004"">$QQQ</a></span> <span><a data-event=""click"" data-for=""cashTag"" data-tip=""NFLX"" href=""/symbol/NFLX"" id=""NFLX-150568656-5005"">$NFLX</a></span>  a crapshoot, Birdbox probably got s lot of new subscribers for the company though.</div></div>"
DollarHuAkbar,True,2019-01-14 12:48:00,159.77,"<div class=""MessageStreamView__body___2giLh""><div>China sentenced Canadian to DEATH mad world <span><a data-event=""click"" data-for=""cashTag"" data-tip=""SPY"" href=""/symbol/SPY"" id=""SPY-150567871-5018"">$SPY</a></span> <span><a data-event=""click"" data-for=""cashTag"" data-tip=""DIA"" href=""/symbol/DIA"" id=""DIA-150567871-5019"">$DIA</a></span> <span><a data-event=""click"" data-for=""cashTag"" data-tip=""QQQ"" href=""/symbol/QQQ"" id=""QQQ-150567871-5020"">$QQQ</a></span> <span><a data-event=""click"" data-for=""cashTag"" data-tip=""FB"" href=""/symbol/FB"" id=""FB-150567871-5021"">$FB</a></span> <span><a data-event=""click"" data-for=""cashTag"" data-tip=""NFLX"" href=""/symbol/NFLX"" id=""NFLX-150567871-5022"">$NFLX</a></span> <span><a data-event=""click"" data-for=""cashTag"" data-tip=""AMZN"" href=""/symbol/AMZN"" id=""AMZN-150567871-5023"">$AMZN</a></span> <span><a data-event=""click"" data-for=""cashTag"" data-tip=""TSLA"" href=""/symbol/TSLA"" id=""TSLA-150567871-5024"">$TSLA</a></span> <span><a data-event=""click"" data-for=""cashTag"" data-tip=""MSFT"" href=""/symbol/MSFT"" id=""MSFT-150567871-5025"">$MSFT</a></span> <span><a data-event=""click"" data-for=""cashTag"" data-tip=""BABA"" href=""/symbol/BABA"" id=""BABA-150567871-5026"">$BABA</a></span> <span><a data-event=""click"" data-for=""cashTag"" data-tip=""KWEB"" href=""/symbol/KWEB"" id=""KWEB-150567871-5027"">$KWEB</a></span> <span><a data-event=""click"" data-for=""cashTag"" data-tip=""GOOGL"" href=""/symbol/GOOGL"" id=""GOOGL-150567871-5028"">$GOOGL</a></span> <span><a data-event=""click"" data-for=""cashTag"" data-tip=""NSANY"" href=""/symbol/NSANY"" id=""NSANY-150567871-5029"">$NSANY</a></span> <span><a data-event=""click"" data-for=""cashTag"" data-tip=""EWJ"" href=""/symbol/EWJ"" id=""EWJ-150567871-5030"">$EWJ</a></span> <span><a data-event=""click"" data-for=""cashTag"" data-tip=""EWC"" href=""/symbol/EWC"" id=""EWC-150567871-5031"">$EWC</a></span> <a data-event=""click"" href=""/topic/CarlosGhosn"">#CarlosGhosn</a></div></div>"
ASM,True,2019-01-14 12:47:00,159.795,"<div class=""MessageStreamView__body___2giLh""><div>Bears worst nightmare <span><a data-event=""click"" data-for=""cashTag"" data-tip=""AAPL"" href=""/symbol/AAPL"" id=""AAPL-150567819-5034"">$AAPL</a></span> just SLICED through VWAP <span><a data-event=""click"" data-for=""cashTag"" data-tip=""SPY"" href=""/symbol/SPY"" id=""SPY-150567819-5035"">$SPY</a></span> <span><a data-event=""click"" data-for=""cashTag"" data-tip=""QQQ"" href=""/symbol/QQQ"" id=""QQQ-150567819-5036"">$QQQ</a></span></div></div>"
ASM,True,2019-01-14 12:46:00,159.76,"<div class=""MessageStreamView__body___2giLh""><div>SESSION HIGHS for gold slacks as this massive squeeze into earnings continue <span><a data-event=""click"" data-for=""cashTag"" data-tip=""SPY"" href=""/symbol/SPY"" id=""SPY-150567643-5039"">$SPY</a></span> <span><a data-event=""click"" data-for=""cashTag"" data-tip=""QQQ"" href=""/symbol/QQQ"" id=""QQQ-150567643-5040"">$QQQ</a></span> <span><a data-event=""click"" data-for=""cashTag"" data-tip=""GS"" href=""/symbol/GS"" id=""GS-150567643-5041"">$GS</a></span></div></div>"
headbutt888,False,2019-01-14 12:38:00,159.67,"<div class=""MessageStreamView__body___2giLh""><div><span><a data-event=""click"" data-for=""cashTag"" data-tip=""AAPL"" href=""/symbol/AAPL"" id=""AAPL-150566592-5044"">$AAPL</a></span> another failure at 10d MA; nothing bullish about this chart; rest of mkt will follow imho; this stk too important to ignore <span><a data-event=""click"" data-for=""cashTag"" data-tip=""QQQ"" href=""/symbol/QQQ"" id=""QQQ-150566592-5045"">$QQQ</a></span> <span><a data-event=""click"" data-for=""cashTag"" data-tip=""SPY"" href=""/symbol/SPY"" id=""SPY-150566592-5046"">$SPY</a></span></div></div>"
DollarHuAkbar,True,2019-01-14 12:37:00,159.652,"<div class=""MessageStreamView__body___2giLh""><div>SOLD $1640 <span><a data-event=""click"" data-for=""cashTag"" data-tip=""AMZN"" href=""/symbol/AMZN"" id=""AMZN-150566370-5049"">$AMZN</a></span> BOT $1600 .. making CASH flow <span><a data-event=""click"" data-for=""cashTag"" data-tip=""SPY"" href=""/symbol/SPY"" id=""SPY-150566370-5050"">$SPY</a></span> <span><a data-event=""click"" data-for=""cashTag"" data-tip=""DIA"" href=""/symbol/DIA"" id=""DIA-150566370-5051"">$DIA</a></span> <span><a data-event=""click"" data-for=""cashTag"" data-tip=""QQQ"" href=""/symbol/QQQ"" id=""QQQ-150566370-5052"">$QQQ</a></span> <span><a data-event=""click"" data-for=""cashTag"" data-tip=""FB"" href=""/symbol/FB"" id=""FB-150566370-5053"">$FB</a></span> <span><a data-event=""click"" data-for=""cashTag"" data-tip=""NFLX"" href=""/symbol/NFLX"" id=""NFLX-150566370-5054"">$NFLX</a></span> <span><a data-event=""click"" data-for=""cashTag"" data-tip=""GOOGL"" href=""/symbol/GOOGL"" id=""GOOGL-150566370-5055"">$GOOGL</a></span> <span><a data-event=""click"" data-for=""cashTag"" data-tip=""BABA"" href=""/symbol/BABA"" id=""BABA-150566370-5056"">$BABA</a></span> <span><a data-event=""click"" data-for=""cashTag"" data-tip=""TSLA"" href=""/symbol/TSLA"" id=""TSLA-150566370-5057"">$TSLA</a></span> <span><a data-event=""click"" data-for=""cashTag"" data-tip=""MSFT"" href=""/symbol/MSFT"" id=""MSFT-150566370-5058"">$MSFT</a></span> <span><a data-event=""click"" data-for=""cashTag"" data-tip=""AAPL"" href=""/symbol/AAPL"" id=""AAPL-150566370-5059"">$AAPL</a></span> <span><a data-event=""click"" data-for=""cashTag"" data-tip=""XLK"" href=""/symbol/XLK"" id=""XLK-150566370-5060"">$XLK</a></span> SOLD Yellen rip today ..waiting</div></div>"
ASM,True,2019-01-14 12:21:00,159.723,"<div class=""MessageStreamView__body___2giLh""><div>Boy oh boy how do the bears answer BANKS just going into a parabolic breakout here !?!? <span><a data-event=""click"" data-for=""cashTag"" data-tip=""SPY"" href=""/symbol/SPY"" id=""SPY-150564247-5115"">$SPY</a></span> <span><a data-event=""click"" data-for=""cashTag"" data-tip=""QQQ"" href=""/symbol/QQQ"" id=""QQQ-150564247-5116"">$QQQ</a></span> <span><a data-event=""click"" data-for=""cashTag"" data-tip=""XLF"" href=""/symbol/XLF"" id=""XLF-150564247-5117"">$XLF</a></span> <span><a data-event=""click"" data-for=""cashTag"" data-tip=""C"" href=""/symbol/C"" id=""C-150564247-5118"">$C</a></span> <span><a data-event=""click"" data-for=""cashTag"" data-tip=""GS"" href=""/symbol/GS"" id=""GS-150564247-5119"">$GS</a></span> <span><a data-event=""click"" data-for=""cashTag"" data-tip=""BAC"" href=""/symbol/BAC"" id=""BAC-150564247-5120"">$BAC</a></span></div></div>"
MillieX,True,2019-01-14 12:19:00,159.83,"<div class=""MessageStreamView__body___2giLh""><div><span><a data-event=""click"" data-for=""cashTag"" data-tip=""QQQ"" href=""/symbol/QQQ"" id=""QQQ-150563922-5141"">$QQQ</a></span> they will drag this up while the economy goes to hell lol</div></div>"
Dr_Stoxx,True,2019-01-14 12:15:00,159.747,"<div class=""MessageStreamView__body___2giLh""><div>As pullbacks go, this one is PRETTY LAME.  <span><a data-event=""click"" data-for=""cashTag"" data-tip=""SPY"" href=""/symbol/SPY"" id=""SPY-150563194-5150"">$SPY</a></span> <span><a data-event=""click"" data-for=""cashTag"" data-tip=""QQQ"" href=""/symbol/QQQ"" id=""QQQ-150563194-5151"">$QQQ</a></span> <span><a data-event=""click"" data-for=""cashTag"" data-tip=""IWM"" href=""/symbol/IWM"" id=""IWM-150563194-5152"">$IWM</a></span></div></div>"
ASM,True,2019-01-14 12:13:00,159.678,"<div class=""MessageStreamView__body___2giLh""><div>Financials ripping, <span><a data-event=""click"" data-for=""cashTag"" data-tip=""AMZN"" href=""/symbol/AMZN"" id=""AMZN-150562985-5155"">$AMZN</a></span> ripping, <span><a data-event=""click"" data-for=""cashTag"" data-tip=""VXX"" href=""/symbol/VXX"" id=""VXX-150562985-5156"">$VXX</a></span> at session lows, ample pessimism and fear - a bulls paradise! <span><a data-event=""click"" data-for=""cashTag"" data-tip=""SPY"" href=""/symbol/SPY"" id=""SPY-150562985-5157"">$SPY</a></span> <span><a data-event=""click"" data-for=""cashTag"" data-tip=""QQQ"" href=""/symbol/QQQ"" id=""QQQ-150562985-5158"">$QQQ</a></span> <span><a data-event=""click"" data-for=""cashTag"" data-tip=""XLF"" href=""/symbol/XLF"" id=""XLF-150562985-5159"">$XLF</a></span></div></div>"
wprofish,False,2019-01-14 12:12:00,159.709,"<div class=""MessageStreamView__body___2giLh""><div><span><a data-event=""click"" data-for=""cashTag"" data-tip=""QQQ"" href=""/symbol/QQQ"" id=""QQQ-150562801-5170"">$QQQ</a></span> <span><a data-event=""click"" data-for=""cashTag"" data-tip=""SPY"" href=""/symbol/SPY"" id=""SPY-150562801-5171"">$SPY</a></span> <span><a data-event=""click"" data-for=""cashTag"" data-tip=""DJIA"" href=""/symbol/DJIA"" id=""DJIA-150562801-5172"">$DJIA</a></span> looks like markets about to roll over and head south</div></div>"
MillieX,True,2019-01-14 12:12:00,159.709,"<div class=""MessageStreamView__body___2giLh""><div><span><a data-event=""click"" data-for=""cashTag"" data-tip=""QQQ"" href=""/symbol/QQQ"" id=""QQQ-150562757-5175"">$QQQ</a></span> good chance to close green</div></div>"
Teslray,False,2019-01-14 12:10:00,159.64,"<div class=""MessageStreamView__body___2giLh""><div>This market's moving like a video game <span><a data-event=""click"" data-for=""cashTag"" data-tip=""SPY"" href=""/symbol/SPY"" id=""SPY-150562523-5178"">$SPY</a></span> <span><a data-event=""click"" data-for=""cashTag"" data-tip=""DIA"" href=""/symbol/DIA"" id=""DIA-150562523-5179"">$DIA</a></span> <span><a data-event=""click"" data-for=""cashTag"" data-tip=""QQQ"" href=""/symbol/QQQ"" id=""QQQ-150562523-5180"">$QQQ</a></span> <span><a data-event=""click"" data-for=""cashTag"" data-tip=""IWM"" href=""/symbol/IWM"" id=""IWM-150562523-5181"">$IWM</a></span> congrats sellers</div></div>"
Tradeworx,True,2019-01-14 12:01:00,159.57,"<div class=""MessageStreamView__body___2giLh""><div><span><a data-event=""click"" data-for=""cashTag"" data-tip=""AAPL"" href=""/symbol/AAPL"" id=""AAPL-150561261-5190"">$AAPL</a></span> vs <span><a data-event=""click"" data-for=""cashTag"" data-tip=""QQQ"" href=""/symbol/QQQ"" id=""QQQ-150561261-5191"">$QQQ</a></span> <span><a data-event=""click"" data-for=""cashTag"" data-tip=""DIA"" href=""/symbol/DIA"" id=""DIA-150561261-5192"">$DIA</a></span> <span><a data-event=""click"" data-for=""cashTag"" data-tip=""SPY"" href=""/symbol/SPY"" id=""SPY-150561261-5193"">$SPY</a></span> this is why I like buying index etf’s vs. individual stocks</div></div>"
freakk_,False,2019-01-14 11:59:00,159.635,"<div class=""MessageStreamView__body___2giLh""><div><span><a data-event=""click"" data-for=""cashTag"" data-tip=""SPY"" href=""/symbol/SPY"" id=""SPY-150560890-5196"">$SPY</a></span> <span><a data-event=""click"" data-for=""cashTag"" data-tip=""QQQ"" href=""/symbol/QQQ"" id=""QQQ-150560890-5197"">$QQQ</a></span> speculators doing a good job keeping the market up until..... 📉💩</div></div>"
ULTRAPREMOS,True,2019-01-14 11:52:00,159.746,"<div class=""MessageStreamView__body___2giLh""><div><span><a data-event=""click"" data-for=""cashTag"" data-tip=""QQQ"" href=""/symbol/QQQ"" id=""QQQ-150560050-5210"">$QQQ</a></span> GET READY 4 THE oL MIDDAY RODEO REVERSAL!!!!</div></div>"
ULTRAPREMOS,True,2019-01-14 11:51:00,159.77,"<div class=""MessageStreamView__body___2giLh""><div><span><a data-event=""click"" data-for=""cashTag"" data-tip=""QQQ"" href=""/symbol/QQQ"" id=""QQQ-150559858-5220"">$QQQ</a></span> I SMELL A REVERSAL ON ITS WAY</div></div>"
paulb1,False,2019-01-14 11:47:00,159.785,"<div class=""MessageStreamView__body___2giLh""><div><span><a data-event=""click"" data-for=""cashTag"" data-tip=""QQQ"" href=""/symbol/QQQ"" id=""QQQ-150559207-5238"">$QQQ</a></span> <span><a data-event=""click"" data-for=""cashTag"" data-tip=""SPY"" href=""/symbol/SPY"" id=""SPY-150559207-5239"">$SPY</a></span> Caution for Quck Drop, Breadth is terrible; <span><a data-event=""click"" data-for=""cashTag"" data-tip=""NYMO"" href=""/symbol/NYMO"" id=""NYMO-150559207-5240"">$NYMO</a></span> is way overbought</div></div>"
ishaansandhir,False,2019-01-14 11:44:00,159.82,"<div class=""MessageStreamView__body___2giLh""><div><span><a data-event=""click"" data-for=""cashTag"" data-tip=""SPY"" href=""/symbol/SPY"" id=""SPY-150558743-5263"">$SPY</a></span> <span><a data-event=""click"" data-for=""cashTag"" data-tip=""QQQ"" href=""/symbol/QQQ"" id=""QQQ-150558743-5264"">$QQQ</a></span> <span><a data-event=""click"" data-for=""cashTag"" data-tip=""DIA"" href=""/symbol/DIA"" id=""DIA-150558743-5265"">$DIA</a></span>  Looks eerily similar to the ranging we did from late October to early December</div></div>"
ASM,True,2019-01-14 11:43:00,159.834,"<div class=""MessageStreamView__body___2giLh""><div>BEARS: Lets hear the reasons you are short today <span><a data-event=""click"" data-for=""cashTag"" data-tip=""AMZN"" href=""/symbol/AMZN"" id=""AMZN-150558642-5273"">$AMZN</a></span> today. GO! <span><a data-event=""click"" data-for=""cashTag"" data-tip=""SPY"" href=""/symbol/SPY"" id=""SPY-150558642-5274"">$SPY</a></span> <span><a data-event=""click"" data-for=""cashTag"" data-tip=""QQQ"" href=""/symbol/QQQ"" id=""QQQ-150558642-5275"">$QQQ</a></span></div></div>"
Cousin_Vinny,True,2019-01-14 11:38:00,159.89,"<div class=""MessageStreamView__body___2giLh""><div><span><a data-event=""click"" data-for=""cashTag"" data-tip=""NVDA"" href=""/symbol/NVDA"" id=""NVDA-150557863-5278"">$NVDA</a></span> should go - next target 153.38 if <span><a data-event=""click"" data-for=""cashTag"" data-tip=""QQQ"" href=""/symbol/QQQ"" id=""QQQ-150557863-5279"">$QQQ</a></span> <span><a data-event=""click"" data-for=""cashTag"" data-tip=""SPY"" href=""/symbol/SPY"" id=""SPY-150557863-5280"">$SPY</a></span> help <a data-event=""click"" href=""https://youtu.be/KrL_nEYivDc"" rel=""noopener nofollow"" target=""_blank"">youtube.com/watch?v=KrL_nEY...</a> lol <span class=""UserProfileLink__container___2JY3s""><a data-event=""click"" href=""/marketsmith"" id=""user-profile-marketsmith-1547605983986-5281"">@marketsmith</a></span> <span class=""UserProfileLink__container___2JY3s""><a data-event=""click"" href=""/IBDinvestors"" id=""user-profile-IBDinvestors-1547605983986-5282"">@IBDinvestors</a></span> <span class=""UserProfileLink__container___2JY3s""><a data-event=""click"" href=""/InvestorsBusinessdaily"" id=""user-profile-InvestorsBusinessdaily-1547605983986-5283"">@InvestorsBusinessdaily</a></span> <span><a data-event=""click"" data-for=""cashTag"" data-tip=""NVDA"" href=""/symbol/NVDA"" id=""NVDA-150557863-5284"">$NVDA</a></span></div></div>"
trendtrader6,False,2019-01-14 11:38:00,159.89,"<div class=""MessageStreamView__body___2giLh""><div><span><a data-event=""click"" data-for=""cashTag"" data-tip=""AAPL"" href=""/symbol/AAPL"" id=""AAPL-150557788-5287"">$AAPL</a></span> ER gap filled. 135 seems very plausible now. <span><a data-event=""click"" data-for=""cashTag"" data-tip=""QQQ"" href=""/symbol/QQQ"" id=""QQQ-150557788-5288"">$QQQ</a></span> <span><a data-event=""click"" data-for=""cashTag"" data-tip=""XLK"" href=""/symbol/XLK"" id=""XLK-150557788-5289"">$XLK</a></span></div></div>"
ASM,True,2019-01-14 11:37:00,159.79,"<div class=""MessageStreamView__body___2giLh""><div>I think the bears enjoy the pain <span><a data-event=""click"" data-for=""cashTag"" data-tip=""AMZN"" href=""/symbol/AMZN"" id=""AMZN-150557674-5292"">$AMZN</a></span> <span><a data-event=""click"" data-for=""cashTag"" data-tip=""SPY"" href=""/symbol/SPY"" id=""SPY-150557674-5293"">$SPY</a></span> <span><a data-event=""click"" data-for=""cashTag"" data-tip=""QQQ"" href=""/symbol/QQQ"" id=""QQQ-150557674-5294"">$QQQ</a></span>  I blame movies like the big short.</div></div>"
AlphaTrader8,False,2019-01-14 11:34:00,159.784,"<div class=""MessageStreamView__body___2giLh""><div><span><a data-event=""click"" data-for=""cashTag"" data-tip=""MU"" href=""/symbol/MU"" id=""MU-150557245-5297"">$MU</a></span> <span><a data-event=""click"" data-for=""cashTag"" data-tip=""INTC"" href=""/symbol/INTC"" id=""INTC-150557245-5298"">$INTC</a></span> <span><a data-event=""click"" data-for=""cashTag"" data-tip=""AMD"" href=""/symbol/AMD"" id=""AMD-150557245-5299"">$AMD</a></span> <span><a data-event=""click"" data-for=""cashTag"" data-tip=""NVDA"" href=""/symbol/NVDA"" id=""NVDA-150557245-5300"">$NVDA</a></span> <span><a data-event=""click"" data-for=""cashTag"" data-tip=""QQQ"" href=""/symbol/QQQ"" id=""QQQ-150557245-5301"">$QQQ</a></span> <span><a data-event=""click"" data-for=""cashTag"" data-tip=""SPY"" href=""/symbol/SPY"" id=""SPY-150557245-5302"">$SPY</a></span> Too early to get excited' about Micron🐻

<a data-event=""click"" href=""https://thefly.com/landingPageNews.php?id=2848144"" rel=""noopener nofollow"" target=""_blank"">thefly.com/landingPageNews....</a></div></div>"
rcmInvesting,False,2019-01-14 11:28:00,159.56,"<div class=""MessageStreamView__body___2giLh""><div>Reading for today's 12pm stream How to trade a <a data-event=""click"" href=""/topic/bearmarket"">#bearmarket</a> <a data-event=""click"" href=""https://www.rosenthalcapital.com/stalking-the-bear/"" rel=""noopener nofollow"" target=""_blank"">rosenthalcapital.com/stalki...</a> <span><a data-event=""click"" data-for=""cashTag"" data-tip=""SPY"" href=""/symbol/SPY"" id=""SPY-150556380-5324"">$SPY</a></span> <span><a data-event=""click"" data-for=""cashTag"" data-tip=""QQQ"" href=""/symbol/QQQ"" id=""QQQ-150556380-5325"">$QQQ</a></span> <span><a data-event=""click"" data-for=""cashTag"" data-tip=""DIA"" href=""/symbol/DIA"" id=""DIA-150556380-5326"">$DIA</a></span> <a data-event=""click"" href=""/topic/IWM"">#IWM</a> <a data-event=""click"" href=""https://www.youtube.com/channel/UCDOvm1LAp6BuFwDVpL6hlsA?view_as=subscriber"" rel=""noopener nofollow"" target=""_blank"">youtube.com/channel/UCDOvm1...</a></div></div>"
ASM,True,2019-01-14 11:16:00,159.64,"<div class=""MessageStreamView__body___2giLh""><div><span><a data-event=""click"" data-for=""cashTag"" data-tip=""AMZN"" href=""/symbol/AMZN"" id=""AMZN-150554396-5346"">$AMZN</a></span> minimum 1660 close today. <span><a data-event=""click"" data-for=""cashTag"" data-tip=""SPY"" href=""/symbol/SPY"" id=""SPY-150554396-5347"">$SPY</a></span> <span><a data-event=""click"" data-for=""cashTag"" data-tip=""QQQ"" href=""/symbol/QQQ"" id=""QQQ-150554396-5348"">$QQQ</a></span></div></div>"
DollarHuAkbar,True,2019-01-14 11:14:00,159.632,"<div class=""MessageStreamView__body___2giLh""><div>SOLD $1640  BOT $1600'ish <span><a data-event=""click"" data-for=""cashTag"" data-tip=""AMZN"" href=""/symbol/AMZN"" id=""AMZN-150554101-5351"">$AMZN</a></span> Yellen talk rally today -- this is fun <span><a data-event=""click"" data-for=""cashTag"" data-tip=""AAPL"" href=""/symbol/AAPL"" id=""AAPL-150554101-5352"">$AAPL</a></span> <span><a data-event=""click"" data-for=""cashTag"" data-tip=""TSLA"" href=""/symbol/TSLA"" id=""TSLA-150554101-5353"">$TSLA</a></span> <span><a data-event=""click"" data-for=""cashTag"" data-tip=""FB"" href=""/symbol/FB"" id=""FB-150554101-5354"">$FB</a></span> <span><a data-event=""click"" data-for=""cashTag"" data-tip=""GOOGL"" href=""/symbol/GOOGL"" id=""GOOGL-150554101-5355"">$GOOGL</a></span> <span><a data-event=""click"" data-for=""cashTag"" data-tip=""FB"" href=""/symbol/FB"" id=""FB-150554101-5356"">$FB</a></span> <span><a data-event=""click"" data-for=""cashTag"" data-tip=""NFLX"" href=""/symbol/NFLX"" id=""NFLX-150554101-5357"">$NFLX</a></span> <span><a data-event=""click"" data-for=""cashTag"" data-tip=""SPY"" href=""/symbol/SPY"" id=""SPY-150554101-5358"">$SPY</a></span> <span><a data-event=""click"" data-for=""cashTag"" data-tip=""DIA"" href=""/symbol/DIA"" id=""DIA-150554101-5359"">$DIA</a></span> <span><a data-event=""click"" data-for=""cashTag"" data-tip=""QQQ"" href=""/symbol/QQQ"" id=""QQQ-150554101-5360"">$QQQ</a></span> SELL rip working</div></div>"
jman12,True,2019-01-14 11:11:00,159.673,"<div class=""MessageStreamView__body___2giLh""><div><span><a data-event=""click"" data-for=""cashTag"" data-tip=""QQQ"" href=""/symbol/QQQ"" id=""QQQ-150553631-5363"">$QQQ</a></span> <span><a data-event=""click"" data-for=""cashTag"" data-tip=""SPY"" href=""/symbol/SPY"" id=""SPY-150553631-5364"">$SPY</a></span> we all know its going to new highs 2019. Question is only when to add.</div></div>"
ASM,True,2019-01-14 11:09:00,159.7,"<div class=""MessageStreamView__body___2giLh""><div><span><a data-event=""click"" data-for=""cashTag"" data-tip=""AMZN"" href=""/symbol/AMZN"" id=""AMZN-150553337-5381"">$AMZN</a></span> I would be SHOCKED to see AMAZON less than 1778 post earnings. <span><a data-event=""click"" data-for=""cashTag"" data-tip=""SPY"" href=""/symbol/SPY"" id=""SPY-150553337-5382"">$SPY</a></span> <span><a data-event=""click"" data-for=""cashTag"" data-tip=""QQQ"" href=""/symbol/QQQ"" id=""QQQ-150553337-5383"">$QQQ</a></span></div></div>"
ASM,True,2019-01-14 11:08:00,159.649,"<div class=""MessageStreamView__body___2giLh""><div><span><a data-event=""click"" data-for=""cashTag"" data-tip=""AMZN"" href=""/symbol/AMZN"" id=""AMZN-150553074-5386"">$AMZN</a></span> FIFTY POINT V RALLY - OOPS! Did you sell in the hole? Dont let fear run your trading strategy <span><a data-event=""click"" data-for=""cashTag"" data-tip=""SPY"" href=""/symbol/SPY"" id=""SPY-150553074-5387"">$SPY</a></span> <span><a data-event=""click"" data-for=""cashTag"" data-tip=""QQQ"" href=""/symbol/QQQ"" id=""QQQ-150553074-5388"">$QQQ</a></span></div></div>"
ASM,True,2019-01-14 11:04:00,159.77,"<div class=""MessageStreamView__body___2giLh""><div>The only thing that matters is the Powell Put. Embrace it. <span><a data-event=""click"" data-for=""cashTag"" data-tip=""SPY"" href=""/symbol/SPY"" id=""SPY-150552508-5398"">$SPY</a></span> <span><a data-event=""click"" data-for=""cashTag"" data-tip=""QQQ"" href=""/symbol/QQQ"" id=""QQQ-150552508-5399"">$QQQ</a></span> <span><a data-event=""click"" data-for=""cashTag"" data-tip=""AMZN"" href=""/symbol/AMZN"" id=""AMZN-150552508-5400"">$AMZN</a></span></div></div>"
GordonGekko888,False,2019-01-14 11:02:00,159.71,"<div class=""MessageStreamView__body___2giLh""><div><span><a data-event=""click"" data-for=""cashTag"" data-tip=""DJIA"" href=""/symbol/DJIA"" id=""DJIA-150552244-5403"">$DJIA</a></span> <span><a data-event=""click"" data-for=""cashTag"" data-tip=""SPY"" href=""/symbol/SPY"" id=""SPY-150552244-5404"">$SPY</a></span> <span><a data-event=""click"" data-for=""cashTag"" data-tip=""SPX"" href=""/symbol/SPX"" id=""SPX-150552244-5405"">$SPX</a></span> <span><a data-event=""click"" data-for=""cashTag"" data-tip=""QQQ"" href=""/symbol/QQQ"" id=""QQQ-150552244-5406"">$QQQ</a></span> <span><a data-event=""click"" data-for=""cashTag"" data-tip=""AAPL"" href=""/symbol/AAPL"" id=""AAPL-150552244-5407"">$AAPL</a></span> <span><a data-event=""click"" data-for=""cashTag"" data-tip=""AMZN"" href=""/symbol/AMZN"" id=""AMZN-150552244-5408"">$AMZN</a></span> <span><a data-event=""click"" data-for=""cashTag"" data-tip=""FB"" href=""/symbol/FB"" id=""FB-150552244-5409"">$FB</a></span> <span><a data-event=""click"" data-for=""cashTag"" data-tip=""GOOGL"" href=""/symbol/GOOGL"" id=""GOOGL-150552244-5410"">$GOOGL</a></span> Time for u BullTards to pay for that 2K pop! Was just spike in BEAR MKT. &gt;&gt;Targets: 18K/15K/12K</div></div>"
iSwag,False,2019-01-14 11:01:00,159.628,"<div class=""MessageStreamView__body___2giLh""><div><span><a data-event=""click"" data-for=""cashTag"" data-tip=""NFLX"" href=""/symbol/NFLX"" id=""NFLX-150552094-5420"">$NFLX</a></span> here we go, the flush down starting to get warmed, many longs from the past two weeks unwind and take profits <span><a data-event=""click"" data-for=""cashTag"" data-tip=""SPY"" href=""/symbol/SPY"" id=""SPY-150552094-5421"">$SPY</a></span> <span><a data-event=""click"" data-for=""cashTag"" data-tip=""QQQ"" href=""/symbol/QQQ"" id=""QQQ-150552094-5422"">$QQQ</a></span> puts purchased</div></div>"
DollarHuAkbar,True,2019-01-14 11:01:00,159.628,"<div class=""MessageStreamView__body___2giLh""><div>Watching Janet Yellen talk rally -- she has to pump -- game still on <span><a data-event=""click"" data-for=""cashTag"" data-tip=""AMZN"" href=""/symbol/AMZN"" id=""AMZN-150552037-5425"">$AMZN</a></span> <span><a data-event=""click"" data-for=""cashTag"" data-tip=""AAPL"" href=""/symbol/AAPL"" id=""AAPL-150552037-5426"">$AAPL</a></span> <span><a data-event=""click"" data-for=""cashTag"" data-tip=""TSLA"" href=""/symbol/TSLA"" id=""TSLA-150552037-5427"">$TSLA</a></span> <span><a data-event=""click"" data-for=""cashTag"" data-tip=""FB"" href=""/symbol/FB"" id=""FB-150552037-5428"">$FB</a></span> <span><a data-event=""click"" data-for=""cashTag"" data-tip=""GOOGL"" href=""/symbol/GOOGL"" id=""GOOGL-150552037-5429"">$GOOGL</a></span> <span><a data-event=""click"" data-for=""cashTag"" data-tip=""FB"" href=""/symbol/FB"" id=""FB-150552037-5430"">$FB</a></span> <span><a data-event=""click"" data-for=""cashTag"" data-tip=""NFLX"" href=""/symbol/NFLX"" id=""NFLX-150552037-5431"">$NFLX</a></span> <span><a data-event=""click"" data-for=""cashTag"" data-tip=""SPY"" href=""/symbol/SPY"" id=""SPY-150552037-5432"">$SPY</a></span> <span><a data-event=""click"" data-for=""cashTag"" data-tip=""DIA"" href=""/symbol/DIA"" id=""DIA-150552037-5433"">$DIA</a></span> <span><a data-event=""click"" data-for=""cashTag"" data-tip=""QQQ"" href=""/symbol/QQQ"" id=""QQQ-150552037-5434"">$QQQ</a></span> SELL rip working</div></div>"
ASM,True,2019-01-14 10:58:00,159.783,"<div class=""MessageStreamView__body___2giLh""><div>an ABSOLUTELY SENSATIONAL AND PERFECTLY EXECUTED PARABOLIC V RALLY from the STRONGEST stock in the world <span><a data-event=""click"" data-for=""cashTag"" data-tip=""AMZN"" href=""/symbol/AMZN"" id=""AMZN-150551504-5443"">$AMZN</a></span>!!!! CONGRATS BULLS <span><a data-event=""click"" data-for=""cashTag"" data-tip=""SPY"" href=""/symbol/SPY"" id=""SPY-150551504-5444"">$SPY</a></span> <span><a data-event=""click"" data-for=""cashTag"" data-tip=""QQQ"" href=""/symbol/QQQ"" id=""QQQ-150551504-5445"">$QQQ</a></span></div></div>"
Lazio1982,True,2019-01-14 10:51:00,159.61,"<div class=""MessageStreamView__body___2giLh""><div><span><a data-event=""click"" data-for=""cashTag"" data-tip=""QQQ"" href=""/symbol/QQQ"" id=""QQQ-150550391-5475"">$QQQ</a></span> I know it’s just over 2% of assets, But, if portfolio mngr would dump Comcast &amp; replace it w a champ, the etf would do much better</div></div>"
ASM,True,2019-01-14 10:46:00,159.67,"<div class=""MessageStreamView__body___2giLh""><div>a 45 point V RALLY to start off the week. THANKS BEARS!!! Flawless execution. <span><a data-event=""click"" data-for=""cashTag"" data-tip=""AMZN"" href=""/symbol/AMZN"" id=""AMZN-150549550-5496"">$AMZN</a></span> bounced hard off the 50dma <span><a data-event=""click"" data-for=""cashTag"" data-tip=""SPY"" href=""/symbol/SPY"" id=""SPY-150549550-5497"">$SPY</a></span> <span><a data-event=""click"" data-for=""cashTag"" data-tip=""QQQ"" href=""/symbol/QQQ"" id=""QQQ-150549550-5498"">$QQQ</a></span></div></div>"
Lazio1982,True,2019-01-14 10:46:00,159.67,"<div class=""MessageStreamView__body___2giLh""><div><span><a data-event=""click"" data-for=""cashTag"" data-tip=""QQQ"" href=""/symbol/QQQ"" id=""QQQ-150549409-5501"">$QQQ</a></span> <span><a data-event=""click"" data-for=""cashTag"" data-tip=""SPY"" href=""/symbol/SPY"" id=""SPY-150549409-5502"">$SPY</a></span> Higher highs higher lows. Nice Trend after reversal</div></div>"
ASM,True,2019-01-14 10:45:00,159.79,"<div class=""MessageStreamView__body___2giLh""><div>Bears just continue to cave to their insecurities about Trump instead of looking at the data and facts. <span><a data-event=""click"" data-for=""cashTag"" data-tip=""SPY"" href=""/symbol/SPY"" id=""SPY-150549369-5505"">$SPY</a></span> <span><a data-event=""click"" data-for=""cashTag"" data-tip=""QQQ"" href=""/symbol/QQQ"" id=""QQQ-150549369-5506"">$QQQ</a></span> COME TO PAPA <span><a data-event=""click"" data-for=""cashTag"" data-tip=""AMZN"" href=""/symbol/AMZN"" id=""AMZN-150549369-5507"">$AMZN</a></span> <a data-event=""click"" href=""/topic/BTFD"">#BTFD</a></div></div>"
ASM,True,2019-01-14 10:41:00,159.64,"<div class=""MessageStreamView__body___2giLh""><div>CLIMBING THE WALL OF WORRY <span><a data-event=""click"" data-for=""cashTag"" data-tip=""SPY"" href=""/symbol/SPY"" id=""SPY-150548648-5523"">$SPY</a></span> <span><a data-event=""click"" data-for=""cashTag"" data-tip=""QQQ"" href=""/symbol/QQQ"" id=""QQQ-150548648-5524"">$QQQ</a></span></div></div>"
ASM,True,2019-01-14 10:40:00,159.595,"<div class=""MessageStreamView__body___2giLh""><div>VERY HEAVY VOLUME as traders do the prudent thing and pick up <span><a data-event=""click"" data-for=""cashTag"" data-tip=""AMZN"" href=""/symbol/AMZN"" id=""AMZN-150548588-5527"">$AMZN</a></span> off 50dma support after a nice consolidation week last week <span><a data-event=""click"" data-for=""cashTag"" data-tip=""SPY"" href=""/symbol/SPY"" id=""SPY-150548588-5528"">$SPY</a></span> <span><a data-event=""click"" data-for=""cashTag"" data-tip=""QQQ"" href=""/symbol/QQQ"" id=""QQQ-150548588-5529"">$QQQ</a></span></div></div>"
ASM,True,2019-01-14 10:37:00,159.631,"<div class=""MessageStreamView__body___2giLh""><div>Bears going full birdbox as bulls swoon into a fresh BTFD monday <span><a data-event=""click"" data-for=""cashTag"" data-tip=""SPY"" href=""/symbol/SPY"" id=""SPY-150548071-5545"">$SPY</a></span> <span><a data-event=""click"" data-for=""cashTag"" data-tip=""QQQ"" href=""/symbol/QQQ"" id=""QQQ-150548071-5546"">$QQQ</a></span> <span><a data-event=""click"" data-for=""cashTag"" data-tip=""AMZN"" href=""/symbol/AMZN"" id=""AMZN-150548071-5547"">$AMZN</a></span></div></div>"
rcmInvesting,True,2019-01-14 10:37:00,159.631,"<div class=""MessageStreamView__body___2giLh""><div>Building new <a data-event=""click"" href=""/topic/StockMarket"">#StockMarket</a> <a data-event=""click"" href=""/topic/daytrading"">#daytrading</a> algo explosive potential. Will share info live 12pm <span><a data-event=""click"" data-for=""cashTag"" data-tip=""SPY"" href=""/symbol/SPY"" id=""SPY-150547947-5550"">$SPY</a></span> <span><a data-event=""click"" data-for=""cashTag"" data-tip=""QQQ"" href=""/symbol/QQQ"" id=""QQQ-150547947-5551"">$QQQ</a></span> <span><a data-event=""click"" data-for=""cashTag"" data-tip=""DIA"" href=""/symbol/DIA"" id=""DIA-150547947-5552"">$DIA</a></span> <span><a data-event=""click"" data-for=""cashTag"" data-tip=""IWM"" href=""/symbol/IWM"" id=""IWM-150547947-5553"">$IWM</a></span> <a data-event=""click"" href=""https://www.youtube.com/channel/UCDOvm1LAp6BuFwDVpL6hlsA?view_as=subscriber"" rel=""noopener nofollow"" target=""_blank"">youtube.com/channel/UCDOvm1...</a></div></div>"
iSwag,False,2019-01-14 10:36:00,159.568,"<div class=""MessageStreamView__body___2giLh""><div><span><a data-event=""click"" data-for=""cashTag"" data-tip=""NFLX"" href=""/symbol/NFLX"" id=""NFLX-150547756-5559"">$NFLX</a></span> high beta stocks will be the 1st to get rocked down after leading the way up <span><a data-event=""click"" data-for=""cashTag"" data-tip=""SPY"" href=""/symbol/SPY"" id=""SPY-150547756-5560"">$SPY</a></span> <span><a data-event=""click"" data-for=""cashTag"" data-tip=""QQQ"" href=""/symbol/QQQ"" id=""QQQ-150547756-5561"">$QQQ</a></span> last leg rolling over here January Effect over!</div></div>"
ASM,True,2019-01-14 10:34:00,159.563,"<div class=""MessageStreamView__body___2giLh""><div>They just CCCCAAANNNTTTTT keep this stock DOOOWWWNNN!!! <span><a data-event=""click"" data-for=""cashTag"" data-tip=""AMZN"" href=""/symbol/AMZN"" id=""AMZN-150547536-5573"">$AMZN</a></span> <span><a data-event=""click"" data-for=""cashTag"" data-tip=""SPY"" href=""/symbol/SPY"" id=""SPY-150547536-5574"">$SPY</a></span> <span><a data-event=""click"" data-for=""cashTag"" data-tip=""QQQ"" href=""/symbol/QQQ"" id=""QQQ-150547536-5575"">$QQQ</a></span> A MASSIVE 35 points rally off the lows so far</div></div>"
ASM,True,2019-01-14 10:32:00,159.45,"<div class=""MessageStreamView__body___2giLh""><div>A TREMENDOUS BULLISH CONFIRMATION of the uptrend as the JUGGERNAUT AMAZON restests and bounces off the 50dma today <span><a data-event=""click"" data-for=""cashTag"" data-tip=""SPY"" href=""/symbol/SPY"" id=""SPY-150547177-5583"">$SPY</a></span> <span><a data-event=""click"" data-for=""cashTag"" data-tip=""QQQ"" href=""/symbol/QQQ"" id=""QQQ-150547177-5584"">$QQQ</a></span> <span><a data-event=""click"" data-for=""cashTag"" data-tip=""AMZN"" href=""/symbol/AMZN"" id=""AMZN-150547177-5585"">$AMZN</a></span></div></div>"
TopGunFP,False,2019-01-14 10:25:00,159.29,"<div class=""MessageStreamView__body___2giLh""><div>Analysts have lowered their 4Q18 earnings and revenue estimates recently WSJ A1 <span><a data-event=""click"" data-for=""cashTag"" data-tip=""SPY"" href=""/symbol/SPY"" id=""SPY-150546201-5597"">$SPY</a></span> <span><a data-event=""click"" data-for=""cashTag"" data-tip=""QQQ"" href=""/symbol/QQQ"" id=""QQQ-150546201-5598"">$QQQ</a></span> <span><a data-event=""click"" data-for=""cashTag"" data-tip=""DIA"" href=""/symbol/DIA"" id=""DIA-150546201-5599"">$DIA</a></span></div></div>"
iSwag,True,2019-01-14 10:24:00,159.333,"<div class=""MessageStreamView__body___2giLh""><div><span><a data-event=""click"" data-for=""cashTag"" data-tip=""NFLX"" href=""/symbol/NFLX"" id=""NFLX-150545996-5605"">$NFLX</a></span> <span><a data-event=""click"" data-for=""cashTag"" data-tip=""SPY"" href=""/symbol/SPY"" id=""SPY-150545996-5606"">$SPY</a></span> <span><a data-event=""click"" data-for=""cashTag"" data-tip=""QQQ"" href=""/symbol/QQQ"" id=""QQQ-150545996-5607"">$QQQ</a></span> your knowledge &amp; experience is meaningless these days, trading vs Algo bots is what it’s come down to. Time to trade FUTURES</div></div>"
ASM,True,2019-01-14 10:22:00,159.384,"<div class=""MessageStreamView__body___2giLh""><div>An absolutely SENSATIONAL BTFD today as <span><a data-event=""click"" data-for=""cashTag"" data-tip=""AMZN"" href=""/symbol/AMZN"" id=""AMZN-150545714-5610"">$AMZN</a></span> retests and bounces of its 50dma. THANKS!!! FOR!!! PANICKING!!!! Loaded hard there. <span><a data-event=""click"" data-for=""cashTag"" data-tip=""SPY"" href=""/symbol/SPY"" id=""SPY-150545714-5611"">$SPY</a></span> <span><a data-event=""click"" data-for=""cashTag"" data-tip=""QQQ"" href=""/symbol/QQQ"" id=""QQQ-150545714-5612"">$QQQ</a></span></div></div>"
PrimePNay,False,2019-01-14 10:21:00,159.386,"<div class=""MessageStreamView__body___2giLh""><div><span><a data-event=""click"" data-for=""cashTag"" data-tip=""QQQ"" href=""/symbol/QQQ"" id=""QQQ-150545468-5620"">$QQQ</a></span> <span><a data-event=""click"" data-for=""cashTag"" data-tip=""TQQQ"" href=""/symbol/TQQQ"" id=""TQQQ-150545468-5621"">$TQQQ</a></span> bull trap</div></div>"
Radwyatt,False,2019-01-14 10:16:00,159.084,"<div class=""MessageStreamView__body___2giLh""><div><span><a data-event=""click"" data-for=""cashTag"" data-tip=""SPY"" href=""/symbol/SPY"" id=""SPY-150544743-5638"">$SPY</a></span> <span><a data-event=""click"" data-for=""cashTag"" data-tip=""QQQ"" href=""/symbol/QQQ"" id=""QQQ-150544743-5639"">$QQQ</a></span> <span><a data-event=""click"" data-for=""cashTag"" data-tip=""DJIA"" href=""/symbol/DJIA"" id=""DJIA-150544743-5640"">$DJIA</a></span> <span><a data-event=""click"" data-for=""cashTag"" data-tip=""GE"" href=""/symbol/GE"" id=""GE-150544743-5641"">$GE</a></span> theres the icing on the cake. That sweet little red candle.</div></div>"
Lazio1982,True,2019-01-14 10:12:00,159.177,"<div class=""MessageStreamView__body___2giLh""><div><span><a data-event=""click"" data-for=""cashTag"" data-tip=""SPY"" href=""/symbol/SPY"" id=""SPY-150544015-5649"">$SPY</a></span> <span><a data-event=""click"" data-for=""cashTag"" data-tip=""QQQ"" href=""/symbol/QQQ"" id=""QQQ-150544015-5650"">$QQQ</a></span> Reversal</div></div>"
SpideyTrader,True,2019-01-14 10:11:00,159.18,"<div class=""MessageStreamView__body___2giLh""><div><span><a data-event=""click"" data-for=""cashTag"" data-tip=""SPY"" href=""/symbol/SPY"" id=""SPY-150543770-5653"">$SPY</a></span>,<span><a data-event=""click"" data-for=""cashTag"" data-tip=""QQQ"" href=""/symbol/QQQ"" id=""QQQ-150543770-5654"">$QQQ</a></span>,<span><a data-event=""click"" data-for=""cashTag"" data-tip=""DIA"" href=""/symbol/DIA"" id=""DIA-150543770-5655"">$DIA</a></span>,<span><a data-event=""click"" data-for=""cashTag"" data-tip=""XLK"" href=""/symbol/XLK"" id=""XLK-150543770-5656"">$XLK</a></span> Taking a Trade(SCALE) with XLK after the decline. Looking for my usual .60c-$1.00... 
<a data-event=""click"" href=""https://www.stocktwits.com/r/TradeLikeAnAlgo"" rel=""noopener nofollow"" target=""_blank"">stocktwits.com/r/TradeLikeA...</a></div></div>"
rcmInvesting,True,2019-01-14 10:10:00,159.071,"<div class=""MessageStreamView__body___2giLh""><div>Long <span><a data-event=""click"" data-for=""cashTag"" data-tip=""SPY"" href=""/symbol/SPY"" id=""SPY-150543575-5659"">$SPY</a></span> <span><a data-event=""click"" data-for=""cashTag"" data-tip=""QQQ"" href=""/symbol/QQQ"" id=""QQQ-150543575-5660"">$QQQ</a></span> after gap down looking for gap closure. <span><a data-event=""click"" data-for=""cashTag"" data-tip=""IWM"" href=""/symbol/IWM"" id=""IWM-150543575-5661"">$IWM</a></span> continues to lead <a data-event=""click"" href=""/topic/ARMRreport"">#ARMRreport</a></div></div>"
Radwyatt,False,2019-01-14 10:10:00,159.071,"<div class=""MessageStreamView__body___2giLh""><div><span><a data-event=""click"" data-for=""cashTag"" data-tip=""SPY"" href=""/symbol/SPY"" id=""SPY-150543513-5664"">$SPY</a></span> <span><a data-event=""click"" data-for=""cashTag"" data-tip=""DJIA"" href=""/symbol/DJIA"" id=""DJIA-150543513-5665"">$DJIA</a></span> <span><a data-event=""click"" data-for=""cashTag"" data-tip=""QQQ"" href=""/symbol/QQQ"" id=""QQQ-150543513-5666"">$QQQ</a></span> <span><a data-event=""click"" data-for=""cashTag"" data-tip=""HD"" href=""/symbol/HD"" id=""HD-150543513-5667"">$HD</a></span> <span><a data-event=""click"" data-for=""cashTag"" data-tip=""GE"" href=""/symbol/GE"" id=""GE-150543513-5668"">$GE</a></span> Crash crash crash! Burnnnn!</div></div>"
DollarHuAkbar,True,2019-01-14 10:08:00,158.976,"<div class=""MessageStreamView__body___2giLh""><div>MM Cramer Analysts lost money 2018 <span><a data-event=""click"" data-for=""cashTag"" data-tip=""C"" href=""/symbol/C"" id=""C-150543075-5674"">$C</a></span> <span><a data-event=""click"" data-for=""cashTag"" data-tip=""XLK"" href=""/symbol/XLK"" id=""XLK-150543075-5675"">$XLK</a></span> NOT friends 2019 <span><a data-event=""click"" data-for=""cashTag"" data-tip=""AMZN"" href=""/symbol/AMZN"" id=""AMZN-150543075-5676"">$AMZN</a></span> <span><a data-event=""click"" data-for=""cashTag"" data-tip=""FB"" href=""/symbol/FB"" id=""FB-150543075-5677"">$FB</a></span> <span><a data-event=""click"" data-for=""cashTag"" data-tip=""NFLX"" href=""/symbol/NFLX"" id=""NFLX-150543075-5678"">$NFLX</a></span> <span><a data-event=""click"" data-for=""cashTag"" data-tip=""GOOGL"" href=""/symbol/GOOGL"" id=""GOOGL-150543075-5679"">$GOOGL</a></span> <span><a data-event=""click"" data-for=""cashTag"" data-tip=""AAPL"" href=""/symbol/AAPL"" id=""AAPL-150543075-5680"">$AAPL</a></span> <span><a data-event=""click"" data-for=""cashTag"" data-tip=""TSLA"" href=""/symbol/TSLA"" id=""TSLA-150543075-5681"">$TSLA</a></span> <span><a data-event=""click"" data-for=""cashTag"" data-tip=""AAPL"" href=""/symbol/AAPL"" id=""AAPL-150543075-5682"">$AAPL</a></span> <span><a data-event=""click"" data-for=""cashTag"" data-tip=""SPY"" href=""/symbol/SPY"" id=""SPY-150543075-5683"">$SPY</a></span> <span><a data-event=""click"" data-for=""cashTag"" data-tip=""DIA"" href=""/symbol/DIA"" id=""DIA-150543075-5684"">$DIA</a></span> <span><a data-event=""click"" data-for=""cashTag"" data-tip=""QQQ"" href=""/symbol/QQQ"" id=""QQQ-150543075-5685"">$QQQ</a></span> <span><a data-event=""click"" data-for=""cashTag"" data-tip=""MSFT"" href=""/symbol/MSFT"" id=""MSFT-150543075-5686"">$MSFT</a></span> SELL rip working</div></div>"
The_Shadow,True,2019-01-14 10:06:00,158.87,"<div class=""MessageStreamView__body___2giLh""><div><span><a data-event=""click"" data-for=""cashTag"" data-tip=""SPY"" href=""/symbol/SPY"" id=""SPY-150542737-5693"">$SPY</a></span> <span><a data-event=""click"" data-for=""cashTag"" data-tip=""QQQ"" href=""/symbol/QQQ"" id=""QQQ-150542737-5694"">$QQQ</a></span> <span><a data-event=""click"" data-for=""cashTag"" data-tip=""VIX"" href=""/symbol/VIX"" id=""VIX-150542737-5695"">$VIX</a></span>  Delayed Trading Alert:  I opened a LONG SCALP at 256.56 at 9:32am this morning.  Real-time trades at <a data-event=""click"" href=""https://tinyurl.com/y93wkkqj"" rel=""noopener nofollow"" target=""_blank"">tradingideas.cloud.subhub.c...</a></div></div>"
iSwag,False,2019-01-14 10:02:00,158.801,"<div class=""MessageStreamView__body___2giLh""><div><span><a data-event=""click"" data-for=""cashTag"" data-tip=""SPY"" href=""/symbol/SPY"" id=""SPY-150542015-5702"">$SPY</a></span> <span><a data-event=""click"" data-for=""cashTag"" data-tip=""QQQ"" href=""/symbol/QQQ"" id=""QQQ-150542015-5703"">$QQQ</a></span> weakest out of the bunch, tech rolling over <span><a data-event=""click"" data-for=""cashTag"" data-tip=""NFLX"" href=""/symbol/NFLX"" id=""NFLX-150542015-5704"">$NFLX</a></span> eyeing session lowsset the tone for the day shortly <span><a data-event=""click"" data-for=""cashTag"" data-tip=""VIX"" href=""/symbol/VIX"" id=""VIX-150542015-5705"">$VIX</a></span> <span><a data-event=""click"" data-for=""cashTag"" data-tip=""TVIX"" href=""/symbol/TVIX"" id=""TVIX-150542015-5706"">$TVIX</a></span> <span><a data-event=""click"" data-for=""cashTag"" data-tip=""UVXY"" href=""/symbol/UVXY"" id=""UVXY-150542015-5707"">$UVXY</a></span> interest</div></div>"
NewbieInvester,False,2019-01-14 09:49:00,158.933,"<div class=""MessageStreamView__body___2giLh""><div><span><a data-event=""click"" data-for=""cashTag"" data-tip=""SPY"" href=""/symbol/SPY"" id=""SPY-150539821-5767"">$SPY</a></span> <span><a data-event=""click"" data-for=""cashTag"" data-tip=""QQQ"" href=""/symbol/QQQ"" id=""QQQ-150539821-5768"">$QQQ</a></span> CLosed shorts at open, will re-open at HoD hopefully.</div></div>"
DollarHuAkbar,True,2019-01-14 09:47:00,159.014,"<div class=""MessageStreamView__body___2giLh""><div>Watching fake rallies Cramer will leave BULLS holding bag <span><a data-event=""click"" data-for=""cashTag"" data-tip=""AMZN"" href=""/symbol/AMZN"" id=""AMZN-150539343-5775"">$AMZN</a></span> <span><a data-event=""click"" data-for=""cashTag"" data-tip=""FB"" href=""/symbol/FB"" id=""FB-150539343-5776"">$FB</a></span> <span><a data-event=""click"" data-for=""cashTag"" data-tip=""NFLX"" href=""/symbol/NFLX"" id=""NFLX-150539343-5777"">$NFLX</a></span> <span><a data-event=""click"" data-for=""cashTag"" data-tip=""GOOGL"" href=""/symbol/GOOGL"" id=""GOOGL-150539343-5778"">$GOOGL</a></span> <span><a data-event=""click"" data-for=""cashTag"" data-tip=""AAPL"" href=""/symbol/AAPL"" id=""AAPL-150539343-5779"">$AAPL</a></span> <span><a data-event=""click"" data-for=""cashTag"" data-tip=""TSLA"" href=""/symbol/TSLA"" id=""TSLA-150539343-5780"">$TSLA</a></span> <span><a data-event=""click"" data-for=""cashTag"" data-tip=""AAPL"" href=""/symbol/AAPL"" id=""AAPL-150539343-5781"">$AAPL</a></span> <span><a data-event=""click"" data-for=""cashTag"" data-tip=""SPY"" href=""/symbol/SPY"" id=""SPY-150539343-5782"">$SPY</a></span> <span><a data-event=""click"" data-for=""cashTag"" data-tip=""DIA"" href=""/symbol/DIA"" id=""DIA-150539343-5783"">$DIA</a></span> <span><a data-event=""click"" data-for=""cashTag"" data-tip=""QQQ"" href=""/symbol/QQQ"" id=""QQQ-150539343-5784"">$QQQ</a></span> <span><a data-event=""click"" data-for=""cashTag"" data-tip=""MSFT"" href=""/symbol/MSFT"" id=""MSFT-150539343-5785"">$MSFT</a></span> SELL rip working</div></div>"
FlynancialAnalyst,True,2019-01-14 09:43:00,159.05,"<div class=""MessageStreamView__body___2giLh""><div><span><a data-event=""click"" data-for=""cashTag"" data-tip=""SPOT"" href=""/symbol/SPOT"" id=""SPOT-150538751-5833"">$SPOT</a></span> well defined R/R against 120.00. My stop is lower at 115.40 

green rn with <span><a data-event=""click"" data-for=""cashTag"" data-tip=""QQQ"" href=""/symbol/QQQ"" id=""QQQ-150538751-5834"">$QQQ</a></span> down 1.0%</div></div>"
Radwyatt,False,2019-01-14 09:37:00,158.834,"<div class=""MessageStreamView__body___2giLh""><div><span><a data-event=""click"" data-for=""cashTag"" data-tip=""SPY"" href=""/symbol/SPY"" id=""SPY-150537729-5885"">$SPY</a></span> <span><a data-event=""click"" data-for=""cashTag"" data-tip=""DJIA"" href=""/symbol/DJIA"" id=""DJIA-150537729-5886"">$DJIA</a></span> <span><a data-event=""click"" data-for=""cashTag"" data-tip=""QQQ"" href=""/symbol/QQQ"" id=""QQQ-150537729-5887"">$QQQ</a></span> you better stop acting stupid and buy puts!</div></div>"
FlynancialAnalyst,True,2019-01-14 09:35:00,158.632,"<div class=""MessageStreamView__body___2giLh""><div><span><a data-event=""click"" data-for=""cashTag"" data-tip=""AMZN"" href=""/symbol/AMZN"" id=""AMZN-150537485-5895"">$AMZN</a></span> here at the 50 day. ~1600.00 

<span><a data-event=""click"" data-for=""cashTag"" data-tip=""QQQ"" href=""/symbol/QQQ"" id=""QQQ-150537485-5896"">$QQQ</a></span></div></div>"
Sliver,False,2019-01-14 09:35:00,158.632,"<div class=""MessageStreamView__body___2giLh""><div><span><a data-event=""click"" data-for=""cashTag"" data-tip=""QQQ"" href=""/symbol/QQQ"" id=""QQQ-150537430-5899"">$QQQ</a></span> ..we love it when billions exit fast!!!!  $$$$$$$   Trillions??</div></div>"
iSwag,False,2019-01-14 09:30:00,159.24,"<div class=""MessageStreamView__body___2giLh""><div><span><a data-event=""click"" data-for=""cashTag"" data-tip=""NFLX"" href=""/symbol/NFLX"" id=""NFLX-150536746-5926"">$NFLX</a></span> So BTD traders coming into this in 3...2...1....<span><a data-event=""click"" data-for=""cashTag"" data-tip=""C"" href=""/symbol/C"" id=""C-150536746-5927"">$C</a></span> prelude to what’s to come for banks? <span><a data-event=""click"" data-for=""cashTag"" data-tip=""SPY"" href=""/symbol/SPY"" id=""SPY-150536746-5928"">$SPY</a></span> <span><a data-event=""click"" data-for=""cashTag"" data-tip=""QQQ"" href=""/symbol/QQQ"" id=""QQQ-150536746-5929"">$QQQ</a></span> 12 day bear flag expired <span><a data-event=""click"" data-for=""cashTag"" data-tip=""TVIX"" href=""/symbol/TVIX"" id=""TVIX-150536746-5930"">$TVIX</a></span> <span><a data-event=""click"" data-for=""cashTag"" data-tip=""UVXY"" href=""/symbol/UVXY"" id=""UVXY-150536746-5931"">$UVXY</a></span></div></div>"
