TMak,True,2019-01-14 15:48:00,1.172,"<div class=""MessageStreamView__body___2giLh""><div><span><a data-event=""click"" data-for=""cashTag"" data-tip=""RGLS"" href=""/symbol/RGLS"" id=""RGLS-150595524-369"">$RGLS</a></span> Holding small position (7K shares).  Looks like it might be ready soon.  Swing and see what tomorrow brings!  GLTA</div></div>"
2wired2trade,True,2019-01-14 15:46:00,1.167,"<div class=""MessageStreamView__body___2giLh""><div><span><a data-event=""click"" data-for=""cashTag"" data-tip=""RGLS"" href=""/symbol/RGLS"" id=""RGLS-150595174-372"">$RGLS</a></span> mike ya fav is on the move <span class=""UserProfileLink__container___2JY3s""><a data-event=""click"" href=""/GarfieldTwits"" id=""user-profile-GarfieldTwits-1547606011395-373"">@GarfieldTwits</a></span></div></div>"
StockAlerts77,True,2019-01-14 15:45:00,1.166,"<div class=""MessageStreamView__body___2giLh""><div><span><a data-event=""click"" data-for=""cashTag"" data-tip=""RGLS"" href=""/symbol/RGLS"" id=""RGLS-150594998-376"">$RGLS</a></span> possible set up play here</div></div>"
work1411,True,2019-01-14 15:45:00,1.166,"<div class=""MessageStreamView__body___2giLh""><div><span><a data-event=""click"" data-for=""cashTag"" data-tip=""RGLS"" href=""/symbol/RGLS"" id=""RGLS-150594983-379"">$RGLS</a></span> accumulation going on. swing idea</div></div>"
tjones3,True,2019-01-14 15:40:00,1.155,"<div class=""MessageStreamView__body___2giLh""><div><span><a data-event=""click"" data-for=""cashTag"" data-tip=""RGLS"" href=""/symbol/RGLS"" id=""RGLS-150594174-385"">$RGLS</a></span> longing this</div></div>"
Dman20200,True,2019-01-14 15:36:00,1.17,"<div class=""MessageStreamView__body___2giLh""><div><span><a data-event=""click"" data-for=""cashTag"" data-tip=""RGLS"" href=""/symbol/RGLS"" id=""RGLS-150593608-394"">$RGLS</a></span> added here for this week oversold territory IMO keep it on your radar chart set up 📖👈🏽✅</div></div>"
Ahri,True,2019-01-14 15:05:00,1.15,"<div class=""MessageStreamView__body___2giLh""><div><span><a data-event=""click"" data-for=""cashTag"" data-tip=""RGLS"" href=""/symbol/RGLS"" id=""RGLS-150588366-400"">$RGLS</a></span> breakout into PH?</div></div>"
BoomPilot,True,2019-01-14 10:30:00,1.149,"<div class=""MessageStreamView__body___2giLh""><div><span><a data-event=""click"" data-for=""cashTag"" data-tip=""RGLS"" href=""/symbol/RGLS"" id=""RGLS-150546936-410"">$RGLS</a></span> step in the right direction.   Need VOL</div></div>"
