GreenEnergyTrader,True,2019-01-14 15:59:00,0.5246,"<div class=""MessageStreamView__body___2giLh""><div><span><a data-event=""click"" data-for=""cashTag"" data-tip=""RGSE"" href=""/symbol/RGSE"" id=""RGSE-150597577-751"">$RGSE</a></span> a lot of accumulation today</div></div>"
FXOutofcontrol,True,2019-01-14 15:47:00,0.5178,"<div class=""MessageStreamView__body___2giLh""><div><span><a data-event=""click"" data-for=""cashTag"" data-tip=""RGSE"" href=""/symbol/RGSE"" id=""RGSE-150595299-758"">$RGSE</a></span> 2 day squeeze going</div></div>"
r3drum187,True,2019-01-14 15:18:00,0.5185,"<div class=""MessageStreamView__body___2giLh""><div><span><a data-event=""click"" data-for=""cashTag"" data-tip=""RGSE"" href=""/symbol/RGSE"" id=""RGSE-150590471-761"">$RGSE</a></span> my entire life savings in here.</div></div>"
schoonoverc,True,2019-01-14 15:16:00,0.5196,"<div class=""MessageStreamView__body___2giLh""><div><span><a data-event=""click"" data-for=""cashTag"" data-tip=""RGSE"" href=""/symbol/RGSE"" id=""RGSE-150590110-767"">$RGSE</a></span> my 40k shares are extremely and patiently</div></div>"
hikingthehills,True,2019-01-14 15:14:00,0.524,"<div class=""MessageStreamView__body___2giLh""><div><span><a data-event=""click"" data-for=""cashTag"" data-tip=""ACB"" href=""/symbol/ACB"" id=""ACB-150589804-770"">$ACB</a></span> <span><a data-event=""click"" data-for=""cashTag"" data-tip=""RGSE"" href=""/symbol/RGSE"" id=""RGSE-150589804-771"">$RGSE</a></span>  Keep trucking, long and strong!</div></div>"
mikeb1094,True,2019-01-14 15:07:00,0.52,"<div class=""MessageStreamView__body___2giLh""><div><span><a data-event=""click"" data-for=""cashTag"" data-tip=""RGSE"" href=""/symbol/RGSE"" id=""RGSE-150588678-774"">$RGSE</a></span> wedging</div></div>"
Colter10,True,2019-01-14 15:00:00,0.5176,"<div class=""MessageStreamView__body___2giLh""><div><span><a data-event=""click"" data-for=""cashTag"" data-tip=""RGSE"" href=""/symbol/RGSE"" id=""RGSE-150587473-780"">$RGSE</a></span> Sure is quiet...</div></div>"
atoolcircle,True,2019-01-14 14:53:00,0.5176,"<div class=""MessageStreamView__body___2giLh""><div><span><a data-event=""click"" data-for=""cashTag"" data-tip=""CPST"" href=""/symbol/CPST"" id=""CPST-150586380-783"">$CPST</a></span> Hope this gets put on everyone's radar now that is moving up <span><a data-event=""click"" data-for=""cashTag"" data-tip=""PRPO"" href=""/symbol/PRPO"" id=""PRPO-150586380-784"">$PRPO</a></span> <span><a data-event=""click"" data-for=""cashTag"" data-tip=""BPMX"" href=""/symbol/BPMX"" id=""BPMX-150586380-785"">$BPMX</a></span> <span><a data-event=""click"" data-for=""cashTag"" data-tip=""OHRP"" href=""/symbol/OHRP"" id=""OHRP-150586380-786"">$OHRP</a></span> <span><a data-event=""click"" data-for=""cashTag"" data-tip=""RGSE"" href=""/symbol/RGSE"" id=""RGSE-150586380-787"">$RGSE</a></span> <span><a data-event=""click"" data-for=""cashTag"" data-tip=""TNNP"" href=""/symbol/TNNP"" id=""TNNP-150586380-788"">$TNNP</a></span></div></div>"
Minervajade,True,2019-01-14 14:26:00,0.5171,"<div class=""MessageStreamView__body___2giLh""><div><span><a data-event=""click"" data-for=""cashTag"" data-tip=""RGSE"" href=""/symbol/RGSE"" id=""RGSE-150582388-791"">$RGSE</a></span> still holding <span><a data-event=""click"" data-for=""cashTag"" data-tip=""RGSE"" href=""/symbol/RGSE"" id=""RGSE-150582388-792"">$RGSE</a></span>.  Got in on some <span><a data-event=""click"" data-for=""cashTag"" data-tip=""CGC"" href=""/symbol/CGC"" id=""CGC-150582388-793"">$CGC</a></span> action.  Not a bad day.</div></div>"
JiggyTookie,True,2019-01-14 14:04:00,0.518,"<div class=""MessageStreamView__body___2giLh""><div><span><a data-event=""click"" data-for=""cashTag"" data-tip=""RGSE"" href=""/symbol/RGSE"" id=""RGSE-150579169-802"">$RGSE</a></span> Very thin short volume today</div></div>"
MemeHub,True,2019-01-14 13:56:00,0.518,"<div class=""MessageStreamView__body___2giLh""><div><span><a data-event=""click"" data-for=""cashTag"" data-tip=""RGSE"" href=""/symbol/RGSE"" id=""RGSE-150577864-808"">$RGSE</a></span> Taking a bottle rocket to the moon. May be a little bit slower, but we'll get there lol</div></div>"
Bigdek76,True,2019-01-14 13:17:00,0.5208,"<div class=""MessageStreamView__body___2giLh""><div><span><a data-event=""click"" data-for=""cashTag"" data-tip=""RGSE"" href=""/symbol/RGSE"" id=""RGSE-150572091-819"">$RGSE</a></span> these shares were bought just for you guys <span class=""UserProfileLink__container___2JY3s""><a data-event=""click"" href=""/NutmegEuro"" id=""user-profile-NutmegEuro-1547604661306-820"">@NutmegEuro</a></span>
<span class=""UserProfileLink__container___2JY3s""><a data-event=""click"" href=""/ToEasyToCare"" id=""user-profile-ToEasyToCare-1547604661306-821"">@ToEasyToCare</a></span> <span class=""UserProfileLink__container___2JY3s""><a data-event=""click"" href=""/Itstimetotakeit"" id=""user-profile-Itstimetotakeit-1547604661306-822"">@Itstimetotakeit</a></span></div></div>"
Reach4theStars,True,2019-01-14 13:15:00,0.5197,"<div class=""MessageStreamView__body___2giLh""><div><span><a data-event=""click"" data-for=""cashTag"" data-tip=""RGSE"" href=""/symbol/RGSE"" id=""RGSE-150571854-825"">$RGSE</a></span> watching the ADX should make a move soon hopefully tomorrow</div></div>"
surfersean20,True,2019-01-14 13:07:00,0.5171,"<div class=""MessageStreamView__body___2giLh""><div><span><a data-event=""click"" data-for=""cashTag"" data-tip=""RGSE"" href=""/symbol/RGSE"" id=""RGSE-150570650-832"">$RGSE</a></span> stop bitchin for news people. It will come when it comes... and we will most likely be much higher than where we are now...</div></div>"
Bowdin,True,2019-01-14 13:06:00,0.5186,"<div class=""MessageStreamView__body___2giLh""><div><span><a data-event=""click"" data-for=""cashTag"" data-tip=""RGSE"" href=""/symbol/RGSE"" id=""RGSE-150570459-835"">$RGSE</a></span> broken the uptrend hard. This will bleed down and sideways until news/ earnings unfortunately. Still</div></div>"
sassy4792,True,2019-01-14 13:00:00,0.5228,"<div class=""MessageStreamView__body___2giLh""><div><span><a data-event=""click"" data-for=""cashTag"" data-tip=""RGSE"" href=""/symbol/RGSE"" id=""RGSE-150569548-838"">$RGSE</a></span> as we take off so is <span><a data-event=""click"" data-for=""cashTag"" data-tip=""RWLK"" href=""/symbol/RWLK"" id=""RWLK-150569548-839"">$RWLK</a></span> take a peep y’all</div></div>"
MemeHub,True,2019-01-14 12:56:00,0.5176,"<div class=""MessageStreamView__body___2giLh""><div><span><a data-event=""click"" data-for=""cashTag"" data-tip=""AMZN"" href=""/symbol/AMZN"" id=""AMZN-150569031-842"">$AMZN</a></span> Any of you high rollers wanna come have some fun with me over at <span><a data-event=""click"" data-for=""cashTag"" data-tip=""RGSE"" href=""/symbol/RGSE"" id=""RGSE-150569031-843"">$RGSE</a></span></div></div>"
bodacious_bungamcfukalif,True,2019-01-14 12:56:00,0.5176,"<div class=""MessageStreamView__body___2giLh""><div><span><a data-event=""click"" data-for=""cashTag"" data-tip=""RGSE"" href=""/symbol/RGSE"" id=""RGSE-150568976-846"">$RGSE</a></span> wait for power hour for this to break out.</div></div>"
kgdminvstr,True,2019-01-14 12:45:00,0.5236,"<div class=""MessageStreamView__body___2giLh""><div><span><a data-event=""click"" data-for=""cashTag"" data-tip=""RGSE"" href=""/symbol/RGSE"" id=""RGSE-150567497-849"">$RGSE</a></span> how many other stocks are there with this type of support with no news. Still extremely</div></div>"
odubco,True,2019-01-14 12:40:00,0.5242,"<div class=""MessageStreamView__body___2giLh""><div><span><a data-event=""click"" data-for=""cashTag"" data-tip=""RGSE"" href=""/symbol/RGSE"" id=""RGSE-150566820-860"">$RGSE</a></span> seen in North Carolina... on the way to the office.  it’s coming!</div></div>"
surfersean20,True,2019-01-14 12:38:00,0.5242,"<div class=""MessageStreamView__body___2giLh""><div><span><a data-event=""click"" data-for=""cashTag"" data-tip=""RGSE"" href=""/symbol/RGSE"" id=""RGSE-150566503-863"">$RGSE</a></span></div></div>"
biowaters,True,2019-01-14 12:37:00,0.5243,"<div class=""MessageStreamView__body___2giLh""><div><span><a data-event=""click"" data-for=""cashTag"" data-tip=""RGSE"" href=""/symbol/RGSE"" id=""RGSE-150566396-869"">$RGSE</a></span></div></div>"
nathangaby,True,2019-01-14 12:31:00,0.5211,"<div class=""MessageStreamView__body___2giLh""><div><span><a data-event=""click"" data-for=""cashTag"" data-tip=""RGSE"" href=""/symbol/RGSE"" id=""RGSE-150565690-872"">$RGSE</a></span> definitely likes the .51-.52 range</div></div>"
GorillaGlue2020,True,2019-01-14 12:25:00,0.5216,"<div class=""MessageStreamView__body___2giLh""><div><span><a data-event=""click"" data-for=""cashTag"" data-tip=""RGSE"" href=""/symbol/RGSE"" id=""RGSE-150564785-875"">$RGSE</a></span> volume is sad this morning</div></div>"
Dvweebs,True,2019-01-14 12:24:00,0.5218,"<div class=""MessageStreamView__body___2giLh""><div><span><a data-event=""click"" data-for=""cashTag"" data-tip=""RGSE"" href=""/symbol/RGSE"" id=""RGSE-150564717-878"">$RGSE</a></span> I try not to pretend that I know much of anything about stock trading but isn't what is forming referred to as a bullish flag?</div></div>"
r3drum187,True,2019-01-14 12:13:00,0.5218,"<div class=""MessageStreamView__body___2giLh""><div><span><a data-event=""click"" data-for=""cashTag"" data-tip=""RGSE"" href=""/symbol/RGSE"" id=""RGSE-150562877-881"">$RGSE</a></span> let go to a $1!</div></div>"
cspy24,True,2019-01-14 11:54:00,0.522,"<div class=""MessageStreamView__body___2giLh""><div><span><a data-event=""click"" data-for=""cashTag"" data-tip=""RGSE"" href=""/symbol/RGSE"" id=""RGSE-150560326-884"">$RGSE</a></span> not done diluting? noticed there are 3m more shares outstanding and float went up 1m from last week.</div></div>"
xxxGAINZxxx,True,2019-01-14 11:48:00,0.5212,"<div class=""MessageStreamView__body___2giLh""><div><span><a data-event=""click"" data-for=""cashTag"" data-tip=""RGSE"" href=""/symbol/RGSE"" id=""RGSE-150559427-901"">$RGSE</a></span> lvl2 anyone?</div></div>"
Maxidav,True,2019-01-14 11:44:00,0.52,"<div class=""MessageStreamView__body___2giLh""><div><span><a data-event=""click"" data-for=""cashTag"" data-tip=""RGSE"" href=""/symbol/RGSE"" id=""RGSE-150558738-904"">$RGSE</a></span> patience, the money is at the end of the road ...</div></div>"
AmateurProfessor,True,2019-01-14 11:36:00,0.5218,"<div class=""MessageStreamView__body___2giLh""><div><span><a data-event=""click"" data-for=""cashTag"" data-tip=""RGSE"" href=""/symbol/RGSE"" id=""RGSE-150557529-907"">$RGSE</a></span> man, conversion news or sales news and this thing skyrockets! can't wait!</div></div>"
DonnyBrasco,True,2019-01-14 11:22:00,0.5196,"<div class=""MessageStreamView__body___2giLh""><div><span><a data-event=""click"" data-for=""cashTag"" data-tip=""MNGA"" href=""/symbol/MNGA"" id=""MNGA-150555343-910"">$MNGA</a></span> <span><a data-event=""click"" data-for=""cashTag"" data-tip=""IDXG"" href=""/symbol/IDXG"" id=""IDXG-150555343-911"">$IDXG</a></span> <span><a data-event=""click"" data-for=""cashTag"" data-tip=""RGSE"" href=""/symbol/RGSE"" id=""RGSE-150555343-912"">$RGSE</a></span> If it was this easy to make money in the market, everybody would be doing it. Know what you own and be PAYtient 💰💴</div></div>"
hikingthehills,True,2019-01-14 11:20:00,0.5183,"<div class=""MessageStreamView__body___2giLh""><div><span><a data-event=""click"" data-for=""cashTag"" data-tip=""ACB"" href=""/symbol/ACB"" id=""ACB-150555027-915"">$ACB</a></span> <span><a data-event=""click"" data-for=""cashTag"" data-tip=""RGSE"" href=""/symbol/RGSE"" id=""RGSE-150555027-916"">$RGSE</a></span> stepping back up and getting ready for the run!</div></div>"
Rodzilla01,True,2019-01-14 11:12:00,0.519,"<div class=""MessageStreamView__body___2giLh""><div><span><a data-event=""click"" data-for=""cashTag"" data-tip=""RGSE"" href=""/symbol/RGSE"" id=""RGSE-150553766-919"">$RGSE</a></span> Ticking time bomb.... when we least expect it, BOOM. Meeting time y'all. Have the best of days. ✌😎🤙
Extremely,</div></div>"
surfersean20,True,2019-01-14 11:09:00,0.5198,"<div class=""MessageStreamView__body___2giLh""><div><span><a data-event=""click"" data-for=""cashTag"" data-tip=""RGSE"" href=""/symbol/RGSE"" id=""RGSE-150553225-922"">$RGSE</a></span> like the movement</div></div>"
Itstimetotakeit,False,2019-01-14 11:04:00,0.5234,"<div class=""MessageStreamView__body___2giLh""><div><span><a data-event=""click"" data-for=""cashTag"" data-tip=""RGSE"" href=""/symbol/RGSE"" id=""RGSE-150552564-928"">$RGSE</a></span> so many excuses. 1. News 2. Sales 3. Lacy 4. Solar flares 5. R/s 6. Earthquake in China. Lol this hits .49</div></div>"
r3drum187,True,2019-01-14 10:54:00,0.5241,"<div class=""MessageStreamView__body___2giLh""><div><span><a data-event=""click"" data-for=""cashTag"" data-tip=""RGSE"" href=""/symbol/RGSE"" id=""RGSE-150550899-931"">$RGSE</a></span> added more this morning on the dip. Ready for launch.</div></div>"
jayjohnson96,True,2019-01-14 10:47:00,0.5171,"<div class=""MessageStreamView__body___2giLh""><div><span><a data-event=""click"" data-for=""cashTag"" data-tip=""RGSE"" href=""/symbol/RGSE"" id=""RGSE-150549718-934"">$RGSE</a></span> me too this is definitely a comfy spot to be in before news, I ain't chasing shit 😎</div></div>"
Bronco_95,True,2019-01-14 10:47:00,0.5171,"<div class=""MessageStreamView__body___2giLh""><div><span><a data-event=""click"" data-for=""cashTag"" data-tip=""RGSE"" href=""/symbol/RGSE"" id=""RGSE-150549631-937"">$RGSE</a></span> Looks good to me. I’ll comfortably hold. 👍🏼</div></div>"
Dvweebs,True,2019-01-14 10:41:00,0.5162,"<div class=""MessageStreamView__body___2giLh""><div><span><a data-event=""click"" data-for=""cashTag"" data-tip=""RGSE"" href=""/symbol/RGSE"" id=""RGSE-150548669-943"">$RGSE</a></span> slow day.  Wont be checking much today.  Waiting for news.  Love you guys !</div></div>"
Tyler3600,True,2019-01-14 10:33:00,0.5161,"<div class=""MessageStreamView__body___2giLh""><div><span><a data-event=""click"" data-for=""cashTag"" data-tip=""RGSE"" href=""/symbol/RGSE"" id=""RGSE-150547315-949"">$RGSE</a></span> this is the pivot point of the impatient to the patient. If you are frustrating. Put your money In a savings account for 2.5%</div></div>"
xxxGAINZxxx,True,2019-01-14 10:20:00,0.5193,"<div class=""MessageStreamView__body___2giLh""><div><span><a data-event=""click"" data-for=""cashTag"" data-tip=""RGSE"" href=""/symbol/RGSE"" id=""RGSE-150545385-952"">$RGSE</a></span> really needs some news. volume lower and lower.</div></div>"
trades011235813,True,2019-01-14 10:13:00,0.5151,"<div class=""MessageStreamView__body___2giLh""><div><span><a data-event=""click"" data-for=""cashTag"" data-tip=""UGAZ"" href=""/symbol/UGAZ"" id=""UGAZ-150544144-958"">$UGAZ</a></span> just keeps moving higher and high <span><a data-event=""click"" data-for=""cashTag"" data-tip=""YGYI"" href=""/symbol/YGYI"" id=""YGYI-150544144-959"">$YGYI</a></span> <span><a data-event=""click"" data-for=""cashTag"" data-tip=""RGSE"" href=""/symbol/RGSE"" id=""RGSE-150544144-960"">$RGSE</a></span> <span><a data-event=""click"" data-for=""cashTag"" data-tip=""TLRY"" href=""/symbol/TLRY"" id=""TLRY-150544144-961"">$TLRY</a></span> <span><a data-event=""click"" data-for=""cashTag"" data-tip=""ACB"" href=""/symbol/ACB"" id=""ACB-150544144-962"">$ACB</a></span> moneyyy</div></div>"
GregRoberts2,True,2019-01-14 09:49:00,0.5198,"<div class=""MessageStreamView__body___2giLh""><div><span><a data-event=""click"" data-for=""cashTag"" data-tip=""RGSE"" href=""/symbol/RGSE"" id=""RGSE-150539833-971"">$RGSE</a></span> currently cheating too unfortunately on RGSE, I’ll be back later today or tomorrow after my merger play</div></div>"
xxxGAINZxxx,True,2019-01-14 09:48:00,0.5205,"<div class=""MessageStreamView__body___2giLh""><div><span><a data-event=""click"" data-for=""cashTag"" data-tip=""RGSE"" href=""/symbol/RGSE"" id=""RGSE-150539526-974"">$RGSE</a></span> the off chance this touches .50, I know we have a ton of support and people waiting for entry. 40's are a thing of the past</div></div>"
ToEasyToCare,False,2019-01-14 09:45:00,0.518,"<div class=""MessageStreamView__body___2giLh""><div><span><a data-event=""click"" data-for=""cashTag"" data-tip=""RGSE"" href=""/symbol/RGSE"" id=""RGSE-150539014-977"">$RGSE</a></span> .525 of you don't get back over it then hello .40's</div></div>"
surfersean20,True,2019-01-14 09:43:00,0.5161,"<div class=""MessageStreamView__body___2giLh""><div><span><a data-event=""click"" data-for=""cashTag"" data-tip=""RGSE"" href=""/symbol/RGSE"" id=""RGSE-150538706-983"">$RGSE</a></span> lessssgoooo</div></div>"
FXOutofcontrol,True,2019-01-14 09:40:00,0.5162,"<div class=""MessageStreamView__body___2giLh""><div><span><a data-event=""click"" data-for=""cashTag"" data-tip=""RGSE"" href=""/symbol/RGSE"" id=""RGSE-150538302-986"">$RGSE</a></span> </div></div>"
r3drum187,True,2019-01-14 09:40:00,0.5162,"<div class=""MessageStreamView__body___2giLh""><div><span><a data-event=""click"" data-for=""cashTag"" data-tip=""RGSE"" href=""/symbol/RGSE"" id=""RGSE-150538234-989"">$RGSE</a></span> I’m so ready for a sign. Please just close the gap.</div></div>"
bodacious_bungamcfukalif,True,2019-01-14 09:39:00,0.5181,"<div class=""MessageStreamView__body___2giLh""><div><span><a data-event=""click"" data-for=""cashTag"" data-tip=""RGSE"" href=""/symbol/RGSE"" id=""RGSE-150538079-992"">$RGSE</a></span> home from work today, hoping to see some action in the market.</div></div>"
