caffy,False,2019-01-14 15:49:00,8.426,"<div class=""MessageStreamView__body___2giLh""><div><span><a data-event=""click"" data-for=""cashTag"" data-tip=""RIG"" href=""/symbol/RIG"" id=""RIG-150595682-59"">$RIG</a></span> as this rolls over towards a re-test of 6.66 and continuation lower, the despair is becoming very apparent</div></div>"
GordonGekko888,False,2019-01-14 14:15:00,8.49,"<div class=""MessageStreamView__body___2giLh""><div><span><a data-event=""click"" data-for=""cashTag"" data-tip=""USO"" href=""/symbol/USO"" id=""USO-150580836-67"">$USO</a></span> <span><a data-event=""click"" data-for=""cashTag"" data-tip=""UWT"" href=""/symbol/UWT"" id=""UWT-150580836-68"">$UWT</a></span> <span><a data-event=""click"" data-for=""cashTag"" data-tip=""XLE"" href=""/symbol/XLE"" id=""XLE-150580836-69"">$XLE</a></span> <span><a data-event=""click"" data-for=""cashTag"" data-tip=""DWT"" href=""/symbol/DWT"" id=""DWT-150580836-70"">$DWT</a></span> <span><a data-event=""click"" data-for=""cashTag"" data-tip=""CRC"" href=""/symbol/CRC"" id=""CRC-150580836-71"">$CRC</a></span> <span><a data-event=""click"" data-for=""cashTag"" data-tip=""RIG"" href=""/symbol/RIG"" id=""RIG-150580836-72"">$RIG</a></span> <span><a data-event=""click"" data-for=""cashTag"" data-tip=""OAS"" href=""/symbol/OAS"" id=""OAS-150580836-73"">$OAS</a></span> You dinks better hope 50 holds but I doubt it will. Look to retest 48-47 and if that cant hold 44</div></div>"
GeauxFish,True,2019-01-14 12:22:00,8.524,"<div class=""MessageStreamView__body___2giLh""><div><span><a data-event=""click"" data-for=""cashTag"" data-tip=""CEI"" href=""/symbol/CEI"" id=""CEI-150564351-76"">$CEI</a></span> <span><a data-event=""click"" data-for=""cashTag"" data-tip=""WFT"" href=""/symbol/WFT"" id=""WFT-150564351-77"">$WFT</a></span> <span><a data-event=""click"" data-for=""cashTag"" data-tip=""OAS"" href=""/symbol/OAS"" id=""OAS-150564351-78"">$OAS</a></span> <span><a data-event=""click"" data-for=""cashTag"" data-tip=""CHK"" href=""/symbol/CHK"" id=""CHK-150564351-79"">$CHK</a></span> <span><a data-event=""click"" data-for=""cashTag"" data-tip=""LPI"" href=""/symbol/LPI"" id=""LPI-150564351-80"">$LPI</a></span> <span><a data-event=""click"" data-for=""cashTag"" data-tip=""WTI"" href=""/symbol/WTI"" id=""WTI-150564351-81"">$WTI</a></span> <span><a data-event=""click"" data-for=""cashTag"" data-tip=""RIG"" href=""/symbol/RIG"" id=""RIG-150564351-82"">$RIG</a></span> <span><a data-event=""click"" data-for=""cashTag"" data-tip=""BAS"" href=""/symbol/BAS"" id=""BAS-150564351-83"">$BAS</a></span> <span><a data-event=""click"" data-for=""cashTag"" data-tip=""CRK"" href=""/symbol/CRK"" id=""CRK-150564351-84"">$CRK</a></span> oil and gas looks like a bear trap setting to dump on bears on a gap run &amp; then take her dn</div></div>"
goranv,True,2019-01-14 11:49:00,8.495,"<div class=""MessageStreamView__body___2giLh""><div><span><a data-event=""click"" data-for=""cashTag"" data-tip=""USO"" href=""/symbol/USO"" id=""USO-150559592-97"">$USO</a></span> <span><a data-event=""click"" data-for=""cashTag"" data-tip=""RIG"" href=""/symbol/RIG"" id=""RIG-150559592-98"">$RIG</a></span> 30%+ imports y/y but oil down on idea China slowing. remarkable how much perception beats fundamentals <a data-event=""click"" href=""https://oilprice.com/Latest-Energy-News/World-News/China-Oil-Imports-Up-30-In-December-Gas-Imports-Hit-Record.html"" rel=""noopener nofollow"" target=""_blank"">oilprice.com/Latest-Energy-...</a></div></div>"
stvcrtr,True,2019-01-14 10:40:00,8.52,"<div class=""MessageStreamView__body___2giLh""><div><span><a data-event=""click"" data-for=""cashTag"" data-tip=""RIG"" href=""/symbol/RIG"" id=""RIG-150548569-104"">$RIG</a></span> breakout to 14+ Coming now</div></div>"
