Islepilot,True,2019-01-14 15:51:00,0.7199,"<div class=""MessageStreamView__body___2giLh""><div><span><a data-event=""click"" data-for=""cashTag"" data-tip=""RVP"" href=""/symbol/RVP"" id=""RVP-150596114-53"">$RVP</a></span> trading halted?</div></div>"
Billy1129,True,2019-01-14 14:54:00,0.7099,"<div class=""MessageStreamView__body___2giLh""><div><span><a data-event=""click"" data-for=""cashTag"" data-tip=""RWLK"" href=""/symbol/RWLK"" id=""RWLK-150586532-56"">$RWLK</a></span> <span><a data-event=""click"" data-for=""cashTag"" data-tip=""ADPN"" href=""/symbol/ADPN"" id=""ADPN-150586532-57"">$ADPN</a></span> starting Caled it @ .41 now .45 wiil hit $1.21+ soon. <span><a data-event=""click"" data-for=""cashTag"" data-tip=""RVP"" href=""/symbol/RVP"" id=""RVP-150586532-58"">$RVP</a></span> Called it @.58 .70 now will go to $2-$4 imo <span><a data-event=""click"" data-for=""cashTag"" data-tip=""STUDY"" href=""/symbol/STUDY"" id=""STUDY-150586532-59"">$STUDY</a></span></div></div>"
Billy1129,True,2019-01-14 14:48:00,0.7099,"<div class=""MessageStreamView__body___2giLh""><div><span><a data-event=""click"" data-for=""cashTag"" data-tip=""RVP"" href=""/symbol/RVP"" id=""RVP-150585654-62"">$RVP</a></span> loaded. Ready. aint missing this Big move up.</div></div>"
2damdope,True,2019-01-14 12:51:00,0.718,"<div class=""MessageStreamView__body___2giLh""><div><span><a data-event=""click"" data-for=""cashTag"" data-tip=""RVP"" href=""/symbol/RVP"" id=""RVP-150568371-74"">$RVP</a></span></div></div>"
CuckooChris,True,2019-01-14 12:51:00,0.718,"<div class=""MessageStreamView__body___2giLh""><div><span><a data-event=""click"" data-for=""cashTag"" data-tip=""RVP"" href=""/symbol/RVP"" id=""RVP-150568281-77"">$RVP</a></span> </div></div>"
