BearNicholas,True,2019-01-14 15:55:00,0.2222,"<div class=""MessageStreamView__body___2giLh""><div><span><a data-event=""click"" data-for=""cashTag"" data-tip=""RWLK"" href=""/symbol/RWLK"" id=""RWLK-150596895-607"">$RWLK</a></span> gonna keep adding every time it touches 22 bulls will take this on 26c break to 40 on news Patience Load up!</div></div>"
lhollemoney1,True,2019-01-14 15:47:00,0.2263,"<div class=""MessageStreamView__body___2giLh""><div><span><a data-event=""click"" data-for=""cashTag"" data-tip=""RWLK"" href=""/symbol/RWLK"" id=""RWLK-150595391-610"">$RWLK</a></span></div></div>"
lukeam,True,2019-01-14 15:41:00,0.2286,"<div class=""MessageStreamView__body___2giLh""><div><span><a data-event=""click"" data-for=""cashTag"" data-tip=""RWLK"" href=""/symbol/RWLK"" id=""RWLK-150594392-613"">$RWLK</a></span> Guys.. Robinhood’s volume is almost NEVER correct. Multiply whatever they tell you by 2, &amp; that’s a little closer. 14mil volume today!</div></div>"
tonyjetski,True,2019-01-14 15:38:00,0.2275,"<div class=""MessageStreamView__body___2giLh""><div><span><a data-event=""click"" data-for=""cashTag"" data-tip=""RWLK"" href=""/symbol/RWLK"" id=""RWLK-150593917-619"">$RWLK</a></span> 6m volume giddy up</div></div>"
stockcloud,True,2019-01-14 15:29:00,0.225,"<div class=""MessageStreamView__body___2giLh""><div><span><a data-event=""click"" data-for=""cashTag"" data-tip=""RWLK"" href=""/symbol/RWLK"" id=""RWLK-150592444-628"">$RWLK</a></span> <span><a data-event=""click"" data-for=""cashTag"" data-tip=""FCEL"" href=""/symbol/FCEL"" id=""FCEL-150592444-629"">$FCEL</a></span> <span><a data-event=""click"" data-for=""cashTag"" data-tip=""SN"" href=""/symbol/SN"" id=""SN-150592444-630"">$SN</a></span> <span><a data-event=""click"" data-for=""cashTag"" data-tip=""HTBX"" href=""/symbol/HTBX"" id=""HTBX-150592444-631"">$HTBX</a></span> <span><a data-event=""click"" data-for=""cashTag"" data-tip=""CODX"" href=""/symbol/CODX"" id=""CODX-150592444-632"">$CODX</a></span> <span><a data-event=""click"" data-for=""cashTag"" data-tip=""CPST"" href=""/symbol/CPST"" id=""CPST-150592444-633"">$CPST</a></span> <span><a data-event=""click"" data-for=""cashTag"" data-tip=""OMED"" href=""/symbol/OMED"" id=""OMED-150592444-634"">$OMED</a></span> <span><a data-event=""click"" data-for=""cashTag"" data-tip=""MHLD"" href=""/symbol/MHLD"" id=""MHLD-150592444-635"">$MHLD</a></span> <span><a data-event=""click"" data-for=""cashTag"" data-tip=""SESN"" href=""/symbol/SESN"" id=""SESN-150592444-636"">$SESN</a></span> <span><a data-event=""click"" data-for=""cashTag"" data-tip=""ACHV"" href=""/symbol/ACHV"" id=""ACHV-150592444-637"">$ACHV</a></span> <span><a data-event=""click"" data-for=""cashTag"" data-tip=""VGZ"" href=""/symbol/VGZ"" id=""VGZ-150592444-638"">$VGZ</a></span> <span><a data-event=""click"" data-for=""cashTag"" data-tip=""RTTR"" href=""/symbol/RTTR"" id=""RTTR-150592444-639"">$RTTR</a></span> <span><a data-event=""click"" data-for=""cashTag"" data-tip=""APDN"" href=""/symbol/APDN"" id=""APDN-150592444-640"">$APDN</a></span>  - RSI Move -  Watch.
$</div></div>"
lukeam,True,2019-01-14 15:28:00,0.225,"<div class=""MessageStreamView__body___2giLh""><div><span><a data-event=""click"" data-for=""cashTag"" data-tip=""RWLK"" href=""/symbol/RWLK"" id=""RWLK-150592149-643"">$RWLK</a></span> Unfortunately, there’s some huge Asks. Might be done for the day but at the very least, it was a great trade if you caught the bottom!</div></div>"
jediferni5,True,2019-01-14 15:18:00,0.2272,"<div class=""MessageStreamView__body___2giLh""><div><span><a data-event=""click"" data-for=""cashTag"" data-tip=""RWLK"" href=""/symbol/RWLK"" id=""RWLK-150590510-649"">$RWLK</a></span> EOD run gonna happen!!!</div></div>"
bullrider_return,True,2019-01-14 15:16:00,0.2242,"<div class=""MessageStreamView__body___2giLh""><div><span><a data-event=""click"" data-for=""cashTag"" data-tip=""ABIL"" href=""/symbol/ABIL"" id=""ABIL-150590208-652"">$ABIL</a></span> I hope u guys made out good today with <span><a data-event=""click"" data-for=""cashTag"" data-tip=""ABIL"" href=""/symbol/ABIL"" id=""ABIL-150590208-653"">$ABIL</a></span> and <span><a data-event=""click"" data-for=""cashTag"" data-tip=""MBOT"" href=""/symbol/MBOT"" id=""MBOT-150590208-654"">$MBOT</a></span>, and holding <span><a data-event=""click"" data-for=""cashTag"" data-tip=""RWLK"" href=""/symbol/RWLK"" id=""RWLK-150590208-655"">$RWLK</a></span></div></div>"
lukeam,True,2019-01-14 15:05:00,0.2239,"<div class=""MessageStreamView__body___2giLh""><div><span><a data-event=""click"" data-for=""cashTag"" data-tip=""RWLK"" href=""/symbol/RWLK"" id=""RWLK-150588384-674"">$RWLK</a></span> I think todays bounce saved us from continued downside risk. Let it be known—now it can touch .21 &amp; still maintain current trend line.</div></div>"
jackson18,True,2019-01-14 15:00:00,0.2221,"<div class=""MessageStreamView__body___2giLh""><div><span><a data-event=""click"" data-for=""cashTag"" data-tip=""RWLK"" href=""/symbol/RWLK"" id=""RWLK-150587582-680"">$RWLK</a></span> wrong way</div></div>"
sisacsson,True,2019-01-14 14:56:00,0.2311,"<div class=""MessageStreamView__body___2giLh""><div><span><a data-event=""click"" data-for=""cashTag"" data-tip=""RWLK"" href=""/symbol/RWLK"" id=""RWLK-150586907-683"">$RWLK</a></span> lets go red to green move in power hour</div></div>"
Billy1129,True,2019-01-14 14:54:00,0.2347,"<div class=""MessageStreamView__body___2giLh""><div><span><a data-event=""click"" data-for=""cashTag"" data-tip=""RWLK"" href=""/symbol/RWLK"" id=""RWLK-150586532-686"">$RWLK</a></span> <span><a data-event=""click"" data-for=""cashTag"" data-tip=""ADPN"" href=""/symbol/ADPN"" id=""ADPN-150586532-687"">$ADPN</a></span> starting Caled it @ .41 now .45 wiil hit $1.21+ soon. <span><a data-event=""click"" data-for=""cashTag"" data-tip=""RVP"" href=""/symbol/RVP"" id=""RVP-150586532-688"">$RVP</a></span> Called it @.58 .70 now will go to $2-$4 imo <span><a data-event=""click"" data-for=""cashTag"" data-tip=""STUDY"" href=""/symbol/STUDY"" id=""STUDY-150586532-689"">$STUDY</a></span></div></div>"
FREEDISCORDINBIO,True,2019-01-14 14:50:00,0.2331,"<div class=""MessageStreamView__body___2giLh""><div><span><a data-event=""click"" data-for=""cashTag"" data-tip=""RWLK"" href=""/symbol/RWLK"" id=""RWLK-150585967-692"">$RWLK</a></span> - Chart - heres the cup and handle we were calling for Friday - starting to play out</div></div>"
jediferni5,True,2019-01-14 14:48:00,0.2314,"<div class=""MessageStreamView__body___2giLh""><div><span><a data-event=""click"" data-for=""cashTag"" data-tip=""RWLK"" href=""/symbol/RWLK"" id=""RWLK-150585689-695"">$RWLK</a></span> get ready for power hour!!!!</div></div>"
triniDaCop,False,2019-01-14 14:47:00,0.2321,"<div class=""MessageStreamView__body___2giLh""><div><span><a data-event=""click"" data-for=""cashTag"" data-tip=""RWLK"" href=""/symbol/RWLK"" id=""RWLK-150585547-698"">$RWLK</a></span> wouldn’t touch this with a 10 ft pole. IMO back to .20 EOW without substantial news.</div></div>"
lukeam,True,2019-01-14 14:45:00,0.2338,"<div class=""MessageStreamView__body___2giLh""><div><span><a data-event=""click"" data-for=""cashTag"" data-tip=""RWLK"" href=""/symbol/RWLK"" id=""RWLK-150585231-701"">$RWLK</a></span> Alerted this morning..  Potential 18% gains since the bottom.  It might even go green on the day!  BUY THE DIPS—it’s that simple!  😄</div></div>"
BlankIsFd,True,2019-01-14 14:38:00,0.2398,"<div class=""MessageStreamView__body___2giLh""><div><span><a data-event=""click"" data-for=""cashTag"" data-tip=""RWLK"" href=""/symbol/RWLK"" id=""RWLK-150584173-707"">$RWLK</a></span> I feel like something is up, but the question is when.  Any thoughts?</div></div>"
IronChris,True,2019-01-14 14:37:00,0.2399,"<div class=""MessageStreamView__body___2giLh""><div><span><a data-event=""click"" data-for=""cashTag"" data-tip=""RWLK"" href=""/symbol/RWLK"" id=""RWLK-150584073-713"">$RWLK</a></span> broke thru .24</div></div>"
williamcremer,True,2019-01-14 14:37:00,0.2399,"<div class=""MessageStreamView__body___2giLh""><div><span><a data-event=""click"" data-for=""cashTag"" data-tip=""RWLK"" href=""/symbol/RWLK"" id=""RWLK-150584071-716"">$RWLK</a></span> Green a comin’</div></div>"
mahkum,True,2019-01-14 14:34:00,0.2383,"<div class=""MessageStreamView__body___2giLh""><div><span><a data-event=""click"" data-for=""cashTag"" data-tip=""RWLK"" href=""/symbol/RWLK"" id=""RWLK-150583624-719"">$RWLK</a></span> Excpecting .25 on close, chart is looking very strong, nice volume building up. Squeezeeeee!</div></div>"
VoxTrader,True,2019-01-14 14:34:00,0.2383,"<div class=""MessageStreamView__body___2giLh""><div><span><a data-event=""click"" data-for=""cashTag"" data-tip=""RWLK"" href=""/symbol/RWLK"" id=""RWLK-150583594-722"">$RWLK</a></span> news coming?</div></div>"
ERockTrades,True,2019-01-14 14:30:00,0.236,"<div class=""MessageStreamView__body___2giLh""><div><span><a data-event=""click"" data-for=""cashTag"" data-tip=""RWLK"" href=""/symbol/RWLK"" id=""RWLK-150583001-728"">$RWLK</a></span> unreal</div></div>"
Jokersrealname,True,2019-01-14 14:14:00,0.2332,"<div class=""MessageStreamView__body___2giLh""><div><span><a data-event=""click"" data-for=""cashTag"" data-tip=""RWLK"" href=""/symbol/RWLK"" id=""RWLK-150580742-749"">$RWLK</a></span> Possible they dropped this news first so price would go down so they could load up for good news release this week? Fingers crossed :)</div></div>"
OMRTrader,True,2019-01-14 14:11:00,0.2317,"<div class=""MessageStreamView__body___2giLh""><div><span><a data-event=""click"" data-for=""cashTag"" data-tip=""RWLK"" href=""/symbol/RWLK"" id=""RWLK-150580291-752"">$RWLK</a></span> 🚀🚀🚀🚀🚀🚀🚀🚀🚀</div></div>"
Jainix,True,2019-01-14 14:08:00,0.232,"<div class=""MessageStreamView__body___2giLh""><div><span><a data-event=""click"" data-for=""cashTag"" data-tip=""RWLK"" href=""/symbol/RWLK"" id=""RWLK-150579860-755"">$RWLK</a></span> <span><a data-event=""click"" data-for=""cashTag"" data-tip=""IPCI"" href=""/symbol/IPCI"" id=""IPCI-150579860-756"">$IPCI</a></span> Wanting tto take off</div></div>"
doepfer_xxl,True,2019-01-14 14:05:00,0.2323,"<div class=""MessageStreamView__body___2giLh""><div><span><a data-event=""click"" data-for=""cashTag"" data-tip=""RWLK"" href=""/symbol/RWLK"" id=""RWLK-150579284-759"">$RWLK</a></span> woo going back up, thank the stock gods</div></div>"
Reneejordan001,True,2019-01-14 14:01:00,0.2315,"<div class=""MessageStreamView__body___2giLh""><div><span><a data-event=""click"" data-for=""cashTag"" data-tip=""RWLK"" href=""/symbol/RWLK"" id=""RWLK-150578641-762"">$RWLK</a></span> Are we going green or what???</div></div>"
Lennn84,True,2019-01-14 14:00:00,0.2301,"<div class=""MessageStreamView__body___2giLh""><div><span><a data-event=""click"" data-for=""cashTag"" data-tip=""RWLK"" href=""/symbol/RWLK"" id=""RWLK-150578588-765"">$RWLK</a></span> Over 12 MIO volume, 2 hours left on the clock and back at last weeks .23 support level. Interesting day</div></div>"
lordus,True,2019-01-14 13:55:00,0.2346,"<div class=""MessageStreamView__body___2giLh""><div><span><a data-event=""click"" data-for=""cashTag"" data-tip=""RWLK"" href=""/symbol/RWLK"" id=""RWLK-150577797-768"">$RWLK</a></span> </div></div>"
CharlieTheHomeless,True,2019-01-14 13:54:00,0.2348,"<div class=""MessageStreamView__body___2giLh""><div><span><a data-event=""click"" data-for=""cashTag"" data-tip=""RWLK"" href=""/symbol/RWLK"" id=""RWLK-150577578-771"">$RWLK</a></span> .2348 walls are finished. We go up</div></div>"
bullrider_return,True,2019-01-14 13:51:00,0.2308,"<div class=""MessageStreamView__body___2giLh""><div><span><a data-event=""click"" data-for=""cashTag"" data-tip=""MBOT"" href=""/symbol/MBOT"" id=""MBOT-150577133-774"">$MBOT</a></span> come on rub some of that love off onto <span><a data-event=""click"" data-for=""cashTag"" data-tip=""RWLK"" href=""/symbol/RWLK"" id=""RWLK-150577133-775"">$RWLK</a></span> it is a med robotics device that help soldiers, automobile accident patients walk again</div></div>"
rab1288,True,2019-01-14 13:45:00,0.2343,"<div class=""MessageStreamView__body___2giLh""><div><span><a data-event=""click"" data-for=""cashTag"" data-tip=""RWLK"" href=""/symbol/RWLK"" id=""RWLK-150576182-789"">$RWLK</a></span> come on big boy</div></div>"
bullrider_return,True,2019-01-14 13:40:00,0.2339,"<div class=""MessageStreamView__body___2giLh""><div><span><a data-event=""click"" data-for=""cashTag"" data-tip=""MBOT"" href=""/symbol/MBOT"" id=""MBOT-150575498-792"">$MBOT</a></span> Guys I'am doing a Timon and Puma, I'am crying my eyes out bc I sold too,too soon @ $5.70, the sp is now over $9 holding <span><a data-event=""click"" data-for=""cashTag"" data-tip=""RWLK"" href=""/symbol/RWLK"" id=""RWLK-150575498-793"">$RWLK</a></span> robotics</div></div>"
williamcremer,True,2019-01-14 13:40:00,0.2339,"<div class=""MessageStreamView__body___2giLh""><div><span><a data-event=""click"" data-for=""cashTag"" data-tip=""RWLK"" href=""/symbol/RWLK"" id=""RWLK-150575491-796"">$RWLK</a></span> Look at <span><a data-event=""click"" data-for=""cashTag"" data-tip=""MBOT"" href=""/symbol/MBOT"" id=""MBOT-150575491-797"">$MBOT</a></span>, we have that kind of potential here in my opinion.</div></div>"
ClimbthisD,True,2019-01-14 13:36:00,0.2346,"<div class=""MessageStreamView__body___2giLh""><div><span><a data-event=""click"" data-for=""cashTag"" data-tip=""RWLK"" href=""/symbol/RWLK"" id=""RWLK-150574808-800"">$RWLK</a></span> gaps filled.</div></div>"
Iggiewiggie,True,2019-01-14 13:36:00,0.2346,"<div class=""MessageStreamView__body___2giLh""><div><span><a data-event=""click"" data-for=""cashTag"" data-tip=""RWLK"" href=""/symbol/RWLK"" id=""RWLK-150574767-803"">$RWLK</a></span> nice lil rebound.</div></div>"
mahkum,True,2019-01-14 13:34:00,0.23,"<div class=""MessageStreamView__body___2giLh""><div><span><a data-event=""click"" data-for=""cashTag"" data-tip=""RWLK"" href=""/symbol/RWLK"" id=""RWLK-150574462-806"">$RWLK</a></span> Corp insiders been buying on the dip, have so much potential upside. Chart is only getting stronger with the new volume</div></div>"
Chanman1,True,2019-01-14 13:33:00,0.2307,"<div class=""MessageStreamView__body___2giLh""><div><span><a data-event=""click"" data-for=""cashTag"" data-tip=""RWLK"" href=""/symbol/RWLK"" id=""RWLK-150574346-809"">$RWLK</a></span> ask</div></div>"
phatmatt511,True,2019-01-14 13:31:00,0.2336,"<div class=""MessageStreamView__body___2giLh""><div><span><a data-event=""click"" data-for=""cashTag"" data-tip=""RWLK"" href=""/symbol/RWLK"" id=""RWLK-150574023-815"">$RWLK</a></span></div></div>"
williamcremer,True,2019-01-14 13:31:00,0.2336,"<div class=""MessageStreamView__body___2giLh""><div><span><a data-event=""click"" data-for=""cashTag"" data-tip=""RWLK"" href=""/symbol/RWLK"" id=""RWLK-150574019-818"">$RWLK</a></span> I can't wait for insurance news to drop, this thing is a sleeping giant.</div></div>"
ClimbthisD,True,2019-01-14 13:31:00,0.2336,"<div class=""MessageStreamView__body___2giLh""><div><span><a data-event=""click"" data-for=""cashTag"" data-tip=""RWLK"" href=""/symbol/RWLK"" id=""RWLK-150573987-821"">$RWLK</a></span> 💪🍻</div></div>"
CharlieTheHomeless,True,2019-01-14 13:30:00,0.2343,"<div class=""MessageStreamView__body___2giLh""><div><span><a data-event=""click"" data-for=""cashTag"" data-tip=""RWLK"" href=""/symbol/RWLK"" id=""RWLK-150573956-824"">$RWLK</a></span> it's here. Green incoming. Watch for volume spike.</div></div>"
sisacsson,True,2019-01-14 13:28:00,0.2334,"<div class=""MessageStreamView__body___2giLh""><div><span><a data-event=""click"" data-for=""cashTag"" data-tip=""RWLK"" href=""/symbol/RWLK"" id=""RWLK-150573544-830"">$RWLK</a></span> wow bids stacking up at 0.23 now loving this action</div></div>"
Tornado34,True,2019-01-14 13:27:00,0.2309,"<div class=""MessageStreamView__body___2giLh""><div><span><a data-event=""click"" data-for=""cashTag"" data-tip=""RWLK"" href=""/symbol/RWLK"" id=""RWLK-150573532-833"">$RWLK</a></span> ASK you....Who is buying? Small Shareholders? :-).-).-) Ha ha ha...This is manipulated and planned. 
 
My thoughts.</div></div>"
alonzo11,True,2019-01-14 13:25:00,0.2319,"<div class=""MessageStreamView__body___2giLh""><div><span><a data-event=""click"" data-for=""cashTag"" data-tip=""RWLK"" href=""/symbol/RWLK"" id=""RWLK-150573141-836"">$RWLK</a></span> 😜😜😜😜</div></div>"
CharlieTheHomeless,True,2019-01-14 13:25:00,0.2319,"<div class=""MessageStreamView__body___2giLh""><div><span><a data-event=""click"" data-for=""cashTag"" data-tip=""RWLK"" href=""/symbol/RWLK"" id=""RWLK-150573134-839"">$RWLK</a></span> and there it goes...</div></div>"
Tornado34,True,2019-01-14 13:24:00,0.23,"<div class=""MessageStreamView__body___2giLh""><div><span><a data-event=""click"" data-for=""cashTag"" data-tip=""RWLK"" href=""/symbol/RWLK"" id=""RWLK-150573109-842"">$RWLK</a></span> STRONG BULLISH</div></div>"
jediferni5,True,2019-01-14 13:24:00,0.23,"<div class=""MessageStreamView__body___2giLh""><div><span><a data-event=""click"" data-for=""cashTag"" data-tip=""RWLK"" href=""/symbol/RWLK"" id=""RWLK-150573092-845"">$RWLK</a></span> .23 wall is down!</div></div>"
LLYW,True,2019-01-14 13:24:00,0.23,"<div class=""MessageStreamView__body___2giLh""><div><span><a data-event=""click"" data-for=""cashTag"" data-tip=""RWLK"" href=""/symbol/RWLK"" id=""RWLK-150573078-848"">$RWLK</a></span> might break out today w this volume 💥</div></div>"
N_A,True,2019-01-14 13:23:00,0.23,"<div class=""MessageStreamView__body___2giLh""><div><span><a data-event=""click"" data-for=""cashTag"" data-tip=""RWLK"" href=""/symbol/RWLK"" id=""RWLK-150572867-860"">$RWLK</a></span> got back in with house money at .2069. I’m loving this stock lol</div></div>"
LLYW,True,2019-01-14 13:23:00,0.23,"<div class=""MessageStreamView__body___2giLh""><div><span><a data-event=""click"" data-for=""cashTag"" data-tip=""RWLK"" href=""/symbol/RWLK"" id=""RWLK-150572847-863"">$RWLK</a></span> volume got me back in at .22 will buy more if need be .  Something is up w this kind of buying action</div></div>"
CharlieTheHomeless,True,2019-01-14 13:18:00,0.228,"<div class=""MessageStreamView__body___2giLh""><div><span><a data-event=""click"" data-for=""cashTag"" data-tip=""RWLK"" href=""/symbol/RWLK"" id=""RWLK-150572190-866"">$RWLK</a></span> here it comes....</div></div>"
jediferni5,True,2019-01-14 13:17:00,0.2288,"<div class=""MessageStreamView__body___2giLh""><div><span><a data-event=""click"" data-for=""cashTag"" data-tip=""RWLK"" href=""/symbol/RWLK"" id=""RWLK-150572096-869"">$RWLK</a></span> that .23 wall is slowly coming down, we may have a run at the EOD.</div></div>"
AZona,True,2019-01-14 13:14:00,0.225,"<div class=""MessageStreamView__body___2giLh""><div><span><a data-event=""click"" data-for=""cashTag"" data-tip=""FNSR"" href=""/symbol/FNSR"" id=""FNSR-150571683-872"">$FNSR</a></span> long. Too strong to ignore💁🏻‍♀️🙏 

Holding: <span><a data-event=""click"" data-for=""cashTag"" data-tip=""RWLK"" href=""/symbol/RWLK"" id=""RWLK-150571683-873"">$RWLK</a></span> <span><a data-event=""click"" data-for=""cashTag"" data-tip=""RNN"" href=""/symbol/RNN"" id=""RNN-150571683-874"">$RNN</a></span> <span><a data-event=""click"" data-for=""cashTag"" data-tip=""TCON"" href=""/symbol/TCON"" id=""TCON-150571683-875"">$TCON</a></span> <span><a data-event=""click"" data-for=""cashTag"" data-tip=""BB"" href=""/symbol/BB"" id=""BB-150571683-876"">$BB</a></span> <span><a data-event=""click"" data-for=""cashTag"" data-tip=""SGMO"" href=""/symbol/SGMO"" id=""SGMO-150571683-877"">$SGMO</a></span></div></div>"
jediferni5,True,2019-01-14 13:13:00,0.2222,"<div class=""MessageStreamView__body___2giLh""><div><span><a data-event=""click"" data-for=""cashTag"" data-tip=""RWLK"" href=""/symbol/RWLK"" id=""RWLK-150571572-880"">$RWLK</a></span> - next leg up soon.</div></div>"
Charlie_Kelly,True,2019-01-14 13:12:00,0.2218,"<div class=""MessageStreamView__body___2giLh""><div><span><a data-event=""click"" data-for=""cashTag"" data-tip=""RWLK"" href=""/symbol/RWLK"" id=""RWLK-150571437-883"">$RWLK</a></span> Old Article good future news.? <a data-event=""click"" href=""https://globenewswire.com/news-release/2018/05/15/1503871/0/en/ReWalk-Robotics-Receives-First-Tranche-of-5-Million-as-Part-of-20-Million-Strategic-Investment-from-Timwell-Corporation-Limited.html"" rel=""noopener nofollow"" target=""_blank"">globenewswire.com/news-rele...</a></div></div>"
mahkum,True,2019-01-14 13:10:00,0.222,"<div class=""MessageStreamView__body___2giLh""><div><span><a data-event=""click"" data-for=""cashTag"" data-tip=""RWLK"" href=""/symbol/RWLK"" id=""RWLK-150571173-886"">$RWLK</a></span> Looking nice, bullish pattern on reversal even on bad PR. Big run is coming, hop on the money train!</div></div>"
CharlieTheHomeless,True,2019-01-14 13:10:00,0.222,"<div class=""MessageStreamView__body___2giLh""><div><span><a data-event=""click"" data-for=""cashTag"" data-tip=""RWLK"" href=""/symbol/RWLK"" id=""RWLK-150571085-892"">$RWLK</a></span> no dump... people just taking profits. More upwards moves after that's done.</div></div>"
sassy4792,True,2019-01-14 13:05:00,0.2293,"<div class=""MessageStreamView__body___2giLh""><div><span><a data-event=""click"" data-for=""cashTag"" data-tip=""RWLK"" href=""/symbol/RWLK"" id=""RWLK-150570395-904"">$RWLK</a></span> tell yo mama, yo sista, and yo friends, cause rwlk lookin good out chere y’all</div></div>"
ProjectPete,True,2019-01-14 13:05:00,0.2293,"<div class=""MessageStreamView__body___2giLh""><div><span><a data-event=""click"" data-for=""cashTag"" data-tip=""RWLK"" href=""/symbol/RWLK"" id=""RWLK-150570322-907"">$RWLK</a></span> interesting</div></div>"
jdubster,True,2019-01-14 13:05:00,0.2293,"<div class=""MessageStreamView__body___2giLh""><div><span><a data-event=""click"" data-for=""cashTag"" data-tip=""RWLK"" href=""/symbol/RWLK"" id=""RWLK-150570307-910"">$RWLK</a></span> out at .23, too much unknown. GLTA</div></div>"
sisacsson,True,2019-01-14 13:02:00,0.2314,"<div class=""MessageStreamView__body___2giLh""><div><span><a data-event=""click"" data-for=""cashTag"" data-tip=""RWLK"" href=""/symbol/RWLK"" id=""RWLK-150569939-916"">$RWLK</a></span> somebody knows something with all this volume pouring in right now</div></div>"
CharlieTheHomeless,True,2019-01-14 13:02:00,0.2314,"<div class=""MessageStreamView__body___2giLh""><div><span><a data-event=""click"" data-for=""cashTag"" data-tip=""RWLK"" href=""/symbol/RWLK"" id=""RWLK-150569882-922"">$RWLK</a></span> Jesus. Gap fill up or get dumped?</div></div>"
Cchristodoulou,True,2019-01-14 13:01:00,0.2336,"<div class=""MessageStreamView__body___2giLh""><div><span><a data-event=""click"" data-for=""cashTag"" data-tip=""RWLK"" href=""/symbol/RWLK"" id=""RWLK-150569857-925"">$RWLK</a></span> red to Green Day</div></div>"
theLEGOdeadpool,True,2019-01-14 13:01:00,0.2336,"<div class=""MessageStreamView__body___2giLh""><div><span><a data-event=""click"" data-for=""cashTag"" data-tip=""RWLK"" href=""/symbol/RWLK"" id=""RWLK-150569803-928"">$RWLK</a></span> volume is insane omg</div></div>"
phatmatt511,True,2019-01-14 13:01:00,0.2336,"<div class=""MessageStreamView__body___2giLh""><div><span><a data-event=""click"" data-for=""cashTag"" data-tip=""RWLK"" href=""/symbol/RWLK"" id=""RWLK-150569716-931"">$RWLK</a></span> awesome volume !</div></div>"
kps86,True,2019-01-14 13:01:00,0.2336,"<div class=""MessageStreamView__body___2giLh""><div><span><a data-event=""click"" data-for=""cashTag"" data-tip=""RWLK"" href=""/symbol/RWLK"" id=""RWLK-150569705-934"">$RWLK</a></span> im in at .22</div></div>"
sassy4792,True,2019-01-14 13:00:00,0.2305,"<div class=""MessageStreamView__body___2giLh""><div><span><a data-event=""click"" data-for=""cashTag"" data-tip=""RGSE"" href=""/symbol/RGSE"" id=""RGSE-150569548-937"">$RGSE</a></span> as we take off so is <span><a data-event=""click"" data-for=""cashTag"" data-tip=""RWLK"" href=""/symbol/RWLK"" id=""RWLK-150569548-938"">$RWLK</a></span> take a peep y’all</div></div>"
alonzo11,True,2019-01-14 12:59:00,0.2318,"<div class=""MessageStreamView__body___2giLh""><div><span><a data-event=""click"" data-for=""cashTag"" data-tip=""RWLK"" href=""/symbol/RWLK"" id=""RWLK-150569512-944"">$RWLK</a></span>  Let's fly✈✈✈✈</div></div>"
Lennn84,True,2019-01-14 12:58:00,0.2308,"<div class=""MessageStreamView__body___2giLh""><div><span><a data-event=""click"" data-for=""cashTag"" data-tip=""RWLK"" href=""/symbol/RWLK"" id=""RWLK-150569266-950"">$RWLK</a></span> Let's goooo!!! 💥💥💥</div></div>"
filipkaz,True,2019-01-14 12:57:00,0.2319,"<div class=""MessageStreamView__body___2giLh""><div><span><a data-event=""click"" data-for=""cashTag"" data-tip=""RWLK"" href=""/symbol/RWLK"" id=""RWLK-150569232-953"">$RWLK</a></span></div></div>"
phatmatt511,True,2019-01-14 12:57:00,0.2319,"<div class=""MessageStreamView__body___2giLh""><div><span><a data-event=""click"" data-for=""cashTag"" data-tip=""RWLK"" href=""/symbol/RWLK"" id=""RWLK-150569177-956"">$RWLK</a></span> running !!!</div></div>"
BullBullBill,True,2019-01-14 12:57:00,0.2319,"<div class=""MessageStreamView__body___2giLh""><div><span><a data-event=""click"" data-for=""cashTag"" data-tip=""RWLK"" href=""/symbol/RWLK"" id=""RWLK-150569154-959"">$RWLK</a></span></div></div>"
phatmatt511,True,2019-01-14 12:56:00,0.2281,"<div class=""MessageStreamView__body___2giLh""><div><span><a data-event=""click"" data-for=""cashTag"" data-tip=""RWLK"" href=""/symbol/RWLK"" id=""RWLK-150569110-962"">$RWLK</a></span> looking so primed !</div></div>"
sisacsson,True,2019-01-14 12:56:00,0.2281,"<div class=""MessageStreamView__body___2giLh""><div><span><a data-event=""click"" data-for=""cashTag"" data-tip=""RWLK"" href=""/symbol/RWLK"" id=""RWLK-150569088-965"">$RWLK</a></span> wow a red to green move is coming</div></div>"
lukeam,True,2019-01-14 12:55:00,0.2227,"<div class=""MessageStreamView__body___2giLh""><div><span><a data-event=""click"" data-for=""cashTag"" data-tip=""RWLK"" href=""/symbol/RWLK"" id=""RWLK-150568960-971"">$RWLK</a></span> Amazing how quickly perception changes. Desperate sellers w/ no hope become chasers—willing to pay 10% more once momentum shifts.  😉</div></div>"
Gottstocks,True,2019-01-14 12:55:00,0.2227,"<div class=""MessageStreamView__body___2giLh""><div><span><a data-event=""click"" data-for=""cashTag"" data-tip=""RWLK"" href=""/symbol/RWLK"" id=""RWLK-150568945-974"">$RWLK</a></span> hey all right</div></div>"
mstan,True,2019-01-14 12:55:00,0.2227,"<div class=""MessageStreamView__body___2giLh""><div><span><a data-event=""click"" data-for=""cashTag"" data-tip=""MBOT"" href=""/symbol/MBOT"" id=""MBOT-150568938-980"">$MBOT</a></span> <span><a data-event=""click"" data-for=""cashTag"" data-tip=""UAVS"" href=""/symbol/UAVS"" id=""UAVS-150568938-981"">$UAVS</a></span> <span><a data-event=""click"" data-for=""cashTag"" data-tip=""RWLK"" href=""/symbol/RWLK"" id=""RWLK-150568938-982"">$RWLK</a></span> <span><a data-event=""click"" data-for=""cashTag"" data-tip=""CRIS"" href=""/symbol/CRIS"" id=""CRIS-150568938-983"">$CRIS</a></span> <span><a data-event=""click"" data-for=""cashTag"" data-tip=""AYTU"" href=""/symbol/AYTU"" id=""AYTU-150568938-984"">$AYTU</a></span></div></div>"
Lennn84,True,2019-01-14 12:55:00,0.2227,"<div class=""MessageStreamView__body___2giLh""><div><span><a data-event=""click"" data-for=""cashTag"" data-tip=""RWLK"" href=""/symbol/RWLK"" id=""RWLK-150568906-987"">$RWLK</a></span> Simply strong fundamentals, outlook and catalysts ahead. Let's go!</div></div>"
jediferni5,True,2019-01-14 12:55:00,0.2227,"<div class=""MessageStreamView__body___2giLh""><div><span><a data-event=""click"" data-for=""cashTag"" data-tip=""RWLK"" href=""/symbol/RWLK"" id=""RWLK-150568862-993"">$RWLK</a></span> relax, its end of lunch, going up now</div></div>"
MBCmbc,True,2019-01-14 12:55:00,0.2227,"<div class=""MessageStreamView__body___2giLh""><div><span><a data-event=""click"" data-for=""cashTag"" data-tip=""RWLK"" href=""/symbol/RWLK"" id=""RWLK-150568838-996"">$RWLK</a></span> i like the action in here</div></div>"
theLEGOdeadpool,True,2019-01-14 12:54:00,0.219,"<div class=""MessageStreamView__body___2giLh""><div><span><a data-event=""click"" data-for=""cashTag"" data-tip=""RWLK"" href=""/symbol/RWLK"" id=""RWLK-150568778-999"">$RWLK</a></span> lol what is going on</div></div>"
sisacsson,True,2019-01-14 12:53:00,0.2173,"<div class=""MessageStreamView__body___2giLh""><div><span><a data-event=""click"" data-for=""cashTag"" data-tip=""RWLK"" href=""/symbol/RWLK"" id=""RWLK-150568634-1002"">$RWLK</a></span> huge volume pouring in all and big blocks being bought up...did I miss news or something?</div></div>"
Billy1129,True,2019-01-14 12:51:00,0.2136,"<div class=""MessageStreamView__body___2giLh""><div><span><a data-event=""click"" data-for=""cashTag"" data-tip=""RWLK"" href=""/symbol/RWLK"" id=""RWLK-150568337-1008"">$RWLK</a></span>   sold <span><a data-event=""click"" data-for=""cashTag"" data-tip=""RWLK"" href=""/symbol/RWLK"" id=""RWLK-150568337-1009"">$RWLK</a></span> B BK IN 2 wks LOADED <span><a data-event=""click"" data-for=""cashTag"" data-tip=""APDN"" href=""/symbol/APDN"" id=""APDN-150568337-1010"">$APDN</a></span> Easy double triple coming</div></div>"
Billy1129,True,2019-01-14 12:47:00,0.214,"<div class=""MessageStreamView__body___2giLh""><div><span><a data-event=""click"" data-for=""cashTag"" data-tip=""RWLK"" href=""/symbol/RWLK"" id=""RWLK-150567806-1019"">$RWLK</a></span> <span><a data-event=""click"" data-for=""cashTag"" data-tip=""APDN"" href=""/symbol/APDN"" id=""APDN-150567806-1020"">$APDN</a></span> gave it @ .41 its .44 heading to $1.21+ huge inside loading. Double Triple + on this 2</div></div>"
Ahri,True,2019-01-14 12:46:00,0.2146,"<div class=""MessageStreamView__body___2giLh""><div><span><a data-event=""click"" data-for=""cashTag"" data-tip=""RWLK"" href=""/symbol/RWLK"" id=""RWLK-150567678-1023"">$RWLK</a></span> back in this morning at. 205, ready for another run</div></div>"
lukeam,True,2019-01-14 12:46:00,0.2146,"<div class=""MessageStreamView__body___2giLh""><div><span><a data-event=""click"" data-for=""cashTag"" data-tip=""RWLK"" href=""/symbol/RWLK"" id=""RWLK-150567608-1026"">$RWLK</a></span> Appears to have broken out to the upside!  😁</div></div>"
jediferni5,True,2019-01-14 12:45:00,0.2112,"<div class=""MessageStreamView__body___2giLh""><div><span><a data-event=""click"" data-for=""cashTag"" data-tip=""RWLK"" href=""/symbol/RWLK"" id=""RWLK-150567487-1032"">$RWLK</a></span> nice little jump, red to green move today</div></div>"
jackson18,True,2019-01-14 12:45:00,0.2112,"<div class=""MessageStreamView__body___2giLh""><div><span><a data-event=""click"" data-for=""cashTag"" data-tip=""RWLK"" href=""/symbol/RWLK"" id=""RWLK-150567442-1035"">$RWLK</a></span> here she comes 💪</div></div>"
doepfer_xxl,False,2019-01-14 12:34:00,0.2059,"<div class=""MessageStreamView__body___2giLh""><div><span><a data-event=""click"" data-for=""cashTag"" data-tip=""RWLK"" href=""/symbol/RWLK"" id=""RWLK-150566022-1055"">$RWLK</a></span> another company that shouldn't even exist, but bright side they'll close up shop by 2020. Until then it's sorta tradeable</div></div>"
Billy1129,True,2019-01-14 12:30:00,0.2054,"<div class=""MessageStreamView__body___2giLh""><div><span><a data-event=""click"" data-for=""cashTag"" data-tip=""RWLK"" href=""/symbol/RWLK"" id=""RWLK-150565578-1058"">$RWLK</a></span> <span><a data-event=""click"" data-for=""cashTag"" data-tip=""SOLD"" href=""/symbol/SOLD"" id=""SOLD-150565578-1059"">$SOLD</a></span> remaining <span><a data-event=""click"" data-for=""cashTag"" data-tip=""RWLK"" href=""/symbol/RWLK"" id=""RWLK-150565578-1060"">$RWLK</a></span> B BACK IN 2 Wks..Loading <span><a data-event=""click"" data-for=""cashTag"" data-tip=""APDN"" href=""/symbol/APDN"" id=""APDN-150565578-1061"">$APDN</a></span> for a DOUBLE-TRIPLE 1 day-2 wks</div></div>"
lukeam,True,2019-01-14 12:30:00,0.2054,"<div class=""MessageStreamView__body___2giLh""><div><span><a data-event=""click"" data-for=""cashTag"" data-tip=""RWLK"" href=""/symbol/RWLK"" id=""RWLK-150565548-1064"">$RWLK</a></span> is about to run out of room in the wedge (daily) so we should see a significant move here shortly.. up or down is to be determined. 🙄</div></div>"
ramirogaliza,True,2019-01-14 12:27:00,0.2057,"<div class=""MessageStreamView__body___2giLh""><div><span><a data-event=""click"" data-for=""cashTag"" data-tip=""RWLK"" href=""/symbol/RWLK"" id=""RWLK-150565073-1067"">$RWLK</a></span> It's not only about news. Technicals are main thing to consider always. This has to go into that gap.</div></div>"
jediferni5,True,2019-01-14 12:16:00,0.2071,"<div class=""MessageStreamView__body___2giLh""><div><span><a data-event=""click"" data-for=""cashTag"" data-tip=""RWLK"" href=""/symbol/RWLK"" id=""RWLK-150563401-1073"">$RWLK</a></span> I believe this will make a run after lunch hours</div></div>"
bullrider_return,True,2019-01-14 12:15:00,0.207,"<div class=""MessageStreamView__body___2giLh""><div><span><a data-event=""click"" data-for=""cashTag"" data-tip=""RWLK"" href=""/symbol/RWLK"" id=""RWLK-150563294-1076"">$RWLK</a></span> So many auto accidents, soldiers, and many others r permanent damage from the waist down. ReWalk Robotics can help some to walk again</div></div>"
ramirogaliza,True,2019-01-14 12:14:00,0.207,"<div class=""MessageStreamView__body___2giLh""><div><span><a data-event=""click"" data-for=""cashTag"" data-tip=""RWLK"" href=""/symbol/RWLK"" id=""RWLK-150563148-1079"">$RWLK</a></span> Only good news from now on. All fears on next ER market reaction gone today. Smart decision to release this well before ER.</div></div>"
ramirogaliza,True,2019-01-14 12:11:00,0.2072,"<div class=""MessageStreamView__body___2giLh""><div><span><a data-event=""click"" data-for=""cashTag"" data-tip=""RWLK"" href=""/symbol/RWLK"" id=""RWLK-150562662-1082"">$RWLK</a></span> And preliminary results erase uncertainty to next ER.</div></div>"
ramirogaliza,True,2019-01-14 12:10:00,0.2068,"<div class=""MessageStreamView__body___2giLh""><div><span><a data-event=""click"" data-for=""cashTag"" data-tip=""RWLK"" href=""/symbol/RWLK"" id=""RWLK-150562433-1088"">$RWLK</a></span> This drop is unreasonable. Preliminary results in line, only little lower than expected. Relevant news untouched yet.</div></div>"
Iggiewiggie,True,2019-01-14 12:07:00,0.2049,"<div class=""MessageStreamView__body___2giLh""><div><span><a data-event=""click"" data-for=""cashTag"" data-tip=""RWLK"" href=""/symbol/RWLK"" id=""RWLK-150562150-1091"">$RWLK</a></span> this will gap up on govt opening alone.</div></div>"
techNICKaltrader,True,2019-01-14 12:03:00,0.2049,"<div class=""MessageStreamView__body___2giLh""><div><span><a data-event=""click"" data-for=""cashTag"" data-tip=""RWLK"" href=""/symbol/RWLK"" id=""RWLK-150561538-1097"">$RWLK</a></span> long term still extremely</div></div>"
bullrider_return,True,2019-01-14 12:03:00,0.2049,"<div class=""MessageStreamView__body___2giLh""><div><span><a data-event=""click"" data-for=""cashTag"" data-tip=""RWLK"" href=""/symbol/RWLK"" id=""RWLK-150561475-1106"">$RWLK</a></span> bought some shares in <span><a data-event=""click"" data-for=""cashTag"" data-tip=""RWLK"" href=""/symbol/RWLK"" id=""RWLK-150561475-1107"">$RWLK</a></span> just now after giving my shares of <span><a data-event=""click"" data-for=""cashTag"" data-tip=""MBOT"" href=""/symbol/MBOT"" id=""MBOT-150561475-1108"">$MBOT</a></span> away for $5.70 which is now trading over $8 a share.</div></div>"
TheStockSinatra,True,2019-01-14 11:58:00,0.2067,"<div class=""MessageStreamView__body___2giLh""><div><span><a data-event=""click"" data-for=""cashTag"" data-tip=""RWLK"" href=""/symbol/RWLK"" id=""RWLK-150560822-1121"">$RWLK</a></span> nice entry right here for a swing imo. 🚨🚨🙏</div></div>"
jediferni5,True,2019-01-14 11:57:00,0.2048,"<div class=""MessageStreamView__body___2giLh""><div><span><a data-event=""click"" data-for=""cashTag"" data-tip=""RWLK"" href=""/symbol/RWLK"" id=""RWLK-150560689-1124"">$RWLK</a></span> - if the insurance news is positive, all projections are out the door.</div></div>"
jediferni5,True,2019-01-14 11:56:00,0.2042,"<div class=""MessageStreamView__body___2giLh""><div><span><a data-event=""click"" data-for=""cashTag"" data-tip=""RWLK"" href=""/symbol/RWLK"" id=""RWLK-150560541-1130"">$RWLK</a></span> - nice run coming up after lunch is over. Just a bit more.</div></div>"
mahkum,True,2019-01-14 11:55:00,0.2042,"<div class=""MessageStreamView__body___2giLh""><div><span><a data-event=""click"" data-for=""cashTag"" data-tip=""RWLK"" href=""/symbol/RWLK"" id=""RWLK-150560401-1136"">$RWLK</a></span> Way too undervalued, with news comes volume the run will be biiiiiiig!</div></div>"
AZona,True,2019-01-14 11:38:00,0.2051,"<div class=""MessageStreamView__body___2giLh""><div><span><a data-event=""click"" data-for=""cashTag"" data-tip=""TCON"" href=""/symbol/TCON"" id=""TCON-150557878-1142"">$TCON</a></span> added. Odd dip with multiple upcoming catalyst

<span><a data-event=""click"" data-for=""cashTag"" data-tip=""RNN"" href=""/symbol/RNN"" id=""RNN-150557878-1143"">$RNN</a></span> <span><a data-event=""click"" data-for=""cashTag"" data-tip=""SGMO"" href=""/symbol/SGMO"" id=""SGMO-150557878-1144"">$SGMO</a></span> still swinging for catalyst run up💁🏻‍♀️ 

Holding <span><a data-event=""click"" data-for=""cashTag"" data-tip=""RWLK"" href=""/symbol/RWLK"" id=""RWLK-150557878-1145"">$RWLK</a></span> <span><a data-event=""click"" data-for=""cashTag"" data-tip=""SGMO"" href=""/symbol/SGMO"" id=""SGMO-150557878-1146"">$SGMO</a></span> <span><a data-event=""click"" data-for=""cashTag"" data-tip=""FLKS"" href=""/symbol/FLKS"" id=""FLKS-150557878-1147"">$FLKS</a></span> <span><a data-event=""click"" data-for=""cashTag"" data-tip=""BB"" href=""/symbol/BB"" id=""BB-150557878-1148"">$BB</a></span></div></div>"
doepfer_xxl,False,2019-01-14 11:38:00,0.2051,"<div class=""MessageStreamView__body___2giLh""><div><span><a data-event=""click"" data-for=""cashTag"" data-tip=""RWLK"" href=""/symbol/RWLK"" id=""RWLK-150557810-1151"">$RWLK</a></span> these donkeys released news alright</div></div>"
lukeam,True,2019-01-14 11:35:00,0.2081,"<div class=""MessageStreamView__body___2giLh""><div><span><a data-event=""click"" data-for=""cashTag"" data-tip=""RWLK"" href=""/symbol/RWLK"" id=""RWLK-150557330-1157"">$RWLK</a></span> A very rough draft indicating that there hypothetically IS a big market for Exos. This is just regarding their one product—not ReStore</div></div>"
CharlieTheHomeless,True,2019-01-14 11:26:00,0.2058,"<div class=""MessageStreamView__body___2giLh""><div><span><a data-event=""click"" data-for=""cashTag"" data-tip=""RWLK"" href=""/symbol/RWLK"" id=""RWLK-150556053-1169"">$RWLK</a></span> EDGA has been getting some action today. For the past month it's only had 100share bids/asks 🤔🤔🤔🤔</div></div>"
Reneejordan001,True,2019-01-14 11:07:00,0.2085,"<div class=""MessageStreamView__body___2giLh""><div><span><a data-event=""click"" data-for=""cashTag"" data-tip=""RWLK"" href=""/symbol/RWLK"" id=""RWLK-150552907-1175"">$RWLK</a></span> If you got stopped out your fault for having a SL...</div></div>"
BlankIsFd,True,2019-01-14 11:05:00,0.2086,"<div class=""MessageStreamView__body___2giLh""><div><span><a data-event=""click"" data-for=""cashTag"" data-tip=""RWLK"" href=""/symbol/RWLK"" id=""RWLK-150552679-1178"">$RWLK</a></span> Took advantage of the dip to add some that I sold at .25s to buy at .20s. Looking to add more if the opp arises</div></div>"
PennyStockGambler,True,2019-01-14 11:01:00,0.2098,"<div class=""MessageStreamView__body___2giLh""><div><span><a data-event=""click"" data-for=""cashTag"" data-tip=""RWLK"" href=""/symbol/RWLK"" id=""RWLK-150552061-1184"">$RWLK</a></span> we all knew they wern’t makin a profit quite yet.Its funny to see evryone act shocked. This is not the news we’ve all been waitin on..</div></div>"
lukeam,True,2019-01-14 11:00:00,0.2084,"<div class=""MessageStreamView__body___2giLh""><div><span><a data-event=""click"" data-for=""cashTag"" data-tip=""RWLK"" href=""/symbol/RWLK"" id=""RWLK-150551815-1187"">$RWLK</a></span> is a strong buy under .205 IMO.  That’s only a $10mil market cap.  I think it will resume steady uptrend within the next few days.</div></div>"
jediferni5,True,2019-01-14 10:56:00,0.2067,"<div class=""MessageStreamView__body___2giLh""><div><span><a data-event=""click"" data-for=""cashTag"" data-tip=""RWLK"" href=""/symbol/RWLK"" id=""RWLK-150551234-1190"">$RWLK</a></span> - I bought too high, anyone buying here is in a great  position</div></div>"
thejeffster,False,2019-01-14 10:52:00,0.2078,"<div class=""MessageStreamView__body___2giLh""><div><span><a data-event=""click"" data-for=""cashTag"" data-tip=""RWLK"" href=""/symbol/RWLK"" id=""RWLK-150550520-1196"">$RWLK</a></span> garbage</div></div>"
lukeam,True,2019-01-14 10:46:00,0.2055,"<div class=""MessageStreamView__body___2giLh""><div><span><a data-event=""click"" data-for=""cashTag"" data-tip=""RWLK"" href=""/symbol/RWLK"" id=""RWLK-150549584-1208"">$RWLK</a></span> Filled more .21.  It was holding very strong so I doubted myself, but originally had a feeling that flush might happen lol</div></div>"
lukeam,True,2019-01-14 10:38:00,0.2173,"<div class=""MessageStreamView__body___2giLh""><div><span><a data-event=""click"" data-for=""cashTag"" data-tip=""RWLK"" href=""/symbol/RWLK"" id=""RWLK-150548207-1214"">$RWLK</a></span> Some funds came through early so just added starter position at .216. Will add more if lower—this is the dip opportunity I hoped for!</div></div>"
MrTweek,True,2019-01-14 10:37:00,0.2178,"<div class=""MessageStreamView__body___2giLh""><div><span><a data-event=""click"" data-for=""cashTag"" data-tip=""RWLK"" href=""/symbol/RWLK"" id=""RWLK-150547975-1217"">$RWLK</a></span> loaded @ .2162 lets do IT! :D</div></div>"
Iggiewiggie,True,2019-01-14 10:33:00,0.2161,"<div class=""MessageStreamView__body___2giLh""><div><span><a data-event=""click"" data-for=""cashTag"" data-tip=""RWLK"" href=""/symbol/RWLK"" id=""RWLK-150547359-1220"">$RWLK</a></span> this could blast off.</div></div>"
baerga,True,2019-01-14 10:14:00,0.2176,"<div class=""MessageStreamView__body___2giLh""><div><span><a data-event=""click"" data-for=""cashTag"" data-tip=""IPCI"" href=""/symbol/IPCI"" id=""IPCI-150544388-1233"">$IPCI</a></span> was $8 a year ago, extreme upside potential 100x <span><a data-event=""click"" data-for=""cashTag"" data-tip=""RWLK"" href=""/symbol/RWLK"" id=""RWLK-150544388-1234"">$RWLK</a></span> <span><a data-event=""click"" data-for=""cashTag"" data-tip=""UUU"" href=""/symbol/UUU"" id=""UUU-150544388-1235"">$UUU</a></span> <span><a data-event=""click"" data-for=""cashTag"" data-tip=""DPW"" href=""/symbol/DPW"" id=""DPW-150544388-1236"">$DPW</a></span> <span><a data-event=""click"" data-for=""cashTag"" data-tip=""BPMX"" href=""/symbol/BPMX"" id=""BPMX-150544388-1237"">$BPMX</a></span></div></div>"
jediferni5,True,2019-01-14 10:04:00,0.2201,"<div class=""MessageStreamView__body___2giLh""><div><span><a data-event=""click"" data-for=""cashTag"" data-tip=""RWLK"" href=""/symbol/RWLK"" id=""RWLK-150542353-1246"">$RWLK</a></span> - we may see a push to retest HOD soon. Ask is very thin.</div></div>"
CharlieTheHomeless,True,2019-01-14 10:03:00,0.2225,"<div class=""MessageStreamView__body___2giLh""><div><span><a data-event=""click"" data-for=""cashTag"" data-tip=""RWLK"" href=""/symbol/RWLK"" id=""RWLK-150542235-1249"">$RWLK</a></span> shakeout is clear as night and day. Fell on no volume, OBV holds strong. Dips were bought, so accumulation holds. 100% shakeout.</div></div>"
SevMVP,True,2019-01-14 10:02:00,0.2206,"<div class=""MessageStreamView__body___2giLh""><div><span><a data-event=""click"" data-for=""cashTag"" data-tip=""RWLK"" href=""/symbol/RWLK"" id=""RWLK-150542064-1252"">$RWLK</a></span> holding .22. This is going green. All that matters is insurance news. Thanks</div></div>"
sisacsson,True,2019-01-14 09:57:00,0.2213,"<div class=""MessageStreamView__body___2giLh""><div><span><a data-event=""click"" data-for=""cashTag"" data-tip=""RWLK"" href=""/symbol/RWLK"" id=""RWLK-150541289-1255"">$RWLK</a></span> what they did this morning was robbery taking those cheap shares</div></div>"
CharlieTheHomeless,True,2019-01-14 09:55:00,0.2202,"<div class=""MessageStreamView__body___2giLh""><div><span><a data-event=""click"" data-for=""cashTag"" data-tip=""RWLK"" href=""/symbol/RWLK"" id=""RWLK-150540875-1258"">$RWLK</a></span> I don't know what 21.7k shares at 0.2248 means... but I've been seeing it all week I know you have too 🤔🤔🤔🤔🤔🤔🤔🤔🤔🤔</div></div>"
MrDaniels,True,2019-01-14 09:54:00,0.2216,"<div class=""MessageStreamView__body___2giLh""><div><span><a data-event=""click"" data-for=""cashTag"" data-tip=""RWLK"" href=""/symbol/RWLK"" id=""RWLK-150540636-1261"">$RWLK</a></span> 😶🥴</div></div>"
jackson18,True,2019-01-14 09:47:00,0.2244,"<div class=""MessageStreamView__body___2giLh""><div><span><a data-event=""click"" data-for=""cashTag"" data-tip=""RWLK"" href=""/symbol/RWLK"" id=""RWLK-150539363-1274"">$RWLK</a></span> not even 30 minutes from open and we almost have a million volume 😤. Watch what is coming today</div></div>"
CharlieTheHomeless,True,2019-01-14 09:45:00,0.224,"<div class=""MessageStreamView__body___2giLh""><div><span><a data-event=""click"" data-for=""cashTag"" data-tip=""RWLK"" href=""/symbol/RWLK"" id=""RWLK-150539147-1277"">$RWLK</a></span> All dips being bought after a strong move up. Nice shakeout. Used my last $50 to buy more at 0.21</div></div>"
phatmatt511,True,2019-01-14 09:45:00,0.224,"<div class=""MessageStreamView__body___2giLh""><div><span><a data-event=""click"" data-for=""cashTag"" data-tip=""RWLK"" href=""/symbol/RWLK"" id=""RWLK-150539108-1280"">$RWLK</a></span></div></div>"
npow,True,2019-01-14 09:44:00,0.2213,"<div class=""MessageStreamView__body___2giLh""><div><span><a data-event=""click"" data-for=""cashTag"" data-tip=""RWLK"" href=""/symbol/RWLK"" id=""RWLK-150538948-1283"">$RWLK</a></span> bought more on the dip 😤😤</div></div>"
Billy1129,True,2019-01-14 09:43:00,0.2188,"<div class=""MessageStreamView__body___2giLh""><div><span><a data-event=""click"" data-for=""cashTag"" data-tip=""RWLK"" href=""/symbol/RWLK"" id=""RWLK-150538805-1286"">$RWLK</a></span> Remember those in when this breaks .235 today  will make big$. IMO this is a no brainer. <span><a data-event=""click"" data-for=""cashTag"" data-tip=""STUDY"" href=""/symbol/STUDY"" id=""STUDY-150538805-1287"">$STUDY</a></span></div></div>"
Iggiewiggie,True,2019-01-14 09:42:00,0.2221,"<div class=""MessageStreamView__body___2giLh""><div><span><a data-event=""click"" data-for=""cashTag"" data-tip=""RWLK"" href=""/symbol/RWLK"" id=""RWLK-150538575-1290"">$RWLK</a></span> volume .</div></div>"
Billy1129,True,2019-01-14 09:41:00,0.2175,"<div class=""MessageStreamView__body___2giLh""><div><span><a data-event=""click"" data-for=""cashTag"" data-tip=""RWLK"" href=""/symbol/RWLK"" id=""RWLK-150538441-1293"">$RWLK</a></span> You all Ready. Watch when it breaks .235. Going to b a fun ride up</div></div>"
Billy1129,True,2019-01-14 09:40:00,0.2194,"<div class=""MessageStreamView__body___2giLh""><div><span><a data-event=""click"" data-for=""cashTag"" data-tip=""RWLK"" href=""/symbol/RWLK"" id=""RWLK-150538230-1296"">$RWLK</a></span> Dips are Gobbled up by SMART $$$$$</div></div>"
Trumpisaracistbastard,True,2019-01-14 09:39:00,0.2182,"<div class=""MessageStreamView__body___2giLh""><div><span><a data-event=""click"" data-for=""cashTag"" data-tip=""RWLK"" href=""/symbol/RWLK"" id=""RWLK-150538082-1299"">$RWLK</a></span> now a slow recovery for the day</div></div>"
Billy1129,True,2019-01-14 09:37:00,0.2215,"<div class=""MessageStreamView__body___2giLh""><div><span><a data-event=""click"" data-for=""cashTag"" data-tip=""RWLK"" href=""/symbol/RWLK"" id=""RWLK-150537738-1308"">$RWLK</a></span> Breaks .235 and it will surge into the Gapfill, Watch IMO</div></div>"
jackson18,True,2019-01-14 09:37:00,0.2215,"<div class=""MessageStreamView__body___2giLh""><div><span><a data-event=""click"" data-for=""cashTag"" data-tip=""RWLK"" href=""/symbol/RWLK"" id=""RWLK-150537686-1311"">$RWLK</a></span> all dips will be gobbled up 😤</div></div>"
Billy1129,True,2019-01-14 09:36:00,0.2217,"<div class=""MessageStreamView__body___2giLh""><div><span><a data-event=""click"" data-for=""cashTag"" data-tip=""RWLK"" href=""/symbol/RWLK"" id=""RWLK-150537626-1314"">$RWLK</a></span> someone loaded 500k</div></div>"
theLEGOdeadpool,True,2019-01-14 09:36:00,0.2217,"<div class=""MessageStreamView__body___2giLh""><div><span><a data-event=""click"" data-for=""cashTag"" data-tip=""RWLK"" href=""/symbol/RWLK"" id=""RWLK-150537556-1317"">$RWLK</a></span> looking like an early morning robbery now</div></div>"
Billy1129,True,2019-01-14 09:35:00,0.2218,"<div class=""MessageStreamView__body___2giLh""><div><span><a data-event=""click"" data-for=""cashTag"" data-tip=""RWLK"" href=""/symbol/RWLK"" id=""RWLK-150537361-1326"">$RWLK</a></span> HUGE Buys, all dips Gobbled up. Get Ready</div></div>"
LoganFive,True,2019-01-14 09:35:00,0.2218,"<div class=""MessageStreamView__body___2giLh""><div><span><a data-event=""click"" data-for=""cashTag"" data-tip=""RWLK"" href=""/symbol/RWLK"" id=""RWLK-150537358-1329"">$RWLK</a></span> Who got some Cheapies this morning?</div></div>"
IronChris,True,2019-01-14 09:34:00,0.2214,"<div class=""MessageStreamView__body___2giLh""><div><span><a data-event=""click"" data-for=""cashTag"" data-tip=""RWLK"" href=""/symbol/RWLK"" id=""RWLK-150537239-1332"">$RWLK</a></span> money day</div></div>"
phatmatt511,True,2019-01-14 09:34:00,0.2214,"<div class=""MessageStreamView__body___2giLh""><div><span><a data-event=""click"" data-for=""cashTag"" data-tip=""RWLK"" href=""/symbol/RWLK"" id=""RWLK-150537229-1335"">$RWLK</a></span> looking good ! Holding !</div></div>"
jackson18,True,2019-01-14 09:33:00,0.2242,"<div class=""MessageStreamView__body___2giLh""><div><span><a data-event=""click"" data-for=""cashTag"" data-tip=""RWLK"" href=""/symbol/RWLK"" id=""RWLK-150537166-1338"">$RWLK</a></span> still looking strong 💪</div></div>"
RDequities,True,2019-01-14 09:33:00,0.2242,"<div class=""MessageStreamView__body___2giLh""><div><span><a data-event=""click"" data-for=""cashTag"" data-tip=""RWLK"" href=""/symbol/RWLK"" id=""RWLK-150537095-1341"">$RWLK</a></span> awesome</div></div>"
Billy1129,True,2019-01-14 09:33:00,0.2242,"<div class=""MessageStreamView__body___2giLh""><div><span><a data-event=""click"" data-for=""cashTag"" data-tip=""RWLK"" href=""/symbol/RWLK"" id=""RWLK-150537064-1344"">$RWLK</a></span> GAPFILL TODAY IMO $$$$$$$$$</div></div>"
sisacsson,True,2019-01-14 09:32:00,0.2223,"<div class=""MessageStreamView__body___2giLh""><div><span><a data-event=""click"" data-for=""cashTag"" data-tip=""RWLK"" href=""/symbol/RWLK"" id=""RWLK-150536979-1347"">$RWLK</a></span> wow back over 0.22 already</div></div>"
joshtherealdeal,True,2019-01-14 09:32:00,0.2223,"<div class=""MessageStreamView__body___2giLh""><div><span><a data-event=""click"" data-for=""cashTag"" data-tip=""PRPO"" href=""/symbol/PRPO"" id=""PRPO-150536978-1350"">$PRPO</a></span> <span><a data-event=""click"" data-for=""cashTag"" data-tip=""SGYP"" href=""/symbol/SGYP"" id=""SGYP-150536978-1351"">$SGYP</a></span> <span><a data-event=""click"" data-for=""cashTag"" data-tip=""RWLK"" href=""/symbol/RWLK"" id=""RWLK-150536978-1352"">$RWLK</a></span></div></div>"
Billy1129,True,2019-01-14 09:32:00,0.2223,"<div class=""MessageStreamView__body___2giLh""><div><span><a data-event=""click"" data-for=""cashTag"" data-tip=""RWLK"" href=""/symbol/RWLK"" id=""RWLK-150536933-1358"">$RWLK</a></span> $$$$<span><a data-event=""click"" data-for=""cashTag"" data-tip=""GAPFILL"" href=""/symbol/GAPFILL"" id=""GAPFILL-150536933-1359"">$GAPFILL</a></span> TODAY</div></div>"
lhollemoney1,True,2019-01-14 09:32:00,0.2223,"<div class=""MessageStreamView__body___2giLh""><div><span><a data-event=""click"" data-for=""cashTag"" data-tip=""RWLK"" href=""/symbol/RWLK"" id=""RWLK-150536905-1362"">$RWLK</a></span> being .22 down and it can get juicy..</div></div>"
sisacsson,True,2019-01-14 09:32:00,0.2223,"<div class=""MessageStreamView__body___2giLh""><div><span><a data-event=""click"" data-for=""cashTag"" data-tip=""RWLK"" href=""/symbol/RWLK"" id=""RWLK-150536889-1365"">$RWLK</a></span> smart money 💰 loading up right now</div></div>"
