Economist4401,True,2019-01-14 15:58:00,1.285,"<div class=""MessageStreamView__body___2giLh""><div><span><a data-event=""click"" data-for=""cashTag"" data-tip=""SBOT"" href=""/symbol/SBOT"" id=""SBOT-150597444-931"">$SBOT</a></span> phase 2, Phase 2 Catalysts could hit anytime. see my post. Equity alone above $/share, no debt. holding Long term</div></div>"
shreyvakil,True,2019-01-14 15:54:00,1.345,"<div class=""MessageStreamView__body___2giLh""><div><span><a data-event=""click"" data-for=""cashTag"" data-tip=""SBOT"" href=""/symbol/SBOT"" id=""SBOT-150596641-945"">$SBOT</a></span> Buy!! Going to gap up to $2 tomorrow. Dont miss this!!</div></div>"
xosignalscom,True,2019-01-14 15:53:00,1.343,"<div class=""MessageStreamView__body___2giLh""><div><span><a data-event=""click"" data-for=""cashTag"" data-tip=""SBOT"" href=""/symbol/SBOT"" id=""SBOT-150596473-951"">$SBOT</a></span> buy time at list 3$ for soon</div></div>"
mbarelorenzo,True,2019-01-14 15:53:00,1.343,"<div class=""MessageStreamView__body___2giLh""><div>Today hottest 🔥stocks 📈 
<span><a data-event=""click"" data-for=""cashTag"" data-tip=""MBOT"" href=""/symbol/MBOT"" id=""MBOT-150596363-954"">$MBOT</a></span>
<span><a data-event=""click"" data-for=""cashTag"" data-tip=""BIOC"" href=""/symbol/BIOC"" id=""BIOC-150596363-955"">$BIOC</a></span>
<span><a data-event=""click"" data-for=""cashTag"" data-tip=""PED"" href=""/symbol/PED"" id=""PED-150596363-956"">$PED</a></span>
<span><a data-event=""click"" data-for=""cashTag"" data-tip=""SBOT"" href=""/symbol/SBOT"" id=""SBOT-150596363-957"">$SBOT</a></span>
<span><a data-event=""click"" data-for=""cashTag"" data-tip=""VVUS"" href=""/symbol/VVUS"" id=""VVUS-150596363-958"">$VVUS</a></span>
<span><a data-event=""click"" data-for=""cashTag"" data-tip=""HTBX"" href=""/symbol/HTBX"" id=""HTBX-150596363-959"">$HTBX</a></span>
<span><a data-event=""click"" data-for=""cashTag"" data-tip=""BOXL"" href=""/symbol/BOXL"" id=""BOXL-150596363-960"">$BOXL</a></span>
<span><a data-event=""click"" data-for=""cashTag"" data-tip=""CODX"" href=""/symbol/CODX"" id=""CODX-150596363-961"">$CODX</a></span>
<span><a data-event=""click"" data-for=""cashTag"" data-tip=""STAF"" href=""/symbol/STAF"" id=""STAF-150596363-962"">$STAF</a></span>
<span><a data-event=""click"" data-for=""cashTag"" data-tip=""NBEV"" href=""/symbol/NBEV"" id=""NBEV-150596363-963"">$NBEV</a></span> 
Good job all</div></div>"
knewbie,False,2019-01-14 15:52:00,1.348,"<div class=""MessageStreamView__body___2giLh""><div>Covered <span><a data-event=""click"" data-for=""cashTag"" data-tip=""SBOT"" href=""/symbol/SBOT"" id=""SBOT-150596272-966"">$SBOT</a></span> 1.36 from 1.45 w/1000 shares. Nice way to end the day. </div></div>"
Economist4401,True,2019-01-14 15:49:00,1.37,"<div class=""MessageStreamView__body___2giLh""><div><span><a data-event=""click"" data-for=""cashTag"" data-tip=""SBOT"" href=""/symbol/SBOT"" id=""SBOT-150595807-982"">$SBOT</a></span> <a data-event=""click"" href=""https://stocktwits.com/Economist4401/message/150428272"" rel=""noopener nofollow"" target=""_blank"">stocktwits.com/Economist440...</a></div></div>"
WinnipegTrader,True,2019-01-14 15:49:00,1.37,"<div class=""MessageStreamView__body___2giLh""><div><span><a data-event=""click"" data-for=""cashTag"" data-tip=""SBOT"" href=""/symbol/SBOT"" id=""SBOT-150595776-985"">$SBOT</a></span> end of day squeeeeeeze</div></div>"
Shroomy726,True,2019-01-14 15:48:00,1.389,"<div class=""MessageStreamView__body___2giLh""><div><span><a data-event=""click"" data-for=""cashTag"" data-tip=""SBOT"" href=""/symbol/SBOT"" id=""SBOT-150595640-988"">$SBOT</a></span> Should close at 1.50 or above.</div></div>"
knock_out,True,2019-01-14 15:47:00,1.44,"<div class=""MessageStreamView__body___2giLh""><div><span><a data-event=""click"" data-for=""cashTag"" data-tip=""SBOT"" href=""/symbol/SBOT"" id=""SBOT-150595357-1000"">$SBOT</a></span> Best part is cash on hand justifies this rally!!!!</div></div>"
DBlock1577,True,2019-01-14 15:47:00,1.44,"<div class=""MessageStreamView__body___2giLh""><div><span><a data-event=""click"" data-for=""cashTag"" data-tip=""SBOT"" href=""/symbol/SBOT"" id=""SBOT-150595350-1003"">$SBOT</a></span> Gap up tomorrow</div></div>"
SerialStockGains,True,2019-01-14 15:45:00,1.452,"<div class=""MessageStreamView__body___2giLh""><div><span><a data-event=""click"" data-for=""cashTag"" data-tip=""SBOT"" href=""/symbol/SBOT"" id=""SBOT-150594959-1015"">$SBOT</a></span> could halt?</div></div>"
markkind,True,2019-01-14 15:44:00,1.479,"<div class=""MessageStreamView__body___2giLh""><div><span><a data-event=""click"" data-for=""cashTag"" data-tip=""SBOT"" href=""/symbol/SBOT"" id=""SBOT-150594909-1021"">$SBOT</a></span> lock in some profit??</div></div>"
Toshbabu,True,2019-01-14 15:44:00,1.479,"<div class=""MessageStreamView__body___2giLh""><div><span><a data-event=""click"" data-for=""cashTag"" data-tip=""SBOT"" href=""/symbol/SBOT"" id=""SBOT-150594840-1028"">$SBOT</a></span> not selling a single share this baby is gold</div></div>"
Shroomy726,True,2019-01-14 15:44:00,1.479,"<div class=""MessageStreamView__body___2giLh""><div><span><a data-event=""click"" data-for=""cashTag"" data-tip=""SBOT"" href=""/symbol/SBOT"" id=""SBOT-150594806-1031"">$SBOT</a></span> Gap up tomorrow.</div></div>"
SerialStockGains,True,2019-01-14 15:43:00,1.52,"<div class=""MessageStreamView__body___2giLh""><div><span><a data-event=""click"" data-for=""cashTag"" data-tip=""SBOT"" href=""/symbol/SBOT"" id=""SBOT-150594710-1040"">$SBOT</a></span> on the move. Alert triggered</div></div>"
bjornz,True,2019-01-14 15:43:00,1.52,"<div class=""MessageStreamView__body___2giLh""><div><span><a data-event=""click"" data-for=""cashTag"" data-tip=""SBOT"" href=""/symbol/SBOT"" id=""SBOT-150594687-1043"">$SBOT</a></span> close @ 2 today
🚀🚀🚀</div></div>"
Slingshot,True,2019-01-14 15:43:00,1.52,"<div class=""MessageStreamView__body___2giLh""><div><span><a data-event=""click"" data-for=""cashTag"" data-tip=""SBOT"" href=""/symbol/SBOT"" id=""SBOT-150594602-1046"">$SBOT</a></span>      SBOT 02:40 PM cst buy 3400 <span class=""UserProfileLink__container___2JY3s""><a data-event=""click"" href=""/1"" id=""user-profile-1-1547604599768-1047"">@1</a></span>.37 +$442.00</div></div>"
WinnipegTrader,True,2019-01-14 15:43:00,1.52,"<div class=""MessageStreamView__body___2giLh""><div><span><a data-event=""click"" data-for=""cashTag"" data-tip=""SBOT"" href=""/symbol/SBOT"" id=""SBOT-150594599-1050"">$SBOT</a></span> these low floaters are money today <span><a data-event=""click"" data-for=""cashTag"" data-tip=""MBOT"" href=""/symbol/MBOT"" id=""MBOT-150594599-1051"">$MBOT</a></span> <span><a data-event=""click"" data-for=""cashTag"" data-tip=""BIOC"" href=""/symbol/BIOC"" id=""BIOC-150594599-1052"">$BIOC</a></span></div></div>"
MosesRiceVIP,True,2019-01-14 15:43:00,1.52,"<div class=""MessageStreamView__body___2giLh""><div>If you missed <span><a data-event=""click"" data-for=""cashTag"" data-tip=""SBOT"" href=""/symbol/SBOT"" id=""SBOT-150594598-1055"">$SBOT</a></span>, <span><a data-event=""click"" data-for=""cashTag"" data-tip=""TENX"" href=""/symbol/TENX"" id=""TENX-150594598-1056"">$TENX</a></span> is next. Has the same buy signals and looks to be creeping up in the same way</div></div>"
FonsieTrader,True,2019-01-14 15:42:00,1.465,"<div class=""MessageStreamView__body___2giLh""><div>Are you watching <span><a data-event=""click"" data-for=""cashTag"" data-tip=""SBOT"" href=""/symbol/SBOT"" id=""SBOT-150594452-1062"">$SBOT</a></span>?</div></div>"
stockrocketman,True,2019-01-14 15:41:00,1.414,"<div class=""MessageStreamView__body___2giLh""><div><span><a data-event=""click"" data-for=""cashTag"" data-tip=""MBOT"" href=""/symbol/MBOT"" id=""MBOT-150594322-1068"">$MBOT</a></span> come to <span><a data-event=""click"" data-for=""cashTag"" data-tip=""SBOT"" href=""/symbol/SBOT"" id=""SBOT-150594322-1069"">$SBOT</a></span> for another 100% possibility</div></div>"
noodles007,True,2019-01-14 15:40:00,1.38,"<div class=""MessageStreamView__body___2giLh""><div><span><a data-event=""click"" data-for=""cashTag"" data-tip=""SBOT"" href=""/symbol/SBOT"" id=""SBOT-150594250-1072"">$SBOT</a></span></div></div>"
Nursejamee,True,2019-01-14 15:39:00,1.361,"<div class=""MessageStreamView__body___2giLh""><div><span><a data-event=""click"" data-for=""cashTag"" data-tip=""SBOT"" href=""/symbol/SBOT"" id=""SBOT-150594038-1075"">$SBOT</a></span> holding overnight.</div></div>"
xiaoniu,True,2019-01-14 15:36:00,1.32,"<div class=""MessageStreamView__body___2giLh""><div><span><a data-event=""click"" data-for=""cashTag"" data-tip=""SBOT"" href=""/symbol/SBOT"" id=""SBOT-150593540-1084"">$SBOT</a></span> ah will spike like mbot</div></div>"
WinnipegTrader,True,2019-01-14 15:35:00,1.305,"<div class=""MessageStreamView__body___2giLh""><div><span><a data-event=""click"" data-for=""cashTag"" data-tip=""SBOT"" href=""/symbol/SBOT"" id=""SBOT-150593411-1090"">$SBOT</a></span> next?</div></div>"
stockrocketman,True,2019-01-14 15:35:00,1.305,"<div class=""MessageStreamView__body___2giLh""><div><span><a data-event=""click"" data-for=""cashTag"" data-tip=""SBOT"" href=""/symbol/SBOT"" id=""SBOT-150593304-1093"">$SBOT</a></span> I hope this gains traction</div></div>"
bogtrading,True,2019-01-14 15:34:00,1.31,"<div class=""MessageStreamView__body___2giLh""><div><span><a data-event=""click"" data-for=""cashTag"" data-tip=""SBOT"" href=""/symbol/SBOT"" id=""SBOT-150593284-1099"">$SBOT</a></span> couldn’t resist profits at 1.28/1.39 over 65% from our swing 🔥 too easy..waiting for <span><a data-event=""click"" data-for=""cashTag"" data-tip=""STAF"" href=""/symbol/STAF"" id=""STAF-150593284-1100"">$STAF</a></span> still.</div></div>"
xiaoniu,True,2019-01-14 15:33:00,1.316,"<div class=""MessageStreamView__body___2giLh""><div><span><a data-event=""click"" data-for=""cashTag"" data-tip=""SBOT"" href=""/symbol/SBOT"" id=""SBOT-150593076-1106"">$SBOT</a></span> mbot already 300% we can easy swing for tomorrow</div></div>"
StockAlerts77,True,2019-01-14 15:30:00,1.383,"<div class=""MessageStreamView__body___2giLh""><div>Watching into the close:

<span><a data-event=""click"" data-for=""cashTag"" data-tip=""SBOT"" href=""/symbol/SBOT"" id=""SBOT-150592596-1120"">$SBOT</a></span> <span><a data-event=""click"" data-for=""cashTag"" data-tip=""OMED"" href=""/symbol/OMED"" id=""OMED-150592596-1121"">$OMED</a></span> <span><a data-event=""click"" data-for=""cashTag"" data-tip=""BIOC"" href=""/symbol/BIOC"" id=""BIOC-150592596-1122"">$BIOC</a></span> <span><a data-event=""click"" data-for=""cashTag"" data-tip=""VVUS"" href=""/symbol/VVUS"" id=""VVUS-150592596-1123"">$VVUS</a></span> <span><a data-event=""click"" data-for=""cashTag"" data-tip=""VXRT"" href=""/symbol/VXRT"" id=""VXRT-150592596-1124"">$VXRT</a></span> <span><a data-event=""click"" data-for=""cashTag"" data-tip=""MBOT"" href=""/symbol/MBOT"" id=""MBOT-150592596-1125"">$MBOT</a></span></div></div>"
knock_out,True,2019-01-14 15:30:00,1.383,"<div class=""MessageStreamView__body___2giLh""><div><span><a data-event=""click"" data-for=""cashTag"" data-tip=""SBOT"" href=""/symbol/SBOT"" id=""SBOT-150592581-1128"">$SBOT</a></span> Over 2 bucks in cash folks. There's room to run!</div></div>"
coastalstocks843,True,2019-01-14 15:30:00,1.383,"<div class=""MessageStreamView__body___2giLh""><div><span><a data-event=""click"" data-for=""cashTag"" data-tip=""SBOT"" href=""/symbol/SBOT"" id=""SBOT-150592572-1131"">$SBOT</a></span> super low float here!</div></div>"
stockrocketman,True,2019-01-14 15:29:00,1.391,"<div class=""MessageStreamView__body___2giLh""><div><span><a data-event=""click"" data-for=""cashTag"" data-tip=""SBOT"" href=""/symbol/SBOT"" id=""SBOT-150592433-1134"">$SBOT</a></span> in at $1.31</div></div>"
xiaoniu,True,2019-01-14 15:29:00,1.391,"<div class=""MessageStreamView__body___2giLh""><div><span><a data-event=""click"" data-for=""cashTag"" data-tip=""SBOT"" href=""/symbol/SBOT"" id=""SBOT-150592397-1137"">$SBOT</a></span> we can swing 300%</div></div>"
s0phisticatedtrdr,True,2019-01-14 15:29:00,1.391,"<div class=""MessageStreamView__body___2giLh""><div><span><a data-event=""click"" data-for=""cashTag"" data-tip=""SBOT"" href=""/symbol/SBOT"" id=""SBOT-150592304-1140"">$SBOT</a></span> The day of the bots! :D</div></div>"
iratherbeskydiving,True,2019-01-14 15:28:00,1.35,"<div class=""MessageStreamView__body___2giLh""><div><span><a data-event=""click"" data-for=""cashTag"" data-tip=""SBOT"" href=""/symbol/SBOT"" id=""SBOT-150592302-1143"">$SBOT</a></span> swinging this 💰💰💸💸</div></div>"
Shroomy726,True,2019-01-14 15:28:00,1.35,"<div class=""MessageStreamView__body___2giLh""><div><span><a data-event=""click"" data-for=""cashTag"" data-tip=""SBOT"" href=""/symbol/SBOT"" id=""SBOT-150592287-1146"">$SBOT</a></span> Low float stock extremely volatile with any volume. 'Moves on air'</div></div>"
xiaoniu,True,2019-01-14 15:28:00,1.35,"<div class=""MessageStreamView__body___2giLh""><div><span><a data-event=""click"" data-for=""cashTag"" data-tip=""SBOT"" href=""/symbol/SBOT"" id=""SBOT-150592257-1149"">$SBOT</a></span></div></div>"
xiaoniu,True,2019-01-14 15:28:00,1.35,"<div class=""MessageStreamView__body___2giLh""><div><span><a data-event=""click"" data-for=""cashTag"" data-tip=""SBOT"" href=""/symbol/SBOT"" id=""SBOT-150592211-1152"">$SBOT</a></span> all in1.18 for overnight swings</div></div>"
ACInvestorBlog,True,2019-01-14 15:28:00,1.35,"<div class=""MessageStreamView__body___2giLh""><div><span><a data-event=""click"" data-for=""cashTag"" data-tip=""SBOT"" href=""/symbol/SBOT"" id=""SBOT-150592152-1155"">$SBOT</a></span> new HOD could squeeze into the close</div></div>"
rickdiculous81789,True,2019-01-14 15:26:00,1.285,"<div class=""MessageStreamView__body___2giLh""><div><span><a data-event=""click"" data-for=""cashTag"" data-tip=""SBOT"" href=""/symbol/SBOT"" id=""SBOT-150591965-1161"">$SBOT</a></span> got in at 1.20</div></div>"
ACInvestorBlog,True,2019-01-14 15:24:00,1.29,"<div class=""MessageStreamView__body___2giLh""><div><span><a data-event=""click"" data-for=""cashTag"" data-tip=""SBOT"" href=""/symbol/SBOT"" id=""SBOT-150591542-1170"">$SBOT</a></span> just 4.7M shares float !!! EMA200 located at 2.35</div></div>"
Shroomy726,True,2019-01-14 15:24:00,1.29,"<div class=""MessageStreamView__body___2giLh""><div><span><a data-event=""click"" data-for=""cashTag"" data-tip=""SBOT"" href=""/symbol/SBOT"" id=""SBOT-150591496-1173"">$SBOT</a></span> Smells like news coming :)</div></div>"
bogtrading,True,2019-01-14 15:23:00,1.27,"<div class=""MessageStreamView__body___2giLh""><div><span><a data-event=""click"" data-for=""cashTag"" data-tip=""SBOT"" href=""/symbol/SBOT"" id=""SBOT-150591305-1179"">$SBOT</a></span> BOOM! finally squeezing. What a reversal from .80’s 🙏🏻🔥</div></div>"
coastalstocks843,True,2019-01-14 15:22:00,1.263,"<div class=""MessageStreamView__body___2giLh""><div><span><a data-event=""click"" data-for=""cashTag"" data-tip=""SBOT"" href=""/symbol/SBOT"" id=""SBOT-150591216-1182"">$SBOT</a></span> boooooom!</div></div>"
ACInvestorBlog,True,2019-01-14 15:22:00,1.263,"<div class=""MessageStreamView__body___2giLh""><div><span><a data-event=""click"" data-for=""cashTag"" data-tip=""SBOT"" href=""/symbol/SBOT"" id=""SBOT-150591126-1189"">$SBOT</a></span> volume is picking up !!!</div></div>"
Toshbabu,True,2019-01-14 15:21:00,1.243,"<div class=""MessageStreamView__body___2giLh""><div><span><a data-event=""click"" data-for=""cashTag"" data-tip=""SBOT"" href=""/symbol/SBOT"" id=""SBOT-150591095-1192"">$SBOT</a></span> time to wakeup mr. Sbot</div></div>"
ACInvestorBlog,True,2019-01-14 15:18:00,1.185,"<div class=""MessageStreamView__body___2giLh""><div>Wow <span><a data-event=""click"" data-for=""cashTag"" data-tip=""BIOC"" href=""/symbol/BIOC"" id=""BIOC-150590466-1198"">$BIOC</a></span> took profits. What a day !!! Keeping my eyes on <span><a data-event=""click"" data-for=""cashTag"" data-tip=""OMED"" href=""/symbol/OMED"" id=""OMED-150590466-1199"">$OMED</a></span> <span><a data-event=""click"" data-for=""cashTag"" data-tip=""SBOT"" href=""/symbol/SBOT"" id=""SBOT-150590466-1200"">$SBOT</a></span> <span><a data-event=""click"" data-for=""cashTag"" data-tip=""VXRT"" href=""/symbol/VXRT"" id=""VXRT-150590466-1201"">$VXRT</a></span> <span><a data-event=""click"" data-for=""cashTag"" data-tip=""OGEN"" href=""/symbol/OGEN"" id=""OGEN-150590466-1202"">$OGEN</a></span> now (SMALL BIO CAPS). Im long in all</div></div>"
ACInvestorBlog,True,2019-01-14 15:14:00,1.167,"<div class=""MessageStreamView__body___2giLh""><div><span><a data-event=""click"" data-for=""cashTag"" data-tip=""SBOT"" href=""/symbol/SBOT"" id=""SBOT-150589801-1212"">$SBOT</a></span> another low floater trading significantly below cash levels. As u know, im long here.</div></div>"
SW6,True,2019-01-14 13:30:00,1.16,"<div class=""MessageStreamView__body___2giLh""><div><span><a data-event=""click"" data-for=""cashTag"" data-tip=""SBOT"" href=""/symbol/SBOT"" id=""SBOT-150573869-1233"">$SBOT</a></span> check out MBOT. Our turn next</div></div>"
coastalstocks843,True,2019-01-14 13:23:00,1.167,"<div class=""MessageStreamView__body___2giLh""><div><span><a data-event=""click"" data-for=""cashTag"" data-tip=""SBOT"" href=""/symbol/SBOT"" id=""SBOT-150572934-1236"">$SBOT</a></span> so close to popping!</div></div>"
bogtrading,True,2019-01-14 12:54:00,1.161,"<div class=""MessageStreamView__body___2giLh""><div><span><a data-event=""click"" data-for=""cashTag"" data-tip=""CCIH"" href=""/symbol/CCIH"" id=""CCIH-150568737-1239"">$CCIH</a></span> <span><a data-event=""click"" data-for=""cashTag"" data-tip=""SBOT"" href=""/symbol/SBOT"" id=""SBOT-150568737-1240"">$SBOT</a></span> ready to breakout, still holding.</div></div>"
BLD33,True,2019-01-14 12:39:00,1.151,"<div class=""MessageStreamView__body___2giLh""><div><span><a data-event=""click"" data-for=""cashTag"" data-tip=""MBOT"" href=""/symbol/MBOT"" id=""MBOT-150566658-1243"">$MBOT</a></span> winner 
<span><a data-event=""click"" data-for=""cashTag"" data-tip=""SBOT"" href=""/symbol/SBOT"" id=""SBOT-150566658-1244"">$SBOT</a></span> Next one 
<span><a data-event=""click"" data-for=""cashTag"" data-tip=""FPAY"" href=""/symbol/FPAY"" id=""FPAY-150566658-1245"">$FPAY</a></span> Will Breakout $1 today ?</div></div>"
russkyigor,True,2019-01-14 11:47:00,1.13,"<div class=""MessageStreamView__body___2giLh""><div><span><a data-event=""click"" data-for=""cashTag"" data-tip=""SBOT"" href=""/symbol/SBOT"" id=""SBOT-150559321-1248"">$SBOT</a></span> L2 tells everything... it is coming :)</div></div>"
Shroomy726,True,2019-01-14 11:19:00,1.134,"<div class=""MessageStreamView__body___2giLh""><div><span><a data-event=""click"" data-for=""cashTag"" data-tip=""AAPL"" href=""/symbol/AAPL"" id=""AAPL-150554913-1251"">$AAPL</a></span> <span><a data-event=""click"" data-for=""cashTag"" data-tip=""FRAN"" href=""/symbol/FRAN"" id=""FRAN-150554913-1252"">$FRAN</a></span> <span><a data-event=""click"" data-for=""cashTag"" data-tip=""PYX"" href=""/symbol/PYX"" id=""PYX-150554913-1253"">$PYX</a></span> <span><a data-event=""click"" data-for=""cashTag"" data-tip=""SBOT"" href=""/symbol/SBOT"" id=""SBOT-150554913-1254"">$SBOT</a></span> Market in consolidation mode. Great day to buy.</div></div>"
BLD33,True,2019-01-14 09:41:00,1.148,"<div class=""MessageStreamView__body___2giLh""><div><span><a data-event=""click"" data-for=""cashTag"" data-tip=""MBOT"" href=""/symbol/MBOT"" id=""MBOT-150538450-1261"">$MBOT</a></span> careful 
Runners: <span><a data-event=""click"" data-for=""cashTag"" data-tip=""NBRV"" href=""/symbol/NBRV"" id=""NBRV-150538450-1262"">$NBRV</a></span> big news today and in short time will end NDA 
<span><a data-event=""click"" data-for=""cashTag"" data-tip=""SBOT"" href=""/symbol/SBOT"" id=""SBOT-150538450-1263"">$SBOT</a></span> buy and sell on News 
<span><a data-event=""click"" data-for=""cashTag"" data-tip=""FPAY"" href=""/symbol/FPAY"" id=""FPAY-150538450-1264"">$FPAY</a></span> some news will come</div></div>"
