AZona,True,2019-01-14 13:14:00,11.227,"<div class=""MessageStreamView__body___2giLh""><div><span><a data-event=""click"" data-for=""cashTag"" data-tip=""FNSR"" href=""/symbol/FNSR"" id=""FNSR-150571683-105"">$FNSR</a></span> long. Too strong to ignore💁🏻‍♀️🙏 

Holding: <span><a data-event=""click"" data-for=""cashTag"" data-tip=""RWLK"" href=""/symbol/RWLK"" id=""RWLK-150571683-106"">$RWLK</a></span> <span><a data-event=""click"" data-for=""cashTag"" data-tip=""RNN"" href=""/symbol/RNN"" id=""RNN-150571683-107"">$RNN</a></span> <span><a data-event=""click"" data-for=""cashTag"" data-tip=""TCON"" href=""/symbol/TCON"" id=""TCON-150571683-108"">$TCON</a></span> <span><a data-event=""click"" data-for=""cashTag"" data-tip=""BB"" href=""/symbol/BB"" id=""BB-150571683-109"">$BB</a></span> <span><a data-event=""click"" data-for=""cashTag"" data-tip=""SGMO"" href=""/symbol/SGMO"" id=""SGMO-150571683-110"">$SGMO</a></span></div></div>"
AZona,True,2019-01-14 11:38:00,11.34,"<div class=""MessageStreamView__body___2giLh""><div><span><a data-event=""click"" data-for=""cashTag"" data-tip=""TCON"" href=""/symbol/TCON"" id=""TCON-150557878-113"">$TCON</a></span> added. Odd dip with multiple upcoming catalyst

<span><a data-event=""click"" data-for=""cashTag"" data-tip=""RNN"" href=""/symbol/RNN"" id=""RNN-150557878-114"">$RNN</a></span> <span><a data-event=""click"" data-for=""cashTag"" data-tip=""SGMO"" href=""/symbol/SGMO"" id=""SGMO-150557878-115"">$SGMO</a></span> still swinging for catalyst run up💁🏻‍♀️ 

Holding <span><a data-event=""click"" data-for=""cashTag"" data-tip=""RWLK"" href=""/symbol/RWLK"" id=""RWLK-150557878-116"">$RWLK</a></span> <span><a data-event=""click"" data-for=""cashTag"" data-tip=""SGMO"" href=""/symbol/SGMO"" id=""SGMO-150557878-117"">$SGMO</a></span> <span><a data-event=""click"" data-for=""cashTag"" data-tip=""FLKS"" href=""/symbol/FLKS"" id=""FLKS-150557878-118"">$FLKS</a></span> <span><a data-event=""click"" data-for=""cashTag"" data-tip=""BB"" href=""/symbol/BB"" id=""BB-150557878-119"">$BB</a></span></div></div>"
jdhopper23,True,2019-01-14 11:33:00,11.324,"<div class=""MessageStreamView__body___2giLh""><div><span><a data-event=""click"" data-for=""cashTag"" data-tip=""AVGR"" href=""/symbol/AVGR"" id=""AVGR-150557054-122"">$AVGR</a></span> About to take off, FDA approval coming soon!  I hope <span><a data-event=""click"" data-for=""cashTag"" data-tip=""SGMO"" href=""/symbol/SGMO"" id=""SGMO-150557054-123"">$SGMO</a></span> <span><a data-event=""click"" data-for=""cashTag"" data-tip=""CRSP"" href=""/symbol/CRSP"" id=""CRSP-150557054-124"">$CRSP</a></span> <span><a data-event=""click"" data-for=""cashTag"" data-tip=""EDIT"" href=""/symbol/EDIT"" id=""EDIT-150557054-125"">$EDIT</a></span> go soon also!  Easy back to $1+ post FDA approval!</div></div>"
teddy56a,True,2019-01-14 11:03:00,11.38,"<div class=""MessageStreamView__body___2giLh""><div><span><a data-event=""click"" data-for=""cashTag"" data-tip=""SGMO"" href=""/symbol/SGMO"" id=""SGMO-150552383-160"">$SGMO</a></span> closing green</div></div>"
AZona,True,2019-01-14 09:51:00,11.18,"<div class=""MessageStreamView__body___2giLh""><div><span><a data-event=""click"" data-for=""cashTag"" data-tip=""SGMO"" href=""/symbol/SGMO"" id=""SGMO-150540076-163"">$SGMO</a></span> Phase 1/2 preliminary safety and biochemical measurements due at WORLDSymposium, 2/7/19 

<span><a data-event=""click"" data-for=""cashTag"" data-tip=""RNN"" href=""/symbol/RNN"" id=""RNN-150540076-164"">$RNN</a></span> <span><a data-event=""click"" data-for=""cashTag"" data-tip=""TCON"" href=""/symbol/TCON"" id=""TCON-150540076-165"">$TCON</a></span> presenting at GI ASCO 2/17/19.</div></div>"
