alexsimonelis,True,2019-01-14 15:16:00,161.274,"<div class=""MessageStreamView__body___2giLh""><div><span><a data-event=""click"" data-for=""cashTag"" data-tip=""CGC"" href=""/symbol/CGC"" id=""CGC-150590193-213"">$CGC</a></span> <span><a data-event=""click"" data-for=""cashTag"" data-tip=""STZ"" href=""/symbol/STZ"" id=""STZ-150590193-214"">$STZ</a></span> Outgoing ceo of STZ said on Cramer last week that he and his brother bought a million STZ shares last week.</div></div>"
eclass,True,2019-01-14 15:11:00,161.62,"<div class=""MessageStreamView__body___2giLh""><div><span><a data-event=""click"" data-for=""cashTag"" data-tip=""CGC"" href=""/symbol/CGC"" id=""CGC-150589261-223"">$CGC</a></span> u really think <span><a data-event=""click"" data-for=""cashTag"" data-tip=""STZ"" href=""/symbol/STZ"" id=""STZ-150589261-224"">$STZ</a></span> would invest 4billion with the option to buy more and watch their investment go up in smoke? They know whats up!</div></div>"
MrCocaineTrading,True,2019-01-14 14:53:00,161,"<div class=""MessageStreamView__body___2giLh""><div>Damn <span><a data-event=""click"" data-for=""cashTag"" data-tip=""STZ"" href=""/symbol/STZ"" id=""STZ-150586440-230"">$STZ</a></span>, looking good! Nice catalyst from <span><a data-event=""click"" data-for=""cashTag"" data-tip=""CGC"" href=""/symbol/CGC"" id=""CGC-150586440-231"">$CGC</a></span>, too. Volume flow and RSI++, we're expecting a full retrace to the 36.2 @ $175 by EOM.</div></div>"
Blueblaze,True,2019-01-14 14:12:00,160.428,"<div class=""MessageStreamView__body___2giLh""><div><span><a data-event=""click"" data-for=""cashTag"" data-tip=""NBEV"" href=""/symbol/NBEV"" id=""NBEV-150580410-251"">$NBEV</a></span> <span><a data-event=""click"" data-for=""cashTag"" data-tip=""STZ"" href=""/symbol/STZ"" id=""STZ-150580410-252"">$STZ</a></span> should acquire NBEV for global CBD distribution and cool new brands</div></div>"
Blueblaze,True,2019-01-14 14:08:00,160.588,"<div class=""MessageStreamView__body___2giLh""><div><span><a data-event=""click"" data-for=""cashTag"" data-tip=""STZ"" href=""/symbol/STZ"" id=""STZ-150579869-255"">$STZ</a></span> co CEO’s discussed that hemp processing facilities buildout in USA would be the same facilities &amp; process for future THC business in US</div></div>"
BmmX2Pgs,True,2019-01-14 14:06:00,160.56,"<div class=""MessageStreamView__body___2giLh""><div><span><a data-event=""click"" data-for=""cashTag"" data-tip=""CGC"" href=""/symbol/CGC"" id=""CGC-150579493-258"">$CGC</a></span> <span><a data-event=""click"" data-for=""cashTag"" data-tip=""STZ"" href=""/symbol/STZ"" id=""STZ-150579493-259"">$STZ</a></span> <span><a data-event=""click"" data-for=""cashTag"" data-tip=""CRON"" href=""/symbol/CRON"" id=""CRON-150579493-260"">$CRON</a></span> <span><a data-event=""click"" data-for=""cashTag"" data-tip=""NBEV"" href=""/symbol/NBEV"" id=""NBEV-150579493-261"">$NBEV</a></span> <span><a data-event=""click"" data-for=""cashTag"" data-tip=""ACB"" href=""/symbol/ACB"" id=""ACB-150579493-262"">$ACB</a></span> better get in while you can still afford it</div></div>"
rickalter,True,2019-01-14 13:36:00,159.03,"<div class=""MessageStreamView__body___2giLh""><div><span><a data-event=""click"" data-for=""cashTag"" data-tip=""STZ"" href=""/symbol/STZ"" id=""STZ-150574917-283"">$STZ</a></span> NOT DROPPING(GRRR)...SO HEADED TO 165. THEN A SELL</div></div>"
cryptoswingtrader,True,2019-01-14 13:27:00,159.12,"<div class=""MessageStreamView__body___2giLh""><div><span><a data-event=""click"" data-for=""cashTag"" data-tip=""NBEV"" href=""/symbol/NBEV"" id=""NBEV-150573415-286"">$NBEV</a></span> Buyout bid from <span><a data-event=""click"" data-for=""cashTag"" data-tip=""STZ"" href=""/symbol/STZ"" id=""STZ-150573415-287"">$STZ</a></span>.  PR forthcoming!.  $12 end of week.</div></div>"
mpari13,True,2019-01-14 13:15:00,159.34,"<div class=""MessageStreamView__body___2giLh""><div><span><a data-event=""click"" data-for=""cashTag"" data-tip=""STZ"" href=""/symbol/STZ"" id=""STZ-150571807-290"">$STZ</a></span> would be shocked to not see this in the mid to upper 160s by friday.</div></div>"
cryptoswingtrader,True,2019-01-14 13:06:00,159.039,"<div class=""MessageStreamView__body___2giLh""><div><span><a data-event=""click"" data-for=""cashTag"" data-tip=""NBEV"" href=""/symbol/NBEV"" id=""NBEV-150570513-293"">$NBEV</a></span> BUYOUT!!!  <span><a data-event=""click"" data-for=""cashTag"" data-tip=""STZ"" href=""/symbol/STZ"" id=""STZ-150570513-294"">$STZ</a></span> <span><a data-event=""click"" data-for=""cashTag"" data-tip=""SPY"" href=""/symbol/SPY"" id=""SPY-150570513-295"">$SPY</a></span> <span><a data-event=""click"" data-for=""cashTag"" data-tip=""TRLY"" href=""/symbol/TRLY"" id=""TRLY-150570513-296"">$TRLY</a></span> <span><a data-event=""click"" data-for=""cashTag"" data-tip=""APHA"" href=""/symbol/APHA"" id=""APHA-150570513-297"">$APHA</a></span> Finally</div></div>"
cryptoswingtrader,True,2019-01-14 12:57:00,159.046,"<div class=""MessageStreamView__body___2giLh""><div><span><a data-event=""click"" data-for=""cashTag"" data-tip=""NBEV"" href=""/symbol/NBEV"" id=""NBEV-150569143-300"">$NBEV</a></span> <span><a data-event=""click"" data-for=""cashTag"" data-tip=""STZ"" href=""/symbol/STZ"" id=""STZ-150569143-301"">$STZ</a></span> buyout!  <span><a data-event=""click"" data-for=""cashTag"" data-tip=""CGC"" href=""/symbol/CGC"" id=""CGC-150569143-302"">$CGC</a></span> <span><a data-event=""click"" data-for=""cashTag"" data-tip=""TLRY"" href=""/symbol/TLRY"" id=""TLRY-150569143-303"">$TLRY</a></span> <span><a data-event=""click"" data-for=""cashTag"" data-tip=""ACB"" href=""/symbol/ACB"" id=""ACB-150569143-304"">$ACB</a></span> <span><a data-event=""click"" data-for=""cashTag"" data-tip=""APHA"" href=""/symbol/APHA"" id=""APHA-150569143-305"">$APHA</a></span></div></div>"
Brice33,False,2019-01-14 12:52:00,159.083,"<div class=""MessageStreamView__body___2giLh""><div><span><a data-event=""click"" data-for=""cashTag"" data-tip=""EBAY"" href=""/symbol/EBAY"" id=""EBAY-150568491-308"">$EBAY</a></span> <span><a data-event=""click"" data-for=""cashTag"" data-tip=""STZ"" href=""/symbol/STZ"" id=""STZ-150568491-309"">$STZ</a></span></div></div>"
tommytrade,True,2019-01-14 12:21:00,159.439,"<div class=""MessageStreamView__body___2giLh""><div><span><a data-event=""click"" data-for=""cashTag"" data-tip=""STZ"" href=""/symbol/STZ"" id=""STZ-150564164-315"">$STZ</a></span> $163 this week!</div></div>"
WolfofWeedSt,False,2019-01-14 10:31:00,160.19,"<div class=""MessageStreamView__body___2giLh""><div><span><a data-event=""click"" data-for=""cashTag"" data-tip=""STZ"" href=""/symbol/STZ"" id=""STZ-150546985-321"">$STZ</a></span> looking for $159</div></div>"
seandozamoneybags,True,2019-01-14 09:44:00,160.325,"<div class=""MessageStreamView__body___2giLh""><div><span><a data-event=""click"" data-for=""cashTag"" data-tip=""STZ"" href=""/symbol/STZ"" id=""STZ-150538864-327"">$STZ</a></span> gap to fill</div></div>"
