MosesRiceVIP,True,2019-01-14 15:50:00,1.161,"<div class=""MessageStreamView__body___2giLh""><div><span><a data-event=""click"" data-for=""cashTag"" data-tip=""TENX"" href=""/symbol/TENX"" id=""TENX-150595850-657"">$TENX</a></span> Secondary offering is closed, so nowhere to go from here but up.</div></div>"
MosesRiceVIP,True,2019-01-14 15:43:00,1.17,"<div class=""MessageStreamView__body___2giLh""><div>If you missed <span><a data-event=""click"" data-for=""cashTag"" data-tip=""SBOT"" href=""/symbol/SBOT"" id=""SBOT-150594598-660"">$SBOT</a></span>, <span><a data-event=""click"" data-for=""cashTag"" data-tip=""TENX"" href=""/symbol/TENX"" id=""TENX-150594598-661"">$TENX</a></span> is next. Has the same buy signals and looks to be creeping up in the same way</div></div>"
ExDrugDealer,True,2019-01-14 14:21:00,1.142,"<div class=""MessageStreamView__body___2giLh""><div><span><a data-event=""click"" data-for=""cashTag"" data-tip=""TENX"" href=""/symbol/TENX"" id=""TENX-150581691-667"">$TENX</a></span> the smallest bit of news will send this stock soaring into the 2s</div></div>"
Takmau,True,2019-01-14 13:40:00,1.144,"<div class=""MessageStreamView__body___2giLh""><div><span><a data-event=""click"" data-for=""cashTag"" data-tip=""AETI"" href=""/symbol/AETI"" id=""AETI-150575458-670"">$AETI</a></span> from <span><a data-event=""click"" data-for=""cashTag"" data-tip=""MNGA"" href=""/symbol/MNGA"" id=""MNGA-150575458-671"">$MNGA</a></span> <span><a data-event=""click"" data-for=""cashTag"" data-tip=""CEI"" href=""/symbol/CEI"" id=""CEI-150575458-672"">$CEI</a></span> <span><a data-event=""click"" data-for=""cashTag"" data-tip=""TENX"" href=""/symbol/TENX"" id=""TENX-150575458-673"">$TENX</a></span> <span><a data-event=""click"" data-for=""cashTag"" data-tip=""AMTX"" href=""/symbol/AMTX"" id=""AMTX-150575458-674"">$AMTX</a></span> NOW ALL IN AETI 😍😍😍😍</div></div>"
TheMoose1026,True,2019-01-14 13:37:00,1.15,"<div class=""MessageStreamView__body___2giLh""><div><span><a data-event=""click"" data-for=""cashTag"" data-tip=""MBOT"" href=""/symbol/MBOT"" id=""MBOT-150574947-677"">$MBOT</a></span> love how this is going!!!! Hopefully <span><a data-event=""click"" data-for=""cashTag"" data-tip=""ABIL"" href=""/symbol/ABIL"" id=""ABIL-150574947-678"">$ABIL</a></span> ir <span><a data-event=""click"" data-for=""cashTag"" data-tip=""TENX"" href=""/symbol/TENX"" id=""TENX-150574947-679"">$TENX</a></span>  is next</div></div>"
free2dream,True,2019-01-14 12:56:00,1.14,"<div class=""MessageStreamView__body___2giLh""><div><span><a data-event=""click"" data-for=""cashTag"" data-tip=""MBOT"" href=""/symbol/MBOT"" id=""MBOT-150569015-688"">$MBOT</a></span> <span><a data-event=""click"" data-for=""cashTag"" data-tip=""TENX"" href=""/symbol/TENX"" id=""TENX-150569015-689"">$TENX</a></span> is the next <span><a data-event=""click"" data-for=""cashTag"" data-tip=""MBOT"" href=""/symbol/MBOT"" id=""MBOT-150569015-690"">$MBOT</a></span> !</div></div>"
TheMoose1026,True,2019-01-14 12:00:00,1.141,"<div class=""MessageStreamView__body___2giLh""><div><span><a data-event=""click"" data-for=""cashTag"" data-tip=""MBOT"" href=""/symbol/MBOT"" id=""MBOT-150561031-693"">$MBOT</a></span> hoping <span><a data-event=""click"" data-for=""cashTag"" data-tip=""ABIL"" href=""/symbol/ABIL"" id=""ABIL-150561031-694"">$ABIL</a></span> is <span><a data-event=""click"" data-for=""cashTag"" data-tip=""TENX"" href=""/symbol/TENX"" id=""TENX-150561031-695"">$TENX</a></span> Is next to go!!! Both should have news soon!</div></div>"
jcmangan,True,2019-01-14 11:21:00,1.142,"<div class=""MessageStreamView__body___2giLh""><div><span><a data-event=""click"" data-for=""cashTag"" data-tip=""AVGR"" href=""/symbol/AVGR"" id=""AVGR-150555167-701"">$AVGR</a></span> and <span><a data-event=""click"" data-for=""cashTag"" data-tip=""TENX"" href=""/symbol/TENX"" id=""TENX-150555167-702"">$TENX</a></span> Potential big movers on a day like today</div></div>"
blackfish10_Twits,True,2019-01-14 10:38:00,1.16,"<div class=""MessageStreamView__body___2giLh""><div><span><a data-event=""click"" data-for=""cashTag"" data-tip=""TENX"" href=""/symbol/TENX"" id=""TENX-150548130-705"">$TENX</a></span> <span class=""UserProfileLink__container___2JY3s""><a data-event=""click"" href=""/AZOZ"" id=""user-profile-AZOZ-1547606365508-706"">@AZOZ</a></span>  Tiny tiny float...   Positive News and PPS 2-3x

 1,465,496 shares of Common Stock outstanding as of December 6, 2018</div></div>"
jsp4423,True,2019-01-14 09:47:00,1.174,"<div class=""MessageStreamView__body___2giLh""><div><span><a data-event=""click"" data-for=""cashTag"" data-tip=""TENX"" href=""/symbol/TENX"" id=""TENX-150539444-712"">$TENX</a></span> 💪</div></div>"
