gordonstoun,True,2019-01-14 15:35:00,98.375,"<div class=""MessageStreamView__body___2giLh""><div><span><a data-event=""click"" data-for=""cashTag"" data-tip=""TWLO"" href=""/symbol/TWLO"" id=""TWLO-150593428-621"">$TWLO</a></span> ""Alarm bells are ringing, Willy!"" <a data-event=""click"" href=""https://youtu.be/3Neq2ey3mgE"" rel=""noopener nofollow"" target=""_blank"">youtube.com/watch?v=3Neq2ey...</a></div></div>"
unodare1,True,2019-01-14 15:17:00,98.719,"<div class=""MessageStreamView__body___2giLh""><div><span><a data-event=""click"" data-for=""cashTag"" data-tip=""TWLO"" href=""/symbol/TWLO"" id=""TWLO-150590286-633"">$TWLO</a></span> looks like another small boom is coming any second now</div></div>"
rakesh1980,True,2019-01-14 15:02:00,98.645,"<div class=""MessageStreamView__body___2giLh""><div><span><a data-event=""click"" data-for=""cashTag"" data-tip=""TWLO"" href=""/symbol/TWLO"" id=""TWLO-150587819-639"">$TWLO</a></span> Hold on to this baby,120 soon..gl all</div></div>"
Madsaddog,True,2019-01-14 14:59:00,98.66,"<div class=""MessageStreamView__body___2giLh""><div><span><a data-event=""click"" data-for=""cashTag"" data-tip=""TWLO"" href=""/symbol/TWLO"" id=""TWLO-150587401-645"">$TWLO</a></span> is it ripped for shorting at $99 or at $100</div></div>"
rickalter,True,2019-01-14 14:57:00,98.53,"<div class=""MessageStreamView__body___2giLh""><div><span><a data-event=""click"" data-for=""cashTag"" data-tip=""TWLO"" href=""/symbol/TWLO"" id=""TWLO-150587053-648"">$TWLO</a></span> CALLS ARE UP ON THIS TRADE 800 BUCK WINNER!</div></div>"
Don_Heisenberg,True,2019-01-14 14:57:00,98.53,"<div class=""MessageStreamView__body___2giLh""><div><span><a data-event=""click"" data-for=""cashTag"" data-tip=""TWLO"" href=""/symbol/TWLO"" id=""TWLO-150587024-651"">$TWLO</a></span> close above 99 would be nice.</div></div>"
unodare1,True,2019-01-14 14:51:00,98.57,"<div class=""MessageStreamView__body___2giLh""><div><span><a data-event=""click"" data-for=""cashTag"" data-tip=""TWLO"" href=""/symbol/TWLO"" id=""TWLO-150586145-654"">$TWLO</a></span> what a monster wow</div></div>"
yidarmy,False,2019-01-14 14:45:00,98.265,"<div class=""MessageStreamView__body___2giLh""><div><span><a data-event=""click"" data-for=""cashTag"" data-tip=""TWLO"" href=""/symbol/TWLO"" id=""TWLO-150585265-657"">$TWLO</a></span> waiting to reload another short..go going higher.</div></div>"
Mugiwaraa,True,2019-01-14 14:15:00,98.13,"<div class=""MessageStreamView__body___2giLh""><div><span><a data-event=""click"" data-for=""cashTag"" data-tip=""TWLO"" href=""/symbol/TWLO"" id=""TWLO-150580813-677"">$TWLO</a></span></div></div>"
gordonstoun,True,2019-01-14 14:09:00,98.175,"<div class=""MessageStreamView__body___2giLh""><div><span><a data-event=""click"" data-for=""cashTag"" data-tip=""TWLO"" href=""/symbol/TWLO"" id=""TWLO-150579940-687"">$TWLO</a></span> feisty in @ 98</div></div>"
unodare1,True,2019-01-14 14:06:00,98.053,"<div class=""MessageStreamView__body___2giLh""><div><span><a data-event=""click"" data-for=""cashTag"" data-tip=""TWLO"" href=""/symbol/TWLO"" id=""TWLO-150579411-690"">$TWLO</a></span> wow crazy gradual rally here</div></div>"
Mugiwaraa,True,2019-01-14 14:03:00,97.825,"<div class=""MessageStreamView__body___2giLh""><div><span><a data-event=""click"" data-for=""cashTag"" data-tip=""TWLO"" href=""/symbol/TWLO"" id=""TWLO-150578981-699"">$TWLO</a></span> Very strong 💪🏻 on low volume. Setting up for a breakout on the 4hour chart.</div></div>"
Profit10583,True,2019-01-14 13:37:00,97.425,"<div class=""MessageStreamView__body___2giLh""><div><span><a data-event=""click"" data-for=""cashTag"" data-tip=""TWLO"" href=""/symbol/TWLO"" id=""TWLO-150574990-708"">$TWLO</a></span> she never wants to be red!!!!</div></div>"
usiv,True,2019-01-14 13:28:00,97.278,"<div class=""MessageStreamView__body___2giLh""><div><span><a data-event=""click"" data-for=""cashTag"" data-tip=""TWLO"" href=""/symbol/TWLO"" id=""TWLO-150573554-711"">$TWLO</a></span> en ready for ripping</div></div>"
unodare1,True,2019-01-14 13:23:00,97.34,"<div class=""MessageStreamView__body___2giLh""><div><span><a data-event=""click"" data-for=""cashTag"" data-tip=""TWLO"" href=""/symbol/TWLO"" id=""TWLO-150572962-714"">$TWLO</a></span> headed back over 100</div></div>"
unodare1,True,2019-01-14 12:50:00,97.036,"<div class=""MessageStreamView__body___2giLh""><div><span><a data-event=""click"" data-for=""cashTag"" data-tip=""TWLO"" href=""/symbol/TWLO"" id=""TWLO-150568191-724"">$TWLO</a></span> glad i jumped in at the pennant this morning</div></div>"
Dr_Stoxx,True,2019-01-14 12:37:00,96.593,"<div class=""MessageStreamView__body___2giLh""><div><span><a data-event=""click"" data-for=""cashTag"" data-tip=""TWLO"" href=""/symbol/TWLO"" id=""TWLO-150566468-735"">$TWLO</a></span> Then there's this must-own beauty.. You buy this one and don't sell it.</div></div>"
WeKnowBarryInvestments,True,2019-01-14 12:35:00,96.687,"<div class=""MessageStreamView__body___2giLh""><div><span><a data-event=""click"" data-for=""cashTag"" data-tip=""TWLO"" href=""/symbol/TWLO"" id=""TWLO-150566227-738"">$TWLO</a></span> she wants $97</div></div>"
twiifm,False,2019-01-14 12:02:00,95.996,"<div class=""MessageStreamView__body___2giLh""><div><span><a data-event=""click"" data-for=""cashTag"" data-tip=""TWLO"" href=""/symbol/TWLO"" id=""TWLO-150561436-741"">$TWLO</a></span> overpriced automated text messaging service</div></div>"
svertical1,True,2019-01-14 11:48:00,96.428,"<div class=""MessageStreamView__body___2giLh""><div><span><a data-event=""click"" data-for=""cashTag"" data-tip=""TWLO"" href=""/symbol/TWLO"" id=""TWLO-150559400-744"">$TWLO</a></span> With 50%+ sales growth-and continued capex tailwind from tax cuts-TWLO in sweet spot for continued growth.</div></div>"
unodare1,True,2019-01-14 11:05:00,96.36,"<div class=""MessageStreamView__body___2giLh""><div><span><a data-event=""click"" data-for=""cashTag"" data-tip=""TWLO"" href=""/symbol/TWLO"" id=""TWLO-150552595-756"">$TWLO</a></span> looks fantastic on the daily</div></div>"
unodare1,True,2019-01-14 10:56:00,96.428,"<div class=""MessageStreamView__body___2giLh""><div><span><a data-event=""click"" data-for=""cashTag"" data-tip=""TWLO"" href=""/symbol/TWLO"" id=""TWLO-150551241-764"">$TWLO</a></span> booooooooom!!</div></div>"
usiv,True,2019-01-14 10:52:00,96.055,"<div class=""MessageStreamView__body___2giLh""><div><span><a data-event=""click"" data-for=""cashTag"" data-tip=""TWLO"" href=""/symbol/TWLO"" id=""TWLO-150550566-772"">$TWLO</a></span> holding</div></div>"
horseride,False,2019-01-14 09:56:00,94.91,"<div class=""MessageStreamView__body___2giLh""><div><span><a data-event=""click"" data-for=""cashTag"" data-tip=""TWLO"" href=""/symbol/TWLO"" id=""TWLO-150541056-793"">$TWLO</a></span> great recession is coming?! Everything falls again.</div></div>"
