Dark_prince,True,2019-01-14 14:15:00,0.5299,"<div class=""MessageStreamView__body___2giLh""><div><span><a data-event=""click"" data-for=""cashTag"" data-tip=""UAVS"" href=""/symbol/UAVS"" id=""UAVS-150580870-72"">$UAVS</a></span> Donald trump at the American farm <a data-event=""click"" href=""https://www.youtube.com/watch?v=MWZDrEgWuOA"" rel=""noopener nofollow"" target=""_blank"">youtube.com/watch?v=MWZDrEg...</a></div></div>"
NietzscheSchnitzle,True,2019-01-14 13:12:00,0.53,"<div class=""MessageStreamView__body___2giLh""><div><span><a data-event=""click"" data-for=""cashTag"" data-tip=""UAVS"" href=""/symbol/UAVS"" id=""UAVS-150571391-78"">$UAVS</a></span> Mooney when you sell this to <span><a data-event=""click"" data-for=""cashTag"" data-tip=""BAYRY"" href=""/symbol/BAYRY"" id=""BAYRY-150571391-79"">$BAYRY</a></span> like Climate Corp make sure we get 2 to 1 on the acquisition. That'll give them 1 billion O/S even</div></div>"
mstan,True,2019-01-14 12:55:00,0.5153,"<div class=""MessageStreamView__body___2giLh""><div><span><a data-event=""click"" data-for=""cashTag"" data-tip=""MBOT"" href=""/symbol/MBOT"" id=""MBOT-150568938-85"">$MBOT</a></span> <span><a data-event=""click"" data-for=""cashTag"" data-tip=""UAVS"" href=""/symbol/UAVS"" id=""UAVS-150568938-86"">$UAVS</a></span> <span><a data-event=""click"" data-for=""cashTag"" data-tip=""RWLK"" href=""/symbol/RWLK"" id=""RWLK-150568938-87"">$RWLK</a></span> <span><a data-event=""click"" data-for=""cashTag"" data-tip=""CRIS"" href=""/symbol/CRIS"" id=""CRIS-150568938-88"">$CRIS</a></span> <span><a data-event=""click"" data-for=""cashTag"" data-tip=""AYTU"" href=""/symbol/AYTU"" id=""AYTU-150568938-89"">$AYTU</a></span></div></div>"
jsp4423,True,2019-01-14 10:30:00,0.5208,"<div class=""MessageStreamView__body___2giLh""><div><span><a data-event=""click"" data-for=""cashTag"" data-tip=""UAVS"" href=""/symbol/UAVS"" id=""UAVS-150546893-92"">$UAVS</a></span> like to run this week</div></div>"
Yearocat,True,2019-01-14 10:23:00,0.5142,"<div class=""MessageStreamView__body___2giLh""><div><span><a data-event=""click"" data-for=""cashTag"" data-tip=""UAVS"" href=""/symbol/UAVS"" id=""UAVS-150545905-95"">$UAVS</a></span> Still waiting on the news here.</div></div>"
