Tnhood90,True,2019-01-14 15:59:00,60.802,"<div class=""MessageStreamView__body___2giLh""><div><span><a data-event=""click"" data-for=""cashTag"" data-tip=""UGAZ"" href=""/symbol/UGAZ"" id=""UGAZ-150597515-3587"">$UGAZ</a></span> all yall getting out will regret it tmrw lol</div></div>"
Steel_City,True,2019-01-14 15:58:00,60.801,"<div class=""MessageStreamView__body___2giLh""><div><span><a data-event=""click"" data-for=""cashTag"" data-tip=""UGAZ"" href=""/symbol/UGAZ"" id=""UGAZ-150597435-3590"">$UGAZ</a></span> we will hold our gains and go higher. Unlike the other dumb tickers that blasted off today</div></div>"
Tnhood90,True,2019-01-14 15:58:00,60.801,"<div class=""MessageStreamView__body___2giLh""><div><span><a data-event=""click"" data-for=""cashTag"" data-tip=""UGAZ"" href=""/symbol/UGAZ"" id=""UGAZ-150597370-3593"">$UGAZ</a></span> she grew some legs</div></div>"
fidycent,True,2019-01-14 15:56:00,60.631,"<div class=""MessageStreamView__body___2giLh""><div><span><a data-event=""click"" data-for=""cashTag"" data-tip=""UGAZ"" href=""/symbol/UGAZ"" id=""UGAZ-150597072-3606"">$UGAZ</a></span> BULL FINISH!  Nice!</div></div>"
abyssac,False,2019-01-14 15:56:00,60.631,"<div class=""MessageStreamView__body___2giLh""><div><span><a data-event=""click"" data-for=""cashTag"" data-tip=""UGAZ"" href=""/symbol/UGAZ"" id=""UGAZ-150596948-3609"">$UGAZ</a></span> remember how this pump in dump works, you will never win if you hold someone else is controlling your money</div></div>"
GlobalTrekkar,True,2019-01-14 15:55:00,60.485,"<div class=""MessageStreamView__body___2giLh""><div><span><a data-event=""click"" data-for=""cashTag"" data-tip=""UGAZ"" href=""/symbol/UGAZ"" id=""UGAZ-150596919-3612"">$UGAZ</a></span> <span><a data-event=""click"" data-for=""cashTag"" data-tip=""BOIL"" href=""/symbol/BOIL"" id=""BOIL-150596919-3613"">$BOIL</a></span> 

Hope some listened...

Another great swing from DD</div></div>"
Tnhood90,True,2019-01-14 15:54:00,60.382,"<div class=""MessageStreamView__body___2giLh""><div><span><a data-event=""click"" data-for=""cashTag"" data-tip=""UGAZ"" href=""/symbol/UGAZ"" id=""UGAZ-150596742-3620"">$UGAZ</a></span> this thing bout to run in AH</div></div>"
marketpro111983,False,2019-01-14 15:54:00,60.382,"<div class=""MessageStreamView__body___2giLh""><div><span><a data-event=""click"" data-for=""cashTag"" data-tip=""UGAZ"" href=""/symbol/UGAZ"" id=""UGAZ-150596633-3623"">$UGAZ</a></span> tonight and tomorrow is going to be so fun!!!!</div></div>"
Techbuds,True,2019-01-14 15:54:00,60.382,"<div class=""MessageStreamView__body___2giLh""><div><span><a data-event=""click"" data-for=""cashTag"" data-tip=""UGAZ"" href=""/symbol/UGAZ"" id=""UGAZ-150596573-3626"">$UGAZ</a></span> Crazy day! Lock in those profits!</div></div>"
fidycent,True,2019-01-14 15:51:00,60.46,"<div class=""MessageStreamView__body___2giLh""><div><span><a data-event=""click"" data-for=""cashTag"" data-tip=""UGAZ"" href=""/symbol/UGAZ"" id=""UGAZ-150596122-3629"">$UGAZ</a></span> I wouldn't hold this if you are shorting tonight.  Better cover now.  Prior to 62+</div></div>"
trades011235813,True,2019-01-14 15:51:00,60.46,"<div class=""MessageStreamView__body___2giLh""><div><span><a data-event=""click"" data-for=""cashTag"" data-tip=""UGAZ"" href=""/symbol/UGAZ"" id=""UGAZ-150596068-3632"">$UGAZ</a></span> ill sell around 200 friday in AH let it snow let it snow!</div></div>"
Steel_City,True,2019-01-14 15:47:00,60.469,"<div class=""MessageStreamView__body___2giLh""><div><span><a data-event=""click"" data-for=""cashTag"" data-tip=""UGAZ"" href=""/symbol/UGAZ"" id=""UGAZ-150595287-3651"">$UGAZ</a></span> looks like we have another date tomorrow</div></div>"
vbcapital,True,2019-01-14 15:46:00,60.519,"<div class=""MessageStreamView__body___2giLh""><div><span><a data-event=""click"" data-for=""cashTag"" data-tip=""UGAZ"" href=""/symbol/UGAZ"" id=""UGAZ-150595178-3654"">$UGAZ</a></span>  loaded for 70</div></div>"
boscolondo,True,2019-01-14 15:46:00,60.519,"<div class=""MessageStreamView__body___2giLh""><div><span><a data-event=""click"" data-for=""cashTag"" data-tip=""UGAZ"" href=""/symbol/UGAZ"" id=""UGAZ-150595157-3657"">$UGAZ</a></span> I’m holding overnight weeeeee</div></div>"
abyssac,False,2019-01-14 15:45:00,60.418,"<div class=""MessageStreamView__body___2giLh""><div><span><a data-event=""click"" data-for=""cashTag"" data-tip=""UGAZ"" href=""/symbol/UGAZ"" id=""UGAZ-150595089-3660"">$UGAZ</a></span> ""put some socks on dont play with the themostat""</div></div>"
Princeton31,True,2019-01-14 15:44:00,60.536,"<div class=""MessageStreamView__body___2giLh""><div><span><a data-event=""click"" data-for=""cashTag"" data-tip=""UGAZ"" href=""/symbol/UGAZ"" id=""UGAZ-150594875-3663"">$UGAZ</a></span> is the snow blizzard coming up gonna pay for our retirement? 

I hope so...</div></div>"
trades011235813,True,2019-01-14 15:44:00,60.536,"<div class=""MessageStreamView__body___2giLh""><div><span><a data-event=""click"" data-for=""cashTag"" data-tip=""UGAZ"" href=""/symbol/UGAZ"" id=""UGAZ-150594870-3666"">$UGAZ</a></span> ill take 30% a day anyday! Going up all week holding and adding</div></div>"
ajblizz6,True,2019-01-14 15:43:00,60.529,"<div class=""MessageStreamView__body___2giLh""><div><span><a data-event=""click"" data-for=""cashTag"" data-tip=""UGAZ"" href=""/symbol/UGAZ"" id=""UGAZ-150594638-3669"">$UGAZ</a></span> waiting on another big jump in this week</div></div>"
vbcapital,True,2019-01-14 15:42:00,60.528,"<div class=""MessageStreamView__body___2giLh""><div><span><a data-event=""click"" data-for=""cashTag"" data-tip=""UGAZ"" href=""/symbol/UGAZ"" id=""UGAZ-150594539-3672"">$UGAZ</a></span> 70 coming load it👍💵💵💵💵</div></div>"
JEFFBOND,True,2019-01-14 15:41:00,60.537,"<div class=""MessageStreamView__body___2giLh""><div><span><a data-event=""click"" data-for=""cashTag"" data-tip=""UGAZ"" href=""/symbol/UGAZ"" id=""UGAZ-150594404-3675"">$UGAZ</a></span> Hang in there HomeGirlz! My shaman smoked some <span><a data-event=""click"" data-for=""cashTag"" data-tip=""CGC"" href=""/symbol/CGC"" id=""CGC-150594404-3676"">$CGC</a></span> and has seen the future. Jan 17th @ 10:30AM report may move NG to 4.20$🥶⛄️🚀💰💰</div></div>"
fidycent,True,2019-01-14 15:39:00,60.494,"<div class=""MessageStreamView__body___2giLh""><div><span><a data-event=""click"" data-for=""cashTag"" data-tip=""UGAZ"" href=""/symbol/UGAZ"" id=""UGAZ-150593946-3679"">$UGAZ</a></span> Bears, don't let that 60.5 break. :D</div></div>"
vbcapital,True,2019-01-14 15:38:00,60.46,"<div class=""MessageStreamView__body___2giLh""><div><span><a data-event=""click"" data-for=""cashTag"" data-tip=""UGAZ"" href=""/symbol/UGAZ"" id=""UGAZ-150593833-3682"">$UGAZ</a></span> load it 70 soon</div></div>"
Sennvillian,True,2019-01-14 15:36:00,60.162,"<div class=""MessageStreamView__body___2giLh""><div><span><a data-event=""click"" data-for=""cashTag"" data-tip=""UGAZ"" href=""/symbol/UGAZ"" id=""UGAZ-150593579-3688"">$UGAZ</a></span> can this hit $89 this week?</div></div>"
Tnhood90,True,2019-01-14 15:34:00,60.045,"<div class=""MessageStreamView__body___2giLh""><div><span><a data-event=""click"" data-for=""cashTag"" data-tip=""UGAZ"" href=""/symbol/UGAZ"" id=""UGAZ-150593227-3707"">$UGAZ</a></span> yall crack me up. saying its not even that cold. you do know there is a diff temp all over the US right? lmao not just where you are</div></div>"
Lionhearted1,True,2019-01-14 15:33:00,59.986,"<div class=""MessageStreamView__body___2giLh""><div><span><a data-event=""click"" data-for=""cashTag"" data-tip=""UGAZ"" href=""/symbol/UGAZ"" id=""UGAZ-150593125-3710"">$UGAZ</a></span> <a data-event=""click"" href=""https://www.cnbc.com/2019/01/14/natural-gas-prices-spike-13-percent-on-forecasts-for-long-severe-cold.html"" rel=""noopener nofollow"" target=""_blank"">cnbc.com/2019/01/14/natural...</a></div></div>"
smayr,True,2019-01-14 15:32:00,60.197,"<div class=""MessageStreamView__body___2giLh""><div><span><a data-event=""click"" data-for=""cashTag"" data-tip=""UGAZ"" href=""/symbol/UGAZ"" id=""UGAZ-150592834-3719"">$UGAZ</a></span> If NG hits $5, this is easily over $200!!</div></div>"
Tnhood90,True,2019-01-14 15:31:00,60.249,"<div class=""MessageStreamView__body___2giLh""><div><span><a data-event=""click"" data-for=""cashTag"" data-tip=""UGAZ"" href=""/symbol/UGAZ"" id=""UGAZ-150592714-3726"">$UGAZ</a></span> could be wrong but gut feeling this thing runs in after hours</div></div>"
Tnhood90,True,2019-01-14 15:25:00,60.356,"<div class=""MessageStreamView__body___2giLh""><div><span><a data-event=""click"" data-for=""cashTag"" data-tip=""UGAZ"" href=""/symbol/UGAZ"" id=""UGAZ-150591747-3742"">$UGAZ</a></span> guess the bears went into hybernation because of all this cold!</div></div>"
McCrackin61,True,2019-01-14 15:25:00,60.356,"<div class=""MessageStreamView__body___2giLh""><div><span><a data-event=""click"" data-for=""cashTag"" data-tip=""UGAZ"" href=""/symbol/UGAZ"" id=""UGAZ-150591741-3745"">$UGAZ</a></span> it’s the calm before the storm.....</div></div>"
jpchan,True,2019-01-14 15:23:00,60.427,"<div class=""MessageStreamView__body___2giLh""><div><span><a data-event=""click"" data-for=""cashTag"" data-tip=""UGAZ"" href=""/symbol/UGAZ"" id=""UGAZ-150591464-3751"">$UGAZ</a></span>, NG might get little pull back due to cashing out profit. Overall it is a buy. Hold for bullish run till next week</div></div>"
Tnhood90,True,2019-01-14 15:23:00,60.427,"<div class=""MessageStreamView__body___2giLh""><div><span><a data-event=""click"" data-for=""cashTag"" data-tip=""UGAZ"" href=""/symbol/UGAZ"" id=""UGAZ-150591312-3764"">$UGAZ</a></span> no afternoon sell off this thing is running hard! plenty of gas left in the tank! eat dirt bears</div></div>"
vbcapital,True,2019-01-14 15:22:00,60.494,"<div class=""MessageStreamView__body___2giLh""><div><span><a data-event=""click"" data-for=""cashTag"" data-tip=""UGAZ"" href=""/symbol/UGAZ"" id=""UGAZ-150591140-3767"">$UGAZ</a></span> 62</div></div>"
SuperD0322,True,2019-01-14 15:21:00,60.465,"<div class=""MessageStreamView__body___2giLh""><div><span><a data-event=""click"" data-for=""cashTag"" data-tip=""UGAZ"" href=""/symbol/UGAZ"" id=""UGAZ-150591021-3770"">$UGAZ</a></span> 😎 ✌️</div></div>"
CK89,False,2019-01-14 15:20:00,60.422,"<div class=""MessageStreamView__body___2giLh""><div><span><a data-event=""click"" data-for=""cashTag"" data-tip=""UGAZ"" href=""/symbol/UGAZ"" id=""UGAZ-150590920-3773"">$UGAZ</a></span> This time we gonna see single digit!!! Watch Out!!! Always crush hard!!!</div></div>"
Tnhood90,True,2019-01-14 15:17:00,60.176,"<div class=""MessageStreamView__body___2giLh""><div><span><a data-event=""click"" data-for=""cashTag"" data-tip=""UGAZ"" href=""/symbol/UGAZ"" id=""UGAZ-150590290-3789"">$UGAZ</a></span> dont let the bears scare you guys they dont know what they are doing</div></div>"
Skimblefranks,True,2019-01-14 15:16:00,60.055,"<div class=""MessageStreamView__body___2giLh""><div><span><a data-event=""click"" data-for=""cashTag"" data-tip=""UGAZ"" href=""/symbol/UGAZ"" id=""UGAZ-150590185-3792"">$UGAZ</a></span> on <a data-event=""click"" href=""http://investing.com"" rel=""noopener nofollow"" target=""_blank"">investing.com</a> article says NG could hit $5</div></div>"
smayr,True,2019-01-14 15:16:00,60.055,"<div class=""MessageStreamView__body___2giLh""><div><span><a data-event=""click"" data-for=""cashTag"" data-tip=""UGAZ"" href=""/symbol/UGAZ"" id=""UGAZ-150590158-3795"">$UGAZ</a></span> Remember, on Nov 14, it popped $60! Ten days after that, the cumulative gain was $167. Do the math.</div></div>"
Tnhood90,True,2019-01-14 15:16:00,60.055,"<div class=""MessageStreamView__body___2giLh""><div><span><a data-event=""click"" data-for=""cashTag"" data-tip=""UGAZ"" href=""/symbol/UGAZ"" id=""UGAZ-150590102-3798"">$UGAZ</a></span> i feel like bears have 0 logic and just try to fear monger there way to money lmao they make no sense whatsoever</div></div>"
CK89,False,2019-01-14 15:15:00,60.113,"<div class=""MessageStreamView__body___2giLh""><div><span><a data-event=""click"" data-for=""cashTag"" data-tip=""UGAZ"" href=""/symbol/UGAZ"" id=""UGAZ-150589924-3804"">$UGAZ</a></span> If you dont wanna lose your profit, get out as soon as possible!!!</div></div>"
TheGovernment,True,2019-01-14 15:14:00,59.997,"<div class=""MessageStreamView__body___2giLh""><div><span><a data-event=""click"" data-for=""cashTag"" data-tip=""UGAZ"" href=""/symbol/UGAZ"" id=""UGAZ-150589793-3807"">$UGAZ</a></span> Cashed out in the $61s. 50% profit is good enough for me. 🎉🎊</div></div>"
JEFFBOND,True,2019-01-14 15:13:00,60.049,"<div class=""MessageStreamView__body___2giLh""><div><span><a data-event=""click"" data-for=""cashTag"" data-tip=""UGAZ"" href=""/symbol/UGAZ"" id=""UGAZ-150589734-3810"">$UGAZ</a></span> is Direxion skimming our money? NG up 15%+ should equate to 3X <span><a data-event=""click"" data-for=""cashTag"" data-tip=""UGAZ"" href=""/symbol/UGAZ"" id=""UGAZ-150589734-3811"">$UGAZ</a></span> up 45%+, right? Bitch better have my money!</div></div>"
Tnhood90,True,2019-01-14 15:11:00,60.033,"<div class=""MessageStreamView__body___2giLh""><div><span><a data-event=""click"" data-for=""cashTag"" data-tip=""UGAZ"" href=""/symbol/UGAZ"" id=""UGAZ-150589282-3823"">$UGAZ</a></span> power hour</div></div>"
CK89,False,2019-01-14 15:11:00,60.033,"<div class=""MessageStreamView__body___2giLh""><div><span><a data-event=""click"" data-for=""cashTag"" data-tip=""UGAZ"" href=""/symbol/UGAZ"" id=""UGAZ-150589280-3826"">$UGAZ</a></span> Time to short NOW!!!!</div></div>"
DonaldKim,True,2019-01-14 15:10:00,60.135,"<div class=""MessageStreamView__body___2giLh""><div><span><a data-event=""click"" data-for=""cashTag"" data-tip=""UGAZ"" href=""/symbol/UGAZ"" id=""UGAZ-150589145-3829"">$UGAZ</a></span> this should be up at least 40%, maybe we will catch it eod</div></div>"
digitalbread,True,2019-01-14 15:08:00,60.492,"<div class=""MessageStreamView__body___2giLh""><div><span><a data-event=""click"" data-for=""cashTag"" data-tip=""UGAZ"" href=""/symbol/UGAZ"" id=""UGAZ-150588857-3838"">$UGAZ</a></span> hamoona matata baby lets go</div></div>"
marketpro111983,False,2019-01-14 15:08:00,60.492,"<div class=""MessageStreamView__body___2giLh""><div><span><a data-event=""click"" data-for=""cashTag"" data-tip=""UGAZ"" href=""/symbol/UGAZ"" id=""UGAZ-150588775-3841"">$UGAZ</a></span> sending prayers to da new bag holders created today.</div></div>"
fidycent,True,2019-01-14 15:05:00,60.554,"<div class=""MessageStreamView__body___2giLh""><div><span><a data-event=""click"" data-for=""cashTag"" data-tip=""UGAZ"" href=""/symbol/UGAZ"" id=""UGAZ-150588364-3844"">$UGAZ</a></span> higher lows just like before.  :)</div></div>"
AAAAAshort,False,2019-01-14 15:04:00,60.598,"<div class=""MessageStreamView__body___2giLh""><div><span><a data-event=""click"" data-for=""cashTag"" data-tip=""UGAZ"" href=""/symbol/UGAZ"" id=""UGAZ-150588211-3847"">$UGAZ</a></span> , Got a tip from a pro nat gas trader. ""Nat gas setup for a big move lower"". I suggest you collect your earnings now.</div></div>"
trades011235813,True,2019-01-14 15:04:00,60.598,"<div class=""MessageStreamView__body___2giLh""><div><span><a data-event=""click"" data-for=""cashTag"" data-tip=""UGAZ"" href=""/symbol/UGAZ"" id=""UGAZ-150588145-3850"">$UGAZ</a></span> holding until this stops</div></div>"
MrGarret,True,2019-01-14 15:01:00,61.198,"<div class=""MessageStreamView__body___2giLh""><div><span><a data-event=""click"" data-for=""cashTag"" data-tip=""UGAZ"" href=""/symbol/UGAZ"" id=""UGAZ-150587728-3864"">$UGAZ</a></span> my average is 40.08. Will start to unload at 68. This may go much higher for next couple weeks.</div></div>"
JoeSmoe12,True,2019-01-14 15:01:00,61.198,"<div class=""MessageStreamView__body___2giLh""><div><span><a data-event=""click"" data-for=""cashTag"" data-tip=""UGAZ"" href=""/symbol/UGAZ"" id=""UGAZ-150587636-3870"">$UGAZ</a></span> i’m doubling down on this</div></div>"
abyssac,True,2019-01-14 14:56:00,61.329,"<div class=""MessageStreamView__body___2giLh""><div><span><a data-event=""click"" data-for=""cashTag"" data-tip=""UGAZ"" href=""/symbol/UGAZ"" id=""UGAZ-150586929-3886"">$UGAZ</a></span> wonder if aliens invest in humans like we do livestock and gas lol</div></div>"
RP_jsw,True,2019-01-14 14:56:00,61.329,"<div class=""MessageStreamView__body___2giLh""><div><span><a data-event=""click"" data-for=""cashTag"" data-tip=""UGAZ"" href=""/symbol/UGAZ"" id=""UGAZ-150586837-3892"">$UGAZ</a></span> buy buy</div></div>"
Stew69,True,2019-01-14 14:50:00,60.977,"<div class=""MessageStreamView__body___2giLh""><div><span><a data-event=""click"" data-for=""cashTag"" data-tip=""UGAZ"" href=""/symbol/UGAZ"" id=""UGAZ-150585966-3941"">$UGAZ</a></span> got in at 54 holding overnight</div></div>"
RP_jsw,True,2019-01-14 14:48:00,60.699,"<div class=""MessageStreamView__body___2giLh""><div><span><a data-event=""click"" data-for=""cashTag"" data-tip=""UGAZ"" href=""/symbol/UGAZ"" id=""UGAZ-150585704-3953"">$UGAZ</a></span> it hit 3.599 and bounced back ..let’s try again</div></div>"
LTK,True,2019-01-14 14:48:00,60.699,"<div class=""MessageStreamView__body___2giLh""><div><span><a data-event=""click"" data-for=""cashTag"" data-tip=""UGAZ"" href=""/symbol/UGAZ"" id=""UGAZ-150585642-3959"">$UGAZ</a></span> that 'large' sell off was eaten so quick. Confidence went up.</div></div>"
RP_jsw,True,2019-01-14 14:48:00,60.699,"<div class=""MessageStreamView__body___2giLh""><div><span><a data-event=""click"" data-for=""cashTag"" data-tip=""UGAZ"" href=""/symbol/UGAZ"" id=""UGAZ-150585597-3962"">$UGAZ</a></span> if Naggy breaks 3.60..next resistance 3.74...means $75 EOD</div></div>"
RP_jsw,True,2019-01-14 14:46:00,60.803,"<div class=""MessageStreamView__body___2giLh""><div><span><a data-event=""click"" data-for=""cashTag"" data-tip=""UGAZ"" href=""/symbol/UGAZ"" id=""UGAZ-150585385-3968"">$UGAZ</a></span> buy now</div></div>"
vikTheMoney,True,2019-01-14 14:45:00,60.832,"<div class=""MessageStreamView__body___2giLh""><div><span><a data-event=""click"" data-for=""cashTag"" data-tip=""UGAZ"" href=""/symbol/UGAZ"" id=""UGAZ-150585257-3974"">$UGAZ</a></span> long</div></div>"
jaje47431,True,2019-01-14 14:44:00,60.97,"<div class=""MessageStreamView__body___2giLh""><div><span><a data-event=""click"" data-for=""cashTag"" data-tip=""UGAZ"" href=""/symbol/UGAZ"" id=""UGAZ-150585019-3989"">$UGAZ</a></span> blizzard conditions coming this weekend across Midwest!  100 plus by end of week.</div></div>"
fidycent,True,2019-01-14 14:43:00,60.907,"<div class=""MessageStreamView__body___2giLh""><div><span><a data-event=""click"" data-for=""cashTag"" data-tip=""UGAZ"" href=""/symbol/UGAZ"" id=""UGAZ-150584866-3992"">$UGAZ</a></span> Reaching the SMA50 on the 6 month chart would be nice, I guess. &gt;_&gt;</div></div>"
RP_jsw,True,2019-01-14 14:38:00,60.286,"<div class=""MessageStreamView__body___2giLh""><div><span><a data-event=""click"" data-for=""cashTag"" data-tip=""UGAZ"" href=""/symbol/UGAZ"" id=""UGAZ-150584149-4015"">$UGAZ</a></span> snowstorm tonight ...UGAZ will open $80 tomorrow</div></div>"
Lawless201,True,2019-01-14 14:37:00,60.012,"<div class=""MessageStreamView__body___2giLh""><div><span><a data-event=""click"" data-for=""cashTag"" data-tip=""UGAZ"" href=""/symbol/UGAZ"" id=""UGAZ-150584048-4018"">$UGAZ</a></span> buy on the dip and hold?🤔 NG going to 3.75</div></div>"
jaje47431,True,2019-01-14 14:37:00,60.012,"<div class=""MessageStreamView__body___2giLh""><div><span><a data-event=""click"" data-for=""cashTag"" data-tip=""UGAZ"" href=""/symbol/UGAZ"" id=""UGAZ-150584000-4021"">$UGAZ</a></span> it’s about to get crazy the next few days. These are bargain prices. 120 by next week. <a data-event=""click"" href=""https://m.accuweather.com/en/weather-news/snowstorms-to-deliver-one-two-punch-to-midwest-and-northeast-this-week/70007144"" rel=""noopener nofollow"" target=""_blank"">m.accuweather.com/en/weathe...</a></div></div>"
stocknugga,True,2019-01-14 14:36:00,59.91,"<div class=""MessageStreamView__body___2giLh""><div><span><a data-event=""click"" data-for=""cashTag"" data-tip=""NEPT"" href=""/symbol/NEPT"" id=""NEPT-150583886-4028"">$NEPT</a></span> got this for slow and steady. Got <span><a data-event=""click"" data-for=""cashTag"" data-tip=""UGAZ"" href=""/symbol/UGAZ"" id=""UGAZ-150583886-4029"">$UGAZ</a></span> for fast and furious. Swinging and long has worked out well so far</div></div>"
marketpro111983,False,2019-01-14 14:35:00,59.9,"<div class=""MessageStreamView__body___2giLh""><div><span><a data-event=""click"" data-for=""cashTag"" data-tip=""UGAZ"" href=""/symbol/UGAZ"" id=""UGAZ-150583767-4035"">$UGAZ</a></span> sooooo many bag holders born today. So many</div></div>"
fidycent,True,2019-01-14 14:35:00,59.9,"<div class=""MessageStreamView__body___2giLh""><div><span><a data-event=""click"" data-for=""cashTag"" data-tip=""UGAZ"" href=""/symbol/UGAZ"" id=""UGAZ-150583737-4041"">$UGAZ</a></span> Appears MM is holding this down right now.  30% just right for the day?  30% more tomorrow?  Don't want 50% today?</div></div>"
JOE_CANADA,True,2019-01-14 14:33:00,60.06,"<div class=""MessageStreamView__body___2giLh""><div><span><a data-event=""click"" data-for=""cashTag"" data-tip=""UGAZ"" href=""/symbol/UGAZ"" id=""UGAZ-150583470-4053"">$UGAZ</a></span> we destroy hedge funds</div></div>"
TraderDansGame,True,2019-01-14 14:33:00,60.06,"<div class=""MessageStreamView__body___2giLh""><div><span><a data-event=""click"" data-for=""cashTag"" data-tip=""UGAZ"" href=""/symbol/UGAZ"" id=""UGAZ-150583419-4059"">$UGAZ</a></span> </div></div>"
PPTrader3,True,2019-01-14 14:32:00,60.345,"<div class=""MessageStreamView__body___2giLh""><div><span><a data-event=""click"" data-for=""cashTag"" data-tip=""UGAZ"" href=""/symbol/UGAZ"" id=""UGAZ-150583368-4062"">$UGAZ</a></span> So at current prices I sold 5$/share too early lol 🤦‍♂️. But the higher UGAZ goes, the more atttactive DGAZ will become. Waiting...</div></div>"
RP_jsw,True,2019-01-14 14:32:00,60.345,"<div class=""MessageStreamView__body___2giLh""><div><span><a data-event=""click"" data-for=""cashTag"" data-tip=""UGAZ"" href=""/symbol/UGAZ"" id=""UGAZ-150583309-4074"">$UGAZ</a></span> buy dip hurry</div></div>"
Zero_hedge,True,2019-01-14 14:32:00,60.345,"<div class=""MessageStreamView__body___2giLh""><div><span><a data-event=""click"" data-for=""cashTag"" data-tip=""UGAZ"" href=""/symbol/UGAZ"" id=""UGAZ-150583305-4077"">$UGAZ</a></span> <span><a data-event=""click"" data-for=""cashTag"" data-tip=""DGAZ"" href=""/symbol/DGAZ"" id=""DGAZ-150583305-4078"">$DGAZ</a></span> dgaz at 50 soon? Fantastic short opportunity is coming. Dgaz can be around 150 in 1-2 months.</div></div>"
BlankIsFd,True,2019-01-14 14:32:00,60.345,"<div class=""MessageStreamView__body___2giLh""><div><span><a data-event=""click"" data-for=""cashTag"" data-tip=""UGAZ"" href=""/symbol/UGAZ"" id=""UGAZ-150583280-4084"">$UGAZ</a></span> Took some profits off the top because that is what you do around the HOD, but more may be coming and I’m early at times</div></div>"
amigogalda,True,2019-01-14 14:32:00,60.345,"<div class=""MessageStreamView__body___2giLh""><div><span><a data-event=""click"" data-for=""cashTag"" data-tip=""UGAZ"" href=""/symbol/UGAZ"" id=""UGAZ-150583261-4087"">$UGAZ</a></span> There is your Dip.</div></div>"
RP_jsw,True,2019-01-14 14:31:00,60.267,"<div class=""MessageStreamView__body___2giLh""><div><span><a data-event=""click"" data-for=""cashTag"" data-tip=""UGAZ"" href=""/symbol/UGAZ"" id=""UGAZ-150583249-4090"">$UGAZ</a></span> be patience...$70 soon</div></div>"
Toyosup95,True,2019-01-14 14:29:00,60.869,"<div class=""MessageStreamView__body___2giLh""><div><span><a data-event=""click"" data-for=""cashTag"" data-tip=""UGAZ"" href=""/symbol/UGAZ"" id=""UGAZ-150582983-4121"">$UGAZ</a></span> Nat gas is up should be a good week!</div></div>"
TRICKSTRACKS,True,2019-01-14 14:29:00,60.869,"<div class=""MessageStreamView__body___2giLh""><div><span><a data-event=""click"" data-for=""cashTag"" data-tip=""UGAZ"" href=""/symbol/UGAZ"" id=""UGAZ-150582884-4128"">$UGAZ</a></span> it will be 3digits soon.. still holding my 39$ 1000shares</div></div>"
ForeKasterBiggyD,True,2019-01-14 14:28:00,61.752,"<div class=""MessageStreamView__body___2giLh""><div><span><a data-event=""click"" data-for=""cashTag"" data-tip=""UGAZ"" href=""/symbol/UGAZ"" id=""UGAZ-150582793-4135"">$UGAZ</a></span> Keep going!!!!!!!!!!!!!!!!!!</div></div>"
BlankIsFd,True,2019-01-14 14:27:00,61.59,"<div class=""MessageStreamView__body___2giLh""><div><span><a data-event=""click"" data-for=""cashTag"" data-tip=""UGAZ"" href=""/symbol/UGAZ"" id=""UGAZ-150582578-4142"">$UGAZ</a></span> <span><a data-event=""click"" data-for=""cashTag"" data-tip=""DGAZ"" href=""/symbol/DGAZ"" id=""DGAZ-150582578-4143"">$DGAZ</a></span> Maybe I’m a little 🤪, but I think the HOD are yet to come, but what do I know?🤷‍♂️🤷🏻‍♀️</div></div>"
mlamb84,True,2019-01-14 14:27:00,61.59,"<div class=""MessageStreamView__body___2giLh""><div><span><a data-event=""click"" data-for=""cashTag"" data-tip=""UGAZ"" href=""/symbol/UGAZ"" id=""UGAZ-150582539-4150"">$UGAZ</a></span> I didn’t know bears made cricket noises?</div></div>"
RP_jsw,True,2019-01-14 14:25:00,61.282,"<div class=""MessageStreamView__body___2giLh""><div><span><a data-event=""click"" data-for=""cashTag"" data-tip=""UGAZ"" href=""/symbol/UGAZ"" id=""UGAZ-150582307-4153"">$UGAZ</a></span> buy big buy $80 today</div></div>"
fidycent,True,2019-01-14 14:25:00,61.282,"<div class=""MessageStreamView__body___2giLh""><div><span><a data-event=""click"" data-for=""cashTag"" data-tip=""UGAZ"" href=""/symbol/UGAZ"" id=""UGAZ-150582281-4159"">$UGAZ</a></span> NHOD again and explosion happening!</div></div>"
amigogalda,True,2019-01-14 14:25:00,61.282,"<div class=""MessageStreamView__body___2giLh""><div><span><a data-event=""click"" data-for=""cashTag"" data-tip=""UGAZ"" href=""/symbol/UGAZ"" id=""UGAZ-150582258-4165"">$UGAZ</a></span> 🐂🐂🐂🐂🚀🚀🚀🚀</div></div>"
RP_jsw,True,2019-01-14 14:25:00,61.282,"<div class=""MessageStreamView__body___2giLh""><div><span><a data-event=""click"" data-for=""cashTag"" data-tip=""UGAZ"" href=""/symbol/UGAZ"" id=""UGAZ-150582256-4168"">$UGAZ</a></span> UGAZ and DGAZ French kiss is coming</div></div>"
ForwardLooking_,True,2019-01-14 14:25:00,61.282,"<div class=""MessageStreamView__body___2giLh""><div><span><a data-event=""click"" data-for=""cashTag"" data-tip=""UGAZ"" href=""/symbol/UGAZ"" id=""UGAZ-150582239-4171"">$UGAZ</a></span> about to cross paths with DGAZ</div></div>"
smayr,True,2019-01-14 14:24:00,61.39,"<div class=""MessageStreamView__body___2giLh""><div><span><a data-event=""click"" data-for=""cashTag"" data-tip=""UGAZ"" href=""/symbol/UGAZ"" id=""UGAZ-150582193-4174"">$UGAZ</a></span> Floridians are turning up the heat. Penguins don't want to stay outside anymore. :)</div></div>"
Tnhood90,True,2019-01-14 14:23:00,60.873,"<div class=""MessageStreamView__body___2giLh""><div><span><a data-event=""click"" data-for=""cashTag"" data-tip=""UGAZ"" href=""/symbol/UGAZ"" id=""UGAZ-150582056-4177"">$UGAZ</a></span> kind of looks like a bull flag forming</div></div>"
JOE_CANADA,True,2019-01-14 14:21:00,60.764,"<div class=""MessageStreamView__body___2giLh""><div><span><a data-event=""click"" data-for=""cashTag"" data-tip=""UGAZ"" href=""/symbol/UGAZ"" id=""UGAZ-150581730-4186"">$UGAZ</a></span></div></div>"
LTK,True,2019-01-14 14:20:00,60.699,"<div class=""MessageStreamView__body___2giLh""><div><span><a data-event=""click"" data-for=""cashTag"" data-tip=""UGAZ"" href=""/symbol/UGAZ"" id=""UGAZ-150581606-4195"">$UGAZ</a></span> Fridays chart looks the same as today's. These run on momentum. Forecast is U. I will hold over night. GLTA, except that marketpro guy</div></div>"
trades011235813,True,2019-01-14 14:14:00,60.41,"<div class=""MessageStreamView__body___2giLh""><div><span><a data-event=""click"" data-for=""cashTag"" data-tip=""UGAZ"" href=""/symbol/UGAZ"" id=""UGAZ-150580785-4213"">$UGAZ</a></span> 250 back in november this isnt even the beginning</div></div>"
Yantalameo,False,2019-01-14 14:13:00,60.56,"<div class=""MessageStreamView__body___2giLh""><div><span><a data-event=""click"" data-for=""cashTag"" data-tip=""UGAZ"" href=""/symbol/UGAZ"" id=""UGAZ-150580663-4219"">$UGAZ</a></span> 70's next stop.</div></div>"
niko777,True,2019-01-14 14:12:00,60.542,"<div class=""MessageStreamView__body___2giLh""><div><span><a data-event=""click"" data-for=""cashTag"" data-tip=""UGAZ"" href=""/symbol/UGAZ"" id=""UGAZ-150580518-4225"">$UGAZ</a></span> broke resistance</div></div>"
marketpro111983,False,2019-01-14 14:12:00,60.542,"<div class=""MessageStreamView__body___2giLh""><div><span><a data-event=""click"" data-for=""cashTag"" data-tip=""UGAZ"" href=""/symbol/UGAZ"" id=""UGAZ-150580433-4231"">$UGAZ</a></span> i hope everyone took that opportunity to short da highs. No better entry to short. Da bulls are crappin right now. Da diarrhea</div></div>"
Market_Sentiment,False,2019-01-14 14:12:00,60.542,"<div class=""MessageStreamView__body___2giLh""><div><span><a data-event=""click"" data-for=""cashTag"" data-tip=""UGAZ"" href=""/symbol/UGAZ"" id=""UGAZ-150580403-4234"">$UGAZ</a></span> <span><a data-event=""click"" data-for=""cashTag"" data-tip=""DGAZ"" href=""/symbol/DGAZ"" id=""DGAZ-150580403-4235"">$DGAZ</a></span> <span><a data-event=""click"" data-for=""cashTag"" data-tip=""UNG"" href=""/symbol/UNG"" id=""UNG-150580403-4236"">$UNG</a></span> In 1st position of D and UNG Puts.</div></div>"
Yaguare,True,2019-01-14 14:11:00,60.866,"<div class=""MessageStreamView__body___2giLh""><div><span><a data-event=""click"" data-for=""cashTag"" data-tip=""UGAZ"" href=""/symbol/UGAZ"" id=""UGAZ-150580271-4239"">$UGAZ</a></span> 🤷‍♂️ Where's vnunnally... kinda miss his $arca$$ 🤑</div></div>"
RP_jsw,True,2019-01-14 14:10:00,60.89,"<div class=""MessageStreamView__body___2giLh""><div><span><a data-event=""click"" data-for=""cashTag"" data-tip=""UGAZ"" href=""/symbol/UGAZ"" id=""UGAZ-150580225-4242"">$UGAZ</a></span> I hope it hits 100 end of Friday</div></div>"
Money4money1,True,2019-01-14 14:10:00,60.89,"<div class=""MessageStreamView__body___2giLh""><div><span><a data-event=""click"" data-for=""cashTag"" data-tip=""UGAZ"" href=""/symbol/UGAZ"" id=""UGAZ-150580222-4245"">$UGAZ</a></span> all in and have increased portfolio value 32.5% already. Will ride this down whenever that happens 💥💥💥</div></div>"
RP_jsw,True,2019-01-14 14:10:00,60.89,"<div class=""MessageStreamView__body___2giLh""><div><span><a data-event=""click"" data-for=""cashTag"" data-tip=""UGAZ"" href=""/symbol/UGAZ"" id=""UGAZ-150580079-4248"">$UGAZ</a></span> this will hit 70 today ...very very cold</div></div>"
TRICKSTRACKS,True,2019-01-14 14:09:00,61.26,"<div class=""MessageStreamView__body___2giLh""><div><span><a data-event=""click"" data-for=""cashTag"" data-tip=""UGAZ"" href=""/symbol/UGAZ"" id=""UGAZ-150580035-4251"">$UGAZ</a></span> yeaaa.. 🚀</div></div>"
MrFatBull,True,2019-01-14 14:08:00,60.885,"<div class=""MessageStreamView__body___2giLh""><div><span><a data-event=""click"" data-for=""cashTag"" data-tip=""UGAZ"" href=""/symbol/UGAZ"" id=""UGAZ-150579796-4260"">$UGAZ</a></span> whoever says weather doesn’t effect NG prices needs to...? You fill in the blank folks..lmao</div></div>"
BlankIsFd,True,2019-01-14 14:06:00,61.15,"<div class=""MessageStreamView__body___2giLh""><div><span><a data-event=""click"" data-for=""cashTag"" data-tip=""UGAZ"" href=""/symbol/UGAZ"" id=""UGAZ-150579453-4278"">$UGAZ</a></span> <span><a data-event=""click"" data-for=""cashTag"" data-tip=""DGAZ"" href=""/symbol/DGAZ"" id=""DGAZ-150579453-4279"">$DGAZ</a></span> Hedge funds piling into UGAZ because NG is one of the few things working right now.</div></div>"
toddgolden,True,2019-01-14 14:05:00,60.964,"<div class=""MessageStreamView__body___2giLh""><div><span><a data-event=""click"" data-for=""cashTag"" data-tip=""UGAZ"" href=""/symbol/UGAZ"" id=""UGAZ-150579378-4282"">$UGAZ</a></span> wheeeeee 😁😁</div></div>"
smayr,True,2019-01-14 14:04:00,60.892,"<div class=""MessageStreamView__body___2giLh""><div><span><a data-event=""click"" data-for=""cashTag"" data-tip=""UGAZ"" href=""/symbol/UGAZ"" id=""UGAZ-150579224-4297"">$UGAZ</a></span> Even the Bears are turning up the thermostat.</div></div>"
JOE_CANADA,True,2019-01-14 14:03:00,60.983,"<div class=""MessageStreamView__body___2giLh""><div><span><a data-event=""click"" data-for=""cashTag"" data-tip=""UGAZ"" href=""/symbol/UGAZ"" id=""UGAZ-150579054-4303"">$UGAZ</a></span> hedgies loading. Look at volume compared to <span><a data-event=""click"" data-for=""cashTag"" data-tip=""DGAZ"" href=""/symbol/DGAZ"" id=""DGAZ-150579054-4304"">$DGAZ</a></span></div></div>"
JEFFBOND,True,2019-01-14 14:03:00,60.983,"<div class=""MessageStreamView__body___2giLh""><div><span><a data-event=""click"" data-for=""cashTag"" data-tip=""UGAZ"" href=""/symbol/UGAZ"" id=""UGAZ-150579040-4307"">$UGAZ</a></span> more room to run higher w NG @ 3.57$ (up 15%+) <span><a data-event=""click"" data-for=""cashTag"" data-tip=""UGAZ"" href=""/symbol/UGAZ"" id=""UGAZ-150579040-4308"">$UGAZ</a></span> 3X should be up close to 45% today.</div></div>"
marketpro111983,False,2019-01-14 14:00:00,60.383,"<div class=""MessageStreamView__body___2giLh""><div><span><a data-event=""click"" data-for=""cashTag"" data-tip=""UGAZ"" href=""/symbol/UGAZ"" id=""UGAZ-150578573-4327"">$UGAZ</a></span> thankful everyone’s getting a chance to get out. Prayers to da bulls 🙏🙏🙏</div></div>"
trades011235813,True,2019-01-14 14:00:00,60.383,"<div class=""MessageStreamView__body___2giLh""><div><span><a data-event=""click"" data-for=""cashTag"" data-tip=""UGAZ"" href=""/symbol/UGAZ"" id=""UGAZ-150578533-4330"">$UGAZ</a></span> buckle up bitches</div></div>"
smayr,True,2019-01-14 13:59:00,60.316,"<div class=""MessageStreamView__body___2giLh""><div><span><a data-event=""click"" data-for=""cashTag"" data-tip=""UGAZ"" href=""/symbol/UGAZ"" id=""UGAZ-150578450-4333"">$UGAZ</a></span> Boom 60!! Hold on tight!</div></div>"
mgogel,True,2019-01-14 13:58:00,60.454,"<div class=""MessageStreamView__body___2giLh""><div><span><a data-event=""click"" data-for=""cashTag"" data-tip=""UGAZ"" href=""/symbol/UGAZ"" id=""UGAZ-150578246-4342"">$UGAZ</a></span> IF Recession AND (A + B - X) then <span><a data-event=""click"" data-for=""cashTag"" data-tip=""UGAZ"" href=""/symbol/UGAZ"" id=""UGAZ-150578246-4343"">$UGAZ</a></span>. IF Recession AND (A + B - X) then <span><a data-event=""click"" data-for=""cashTag"" data-tip=""UGAZ"" href=""/symbol/UGAZ"" id=""UGAZ-150578246-4344"">$UGAZ</a></span>
Expect the unexpected.

Wild vol</div></div>"
moenychaser,True,2019-01-14 13:55:00,60.736,"<div class=""MessageStreamView__body___2giLh""><div><span><a data-event=""click"" data-for=""cashTag"" data-tip=""UGAZ"" href=""/symbol/UGAZ"" id=""UGAZ-150577805-4365"">$UGAZ</a></span> sweat baby jesus 🤑🤑</div></div>"
Lawless201,True,2019-01-14 13:53:00,60.337,"<div class=""MessageStreamView__body___2giLh""><div><span><a data-event=""click"" data-for=""cashTag"" data-tip=""UGAZ"" href=""/symbol/UGAZ"" id=""UGAZ-150577446-4384"">$UGAZ</a></span> I need to be more confident. I only bought 60 shares smh.</div></div>"
yettBrancey,True,2019-01-14 13:52:00,60.426,"<div class=""MessageStreamView__body___2giLh""><div><span><a data-event=""click"" data-for=""cashTag"" data-tip=""UGAZ"" href=""/symbol/UGAZ"" id=""UGAZ-150577352-4387"">$UGAZ</a></span> hey Oh we rolling today bulls</div></div>"
HOLDANDPROFIT,True,2019-01-14 13:52:00,60.426,"<div class=""MessageStreamView__body___2giLh""><div>Seeing green on a overall red day. <span><a data-event=""click"" data-for=""cashTag"" data-tip=""UGAZ"" href=""/symbol/UGAZ"" id=""UGAZ-150577350-4390"">$UGAZ</a></span> <span><a data-event=""click"" data-for=""cashTag"" data-tip=""USAT"" href=""/symbol/USAT"" id=""USAT-150577350-4391"">$USAT</a></span> <span><a data-event=""click"" data-for=""cashTag"" data-tip=""ACB"" href=""/symbol/ACB"" id=""ACB-150577350-4392"">$ACB</a></span> <span><a data-event=""click"" data-for=""cashTag"" data-tip=""TLRY"" href=""/symbol/TLRY"" id=""TLRY-150577350-4393"">$TLRY</a></span> <span><a data-event=""click"" data-for=""cashTag"" data-tip=""CRON"" href=""/symbol/CRON"" id=""CRON-150577350-4394"">$CRON</a></span></div></div>"
trades011235813,True,2019-01-14 13:52:00,60.426,"<div class=""MessageStreamView__body___2giLh""><div><span><a data-event=""click"" data-for=""cashTag"" data-tip=""UGAZ"" href=""/symbol/UGAZ"" id=""UGAZ-150577304-4400"">$UGAZ</a></span> bull rush</div></div>"
StockAlerts77,True,2019-01-14 13:51:00,60.502,"<div class=""MessageStreamView__body___2giLh""><div><span><a data-event=""click"" data-for=""cashTag"" data-tip=""UGAZ"" href=""/symbol/UGAZ"" id=""UGAZ-150577150-4423"">$UGAZ</a></span> beautiful swing play. Keep watch! Over $60 now</div></div>"
erob92,True,2019-01-14 13:51:00,60.502,"<div class=""MessageStreamView__body___2giLh""><div><span><a data-event=""click"" data-for=""cashTag"" data-tip=""UGAZ"" href=""/symbol/UGAZ"" id=""UGAZ-150577127-4429"">$UGAZ</a></span> hope it goes to $70 this week.</div></div>"
SwingReaper,True,2019-01-14 13:50:00,60.739,"<div class=""MessageStreamView__body___2giLh""><div><span><a data-event=""click"" data-for=""cashTag"" data-tip=""UGAZ"" href=""/symbol/UGAZ"" id=""UGAZ-150577006-4441"">$UGAZ</a></span> I got in like 20 minutes ago and am already up like 4.5%??? lol printing money?</div></div>"
jaje47431,True,2019-01-14 13:49:00,60.88,"<div class=""MessageStreamView__body___2giLh""><div><span><a data-event=""click"" data-for=""cashTag"" data-tip=""UGAZ"" href=""/symbol/UGAZ"" id=""UGAZ-150576889-4452"">$UGAZ</a></span> $65 plus close today!  The weather is going to get cold across US this could go back to $150-200 easy.</div></div>"
Techsbust,True,2019-01-14 13:49:00,60.88,"<div class=""MessageStreamView__body___2giLh""><div><span><a data-event=""click"" data-for=""cashTag"" data-tip=""UGAZ"" href=""/symbol/UGAZ"" id=""UGAZ-150576877-4455"">$UGAZ</a></span> past 61.. :)</div></div>"
fidycent,True,2019-01-14 13:49:00,60.88,"<div class=""MessageStreamView__body___2giLh""><div><span><a data-event=""click"" data-for=""cashTag"" data-tip=""UGAZ"" href=""/symbol/UGAZ"" id=""UGAZ-150576809-4461"">$UGAZ</a></span> Gap up tomorrow.  It is so very cold.  GAZ is not enough, get a blanket and more money to throw at UGAZ!</div></div>"
Bullt2005,True,2019-01-14 13:48:00,60.488,"<div class=""MessageStreamView__body___2giLh""><div><span><a data-event=""click"" data-for=""cashTag"" data-tip=""UGAZ"" href=""/symbol/UGAZ"" id=""UGAZ-150576720-4468"">$UGAZ</a></span> too hot(cold)!</div></div>"
mohawkman2,True,2019-01-14 13:48:00,60.488,"<div class=""MessageStreamView__body___2giLh""><div><span><a data-event=""click"" data-for=""cashTag"" data-tip=""UGAZ"" href=""/symbol/UGAZ"" id=""UGAZ-150576661-4474"">$UGAZ</a></span> $150</div></div>"
JOE_CANADA,True,2019-01-14 13:47:00,60.259,"<div class=""MessageStreamView__body___2giLh""><div><span><a data-event=""click"" data-for=""cashTag"" data-tip=""UGAZ"" href=""/symbol/UGAZ"" id=""UGAZ-150576544-4481"">$UGAZ</a></span> next stop 80$$$ all aboard!</div></div>"
wabisabi1002,True,2019-01-14 13:47:00,60.259,"<div class=""MessageStreamView__body___2giLh""><div><span><a data-event=""click"" data-for=""cashTag"" data-tip=""UGAZ"" href=""/symbol/UGAZ"" id=""UGAZ-150576505-4484"">$UGAZ</a></span> eow guess?</div></div>"
SuperD0322,True,2019-01-14 13:47:00,60.259,"<div class=""MessageStreamView__body___2giLh""><div><span><a data-event=""click"" data-for=""cashTag"" data-tip=""UGAZ"" href=""/symbol/UGAZ"" id=""UGAZ-150576500-4487"">$UGAZ</a></span></div></div>"
ajblizz6,True,2019-01-14 13:46:00,60.214,"<div class=""MessageStreamView__body___2giLh""><div><span><a data-event=""click"" data-for=""cashTag"" data-tip=""UGAZ"" href=""/symbol/UGAZ"" id=""UGAZ-150576442-4502"">$UGAZ</a></span> lets get to $75 already</div></div>"
JoeSmoe12,True,2019-01-14 13:46:00,60.214,"<div class=""MessageStreamView__body___2giLh""><div><span><a data-event=""click"" data-for=""cashTag"" data-tip=""UGAZ"" href=""/symbol/UGAZ"" id=""UGAZ-150576436-4505"">$UGAZ</a></span> I don't wanna lead anyone in to losing money but these type of gains and we just entered the Cold window. Buckle up &amp; hold / buy more</div></div>"
Belizean_loafer,True,2019-01-14 13:46:00,60.214,"<div class=""MessageStreamView__body___2giLh""><div><span><a data-event=""click"" data-for=""cashTag"" data-tip=""UGAZ"" href=""/symbol/UGAZ"" id=""UGAZ-150576394-4520"">$UGAZ</a></span> ooohhhh yeeeaahhh!</div></div>"
ForeKasterBiggyD,True,2019-01-14 13:46:00,60.214,"<div class=""MessageStreamView__body___2giLh""><div><span><a data-event=""click"" data-for=""cashTag"" data-tip=""UGAZ"" href=""/symbol/UGAZ"" id=""UGAZ-150576389-4523"">$UGAZ</a></span> I never sold 1.2k @ 39.94</div></div>"
coastalstocks843,True,2019-01-14 13:44:00,59.852,"<div class=""MessageStreamView__body___2giLh""><div><span><a data-event=""click"" data-for=""cashTag"" data-tip=""UGAZ"" href=""/symbol/UGAZ"" id=""UGAZ-150576131-4536"">$UGAZ</a></span> about to break $60!</div></div>"
JEFFBOND,True,2019-01-14 13:44:00,59.852,"<div class=""MessageStreamView__body___2giLh""><div><span><a data-event=""click"" data-for=""cashTag"" data-tip=""UGAZ"" href=""/symbol/UGAZ"" id=""UGAZ-150575994-4558"">$UGAZ</a></span> Wow 💥 expecting 60$+ EOW and it’s only Monday. So many peeps panic sold too soon🙃</div></div>"
MrFatBull,True,2019-01-14 13:43:00,59.789,"<div class=""MessageStreamView__body___2giLh""><div><span><a data-event=""click"" data-for=""cashTag"" data-tip=""UGAZ"" href=""/symbol/UGAZ"" id=""UGAZ-150575938-4565"">$UGAZ</a></span> high $60s incoming</div></div>"
Techsbust,True,2019-01-14 13:42:00,59.792,"<div class=""MessageStreamView__body___2giLh""><div><span><a data-event=""click"" data-for=""cashTag"" data-tip=""UGAZ"" href=""/symbol/UGAZ"" id=""UGAZ-150575746-4583"">$UGAZ</a></span> Hahaaa.. ohh well.. told ya to stay bullish not blueish..</div></div>"
PPTrader3,True,2019-01-14 13:41:00,59.487,"<div class=""MessageStreamView__body___2giLh""><div><span><a data-event=""click"" data-for=""cashTag"" data-tip=""UGAZ"" href=""/symbol/UGAZ"" id=""UGAZ-150575680-4595"">$UGAZ</a></span> WELL I REALLY SOLD TOO EARLY DIDNT I LOL</div></div>"
nick_dunn,True,2019-01-14 13:41:00,59.487,"<div class=""MessageStreamView__body___2giLh""><div><span><a data-event=""click"" data-for=""cashTag"" data-tip=""UGAZ"" href=""/symbol/UGAZ"" id=""UGAZ-150575606-4601"">$UGAZ</a></span>  No real resistance till 3.80 . here we go. want run like before to 250.</div></div>"
SwingReaper,True,2019-01-14 13:40:00,59.209,"<div class=""MessageStreamView__body___2giLh""><div><span><a data-event=""click"" data-for=""cashTag"" data-tip=""UGAZ"" href=""/symbol/UGAZ"" id=""UGAZ-150575501-4614"">$UGAZ</a></span> I bought in like 15 mins ago, am I gonna get killed overnight? lol</div></div>"
Lionhearted1,True,2019-01-14 13:40:00,59.209,"<div class=""MessageStreamView__body___2giLh""><div><span><a data-event=""click"" data-for=""cashTag"" data-tip=""UGAZ"" href=""/symbol/UGAZ"" id=""UGAZ-150575490-4617"">$UGAZ</a></span> closing at $63 no Doubt about that.</div></div>"
donald1967,True,2019-01-14 13:40:00,59.209,"<div class=""MessageStreamView__body___2giLh""><div><span><a data-event=""click"" data-for=""cashTag"" data-tip=""UGAZ"" href=""/symbol/UGAZ"" id=""UGAZ-150575483-4620"">$UGAZ</a></span> 🤑🤑🤑🤑🤑🤑</div></div>"
mgogel,True,2019-01-14 13:39:00,59.3,"<div class=""MessageStreamView__body___2giLh""><div>I see 62.07 and 70.66 like..shortly. Now 13:39 <span><a data-event=""click"" data-for=""cashTag"" data-tip=""UGAZ"" href=""/symbol/UGAZ"" id=""UGAZ-150575326-4631"">$UGAZ</a></span> <a data-event=""click"" href=""/topic/oil"">#oil</a></div></div>"
moenychaser,True,2019-01-14 13:39:00,59.3,"<div class=""MessageStreamView__body___2giLh""><div><span><a data-event=""click"" data-for=""cashTag"" data-tip=""UGAZ"" href=""/symbol/UGAZ"" id=""UGAZ-150575319-4637"">$UGAZ</a></span> oohh baby 🤑🤑🤑🤑</div></div>"
MomentumStockSwings,True,2019-01-14 13:39:00,59.3,"<div class=""MessageStreamView__body___2giLh""><div><span><a data-event=""click"" data-for=""cashTag"" data-tip=""MBOT"" href=""/symbol/MBOT"" id=""MBOT-150575293-4643"">$MBOT</a></span> <span><a data-event=""click"" data-for=""cashTag"" data-tip=""NBEV"" href=""/symbol/NBEV"" id=""NBEV-150575293-4644"">$NBEV</a></span> <span><a data-event=""click"" data-for=""cashTag"" data-tip=""PED"" href=""/symbol/PED"" id=""PED-150575293-4645"">$PED</a></span> <span><a data-event=""click"" data-for=""cashTag"" data-tip=""UGAZ"" href=""/symbol/UGAZ"" id=""UGAZ-150575293-4646"">$UGAZ</a></span> Congrats all!  Big day and a huge start to 2019!</div></div>"
Steel_City,True,2019-01-14 13:39:00,59.3,"<div class=""MessageStreamView__body___2giLh""><div><span><a data-event=""click"" data-for=""cashTag"" data-tip=""UGAZ"" href=""/symbol/UGAZ"" id=""UGAZ-150575245-4655"">$UGAZ</a></span> there’s your dip. Reverse dip</div></div>"
jenjen22,True,2019-01-14 13:38:00,59.106,"<div class=""MessageStreamView__body___2giLh""><div><span><a data-event=""click"" data-for=""cashTag"" data-tip=""UGAZ"" href=""/symbol/UGAZ"" id=""UGAZ-150575217-4658"">$UGAZ</a></span> ripping higher</div></div>"
R3al1ty,True,2019-01-14 13:38:00,59.106,"<div class=""MessageStreamView__body___2giLh""><div><span><a data-event=""click"" data-for=""cashTag"" data-tip=""UGAZ"" href=""/symbol/UGAZ"" id=""UGAZ-150575095-4664"">$UGAZ</a></span> <span><a data-event=""click"" data-for=""cashTag"" data-tip=""DGAZ"" href=""/symbol/DGAZ"" id=""DGAZ-150575095-4665"">$DGAZ</a></span> <span><a data-event=""click"" data-for=""cashTag"" data-tip=""UNG"" href=""/symbol/UNG"" id=""UNG-150575095-4666"">$UNG</a></span> Shorts getting ripped apart!</div></div>"
fidycent,True,2019-01-14 13:37:00,58.741,"<div class=""MessageStreamView__body___2giLh""><div><span><a data-event=""click"" data-for=""cashTag"" data-tip=""UGAZ"" href=""/symbol/UGAZ"" id=""UGAZ-150574958-4669"">$UGAZ</a></span> Break out happening.  Bears fighting hard but losing for now.</div></div>"
BensonHedges,True,2019-01-14 13:35:00,58.127,"<div class=""MessageStreamView__body___2giLh""><div><span><a data-event=""click"" data-for=""cashTag"" data-tip=""UGAZ"" href=""/symbol/UGAZ"" id=""UGAZ-150574649-4672"">$UGAZ</a></span> scalped 3x today but this doesn’t seem to wanna slow down.  I may jump back on and just hold</div></div>"
fidycent,True,2019-01-14 13:34:00,58.201,"<div class=""MessageStreamView__body___2giLh""><div><span><a data-event=""click"" data-for=""cashTag"" data-tip=""UGAZ"" href=""/symbol/UGAZ"" id=""UGAZ-150574594-4675"">$UGAZ</a></span> NHOD!!!</div></div>"
trades011235813,True,2019-01-14 13:34:00,58.201,"<div class=""MessageStreamView__body___2giLh""><div><span><a data-event=""click"" data-for=""cashTag"" data-tip=""UGAZ"" href=""/symbol/UGAZ"" id=""UGAZ-150574574-4678"">$UGAZ</a></span> wheres the kool aid man when ya need him?</div></div>"
EZCash4Me,True,2019-01-14 13:34:00,58.201,"<div class=""MessageStreamView__body___2giLh""><div><span><a data-event=""click"" data-for=""cashTag"" data-tip=""UGAZ"" href=""/symbol/UGAZ"" id=""UGAZ-150574452-4681"">$UGAZ</a></span> <span><a data-event=""click"" data-for=""cashTag"" data-tip=""DGAZ"" href=""/symbol/DGAZ"" id=""DGAZ-150574452-4682"">$DGAZ</a></span> big cold rip on Jan 20 ECMWF, 21 will be telling</div></div>"
smayr,True,2019-01-14 13:33:00,57.816,"<div class=""MessageStreamView__body___2giLh""><div><span><a data-event=""click"" data-for=""cashTag"" data-tip=""UGAZ"" href=""/symbol/UGAZ"" id=""UGAZ-150574258-4691"">$UGAZ</a></span> Don't be surprised if premarket NG hits $3.75. I just have a feeling.</div></div>"
ajblizz6,True,2019-01-14 13:30:00,57.937,"<div class=""MessageStreamView__body___2giLh""><div><span><a data-event=""click"" data-for=""cashTag"" data-tip=""UGAZ"" href=""/symbol/UGAZ"" id=""UGAZ-150573894-4713"">$UGAZ</a></span> holding this i like what I see here</div></div>"
FooFooFeeFee,True,2019-01-14 13:27:00,57.761,"<div class=""MessageStreamView__body___2giLh""><div><span><a data-event=""click"" data-for=""cashTag"" data-tip=""UGAZ"" href=""/symbol/UGAZ"" id=""UGAZ-150573478-4720"">$UGAZ</a></span> well I'm out,   and now I'm thinking maybe not such a good idea,  looking like <span><a data-event=""click"" data-for=""cashTag"" data-tip=""NG_F"" href=""/symbol/NG_F"" id=""NG_F-150573478-4721"">$NG_F</a></span> is going to gap up again tomorrow real big like??</div></div>"
smayr,True,2019-01-14 13:26:00,57.748,"<div class=""MessageStreamView__body___2giLh""><div><span><a data-event=""click"" data-for=""cashTag"" data-tip=""UGAZ"" href=""/symbol/UGAZ"" id=""UGAZ-150573371-4727"">$UGAZ</a></span> Tried to keep the thermostat at 68.  Just not comfortable. Had to raise it to 72. Much better for now!</div></div>"
pelvic_thruster69,True,2019-01-14 13:22:00,57.914,"<div class=""MessageStreamView__body___2giLh""><div><span><a data-event=""click"" data-for=""cashTag"" data-tip=""UGAZ"" href=""/symbol/UGAZ"" id=""UGAZ-150572749-4745"">$UGAZ</a></span> Cashing out my 401k and going long here</div></div>"
HOLDANDPROFIT,True,2019-01-14 13:21:00,58.01,"<div class=""MessageStreamView__body___2giLh""><div>Good day for <span><a data-event=""click"" data-for=""cashTag"" data-tip=""UGAZ"" href=""/symbol/UGAZ"" id=""UGAZ-150572617-4748"">$UGAZ</a></span>. Keep
It going for the rest of the month</div></div>"
JOE_CANADA,True,2019-01-14 13:19:00,57.726,"<div class=""MessageStreamView__body___2giLh""><div><span><a data-event=""click"" data-for=""cashTag"" data-tip=""UGAZ"" href=""/symbol/UGAZ"" id=""UGAZ-150572389-4755"">$UGAZ</a></span> about to slap the shit out of bears</div></div>"
Chapp26,True,2019-01-14 13:18:00,57.724,"<div class=""MessageStreamView__body___2giLh""><div><span><a data-event=""click"" data-for=""cashTag"" data-tip=""UGAZ"" href=""/symbol/UGAZ"" id=""UGAZ-150572286-4764"">$UGAZ</a></span> this is only the beginning..Big snowstorm headed to Midwest and NE again this weekend.. followed my Arctic Airmass</div></div>"
Steel_City,True,2019-01-14 13:18:00,57.724,"<div class=""MessageStreamView__body___2giLh""><div><span><a data-event=""click"" data-for=""cashTag"" data-tip=""UGAZ"" href=""/symbol/UGAZ"" id=""UGAZ-150572251-4767"">$UGAZ</a></span> the dip was from 58 to 56. Missed it? Not my problem.</div></div>"
BlankIsFd,True,2019-01-14 13:18:00,57.724,"<div class=""MessageStreamView__body___2giLh""><div><span><a data-event=""click"" data-for=""cashTag"" data-tip=""UGAZ"" href=""/symbol/UGAZ"" id=""UGAZ-150572186-4774"">$UGAZ</a></span> There’s an increasing chance this is a real trend &amp; not a temporary spike, but depends on more cold. If so, then a retest of 4-4.5</div></div>"
moenychaser,True,2019-01-14 13:17:00,57.527,"<div class=""MessageStreamView__body___2giLh""><div><span><a data-event=""click"" data-for=""cashTag"" data-tip=""UGAZ"" href=""/symbol/UGAZ"" id=""UGAZ-150572054-4777"">$UGAZ</a></span> been holding since $38 😎</div></div>"
smayr,True,2019-01-14 13:14:00,57.339,"<div class=""MessageStreamView__body___2giLh""><div><span><a data-event=""click"" data-for=""cashTag"" data-tip=""UGAZ"" href=""/symbol/UGAZ"" id=""UGAZ-150571642-4786"">$UGAZ</a></span> 24 degrees next Monday in Philly area. Snow coming. Come joins us Bears. We'll stay warm together.</div></div>"
Lionhearted1,True,2019-01-14 13:10:00,57.691,"<div class=""MessageStreamView__body___2giLh""><div><span><a data-event=""click"" data-for=""cashTag"" data-tip=""UGAZ"" href=""/symbol/UGAZ"" id=""UGAZ-150571136-4798"">$UGAZ</a></span> its time to LOAD more bearish sign passed.</div></div>"
smayr,True,2019-01-14 13:05:00,57.47,"<div class=""MessageStreamView__body___2giLh""><div><span><a data-event=""click"" data-for=""cashTag"" data-tip=""UGAZ"" href=""/symbol/UGAZ"" id=""UGAZ-150570373-4816"">$UGAZ</a></span> Even the Bears are cold.</div></div>"
CatDog38,True,2019-01-14 13:03:00,57.758,"<div class=""MessageStreamView__body___2giLh""><div>Out with a small profit <span><a data-event=""click"" data-for=""cashTag"" data-tip=""UGAZ"" href=""/symbol/UGAZ"" id=""UGAZ-150570035-4825"">$UGAZ</a></span> </div></div>"
D4NNY_B0Y,True,2019-01-14 12:58:00,57.427,"<div class=""MessageStreamView__body___2giLh""><div><span><a data-event=""click"" data-for=""cashTag"" data-tip=""UGAZ"" href=""/symbol/UGAZ"" id=""UGAZ-150569371-4838"">$UGAZ</a></span> Don’t fight the trend - embrace it!</div></div>"
luckeee,True,2019-01-14 12:54:00,57.177,"<div class=""MessageStreamView__body___2giLh""><div>$ng_f <span><a data-event=""click"" data-for=""cashTag"" data-tip=""UGAZ"" href=""/symbol/UGAZ"" id=""UGAZ-150568724-4851"">$UGAZ</a></span></div></div>"
luckeee,True,2019-01-14 12:52:00,57.303,"<div class=""MessageStreamView__body___2giLh""><div><span><a data-event=""click"" data-for=""cashTag"" data-tip=""UGAZ"" href=""/symbol/UGAZ"" id=""UGAZ-150568472-4854"">$UGAZ</a></span> pretty much always on point! 
<span><a data-event=""click"" data-for=""cashTag"" data-tip=""DGAZ"" href=""/symbol/DGAZ"" id=""DGAZ-150568472-4855"">$DGAZ</a></span> short</div></div>"
ProAoun,True,2019-01-14 12:51:00,57.271,"<div class=""MessageStreamView__body___2giLh""><div><span><a data-event=""click"" data-for=""cashTag"" data-tip=""UGAZ"" href=""/symbol/UGAZ"" id=""UGAZ-150568276-4858"">$UGAZ</a></span> what a trade overnight... 

Feels good</div></div>"
marketpro111983,False,2019-01-14 12:49:00,57.257,"<div class=""MessageStreamView__body___2giLh""><div><span><a data-event=""click"" data-for=""cashTag"" data-tip=""UGAZ"" href=""/symbol/UGAZ"" id=""UGAZ-150568098-4861"">$UGAZ</a></span> don’t worry da bulls. You’ll have a chance to average down when NG closed gap around 3.15</div></div>"
marketpro111983,False,2019-01-14 12:48:00,57.244,"<div class=""MessageStreamView__body___2giLh""><div><span><a data-event=""click"" data-for=""cashTag"" data-tip=""UGAZ"" href=""/symbol/UGAZ"" id=""UGAZ-150567919-4864"">$UGAZ</a></span> da longs crappin in their diapers right now. Prayers da bulls 🙏🙏🙏</div></div>"
TEK__,True,2019-01-14 12:47:00,57.256,"<div class=""MessageStreamView__body___2giLh""><div><span><a data-event=""click"" data-for=""cashTag"" data-tip=""UGAZ"" href=""/symbol/UGAZ"" id=""UGAZ-150567822-4867"">$UGAZ</a></span> just dip to $55 so I can load up please</div></div>"
am_twits,True,2019-01-14 12:41:00,57.016,"<div class=""MessageStreamView__body___2giLh""><div><span><a data-event=""click"" data-for=""cashTag"" data-tip=""UGAZ"" href=""/symbol/UGAZ"" id=""UGAZ-150567004-4876"">$UGAZ</a></span>  Jan 15-20 looks mild weather
Jan 21-28 extreme cold expected 
If early Feb could be same extreme cold then UGAZ sky is your limit</div></div>"
Risk_It_All,True,2019-01-14 12:36:00,57.313,"<div class=""MessageStreamView__body___2giLh""><div><span><a data-event=""click"" data-for=""cashTag"" data-tip=""UGAZ"" href=""/symbol/UGAZ"" id=""UGAZ-150566297-4916"">$UGAZ</a></span> higher lows, looking ready to take off higher!</div></div>"
luckeee,True,2019-01-14 12:33:00,57.33,"<div class=""MessageStreamView__body___2giLh""><div><span><a data-event=""click"" data-for=""cashTag"" data-tip=""UGAZ"" href=""/symbol/UGAZ"" id=""UGAZ-150565894-4929"">$UGAZ</a></span> still long</div></div>"
letshavesomefun,True,2019-01-14 12:29:00,57.322,"<div class=""MessageStreamView__body___2giLh""><div><span><a data-event=""click"" data-for=""cashTag"" data-tip=""UGAZ"" href=""/symbol/UGAZ"" id=""UGAZ-150565389-4955"">$UGAZ</a></span> it's good at least for another few days</div></div>"
JUVECR7,True,2019-01-14 12:25:00,57.547,"<div class=""MessageStreamView__body___2giLh""><div><span><a data-event=""click"" data-for=""cashTag"" data-tip=""UGAZ"" href=""/symbol/UGAZ"" id=""UGAZ-150564913-4974"">$UGAZ</a></span> get ready bears</div></div>"
Techsbust,True,2019-01-14 12:23:00,57.977,"<div class=""MessageStreamView__body___2giLh""><div><span><a data-event=""click"" data-for=""cashTag"" data-tip=""UGAZ"" href=""/symbol/UGAZ"" id=""UGAZ-150564582-4982"">$UGAZ</a></span> here it goes.. don't bet against it yet.. only been started

:))</div></div>"
marketpro111983,False,2019-01-14 12:22:00,57.737,"<div class=""MessageStreamView__body___2giLh""><div><span><a data-event=""click"" data-for=""cashTag"" data-tip=""UGAZ"" href=""/symbol/UGAZ"" id=""UGAZ-150564349-4985"">$UGAZ</a></span> price up because of da cold, that’s factored in now. Went up more from da chasers and hype, that’s done. Time to fill da gaps below</div></div>"
trades011235813,True,2019-01-14 12:20:00,57.441,"<div class=""MessageStreamView__body___2giLh""><div><span><a data-event=""click"" data-for=""cashTag"" data-tip=""UGAZ"" href=""/symbol/UGAZ"" id=""UGAZ-150564093-4988"">$UGAZ</a></span> breakout is imminent a lot of action right now</div></div>"
toddgolden,True,2019-01-14 12:17:00,57.447,"<div class=""MessageStreamView__body___2giLh""><div><span><a data-event=""click"" data-for=""cashTag"" data-tip=""UGAZ"" href=""/symbol/UGAZ"" id=""UGAZ-150563562-4998"">$UGAZ</a></span> <span><a data-event=""click"" data-for=""cashTag"" data-tip=""UPL"" href=""/symbol/UPL"" id=""UPL-150563562-4999"">$UPL</a></span> six more weeks of winter 😁😁</div></div>"
TrendTraderX,True,2019-01-14 12:17:00,57.447,"<div class=""MessageStreamView__body___2giLh""><div><span><a data-event=""click"" data-for=""cashTag"" data-tip=""UNG"" href=""/symbol/UNG"" id=""UNG-150563526-5002"">$UNG</a></span> 31 easy! <span><a data-event=""click"" data-for=""cashTag"" data-tip=""UGAZ"" href=""/symbol/UGAZ"" id=""UGAZ-150563526-5003"">$UGAZ</a></span></div></div>"
imgerardo,True,2019-01-14 12:11:00,56.994,"<div class=""MessageStreamView__body___2giLh""><div><span><a data-event=""click"" data-for=""cashTag"" data-tip=""UGAZ"" href=""/symbol/UGAZ"" id=""UGAZ-150562617-5019"">$UGAZ</a></span>  true or not??</div></div>"
trades011235813,True,2019-01-14 12:04:00,57.444,"<div class=""MessageStreamView__body___2giLh""><div><span><a data-event=""click"" data-for=""cashTag"" data-tip=""UGAZ"" href=""/symbol/UGAZ"" id=""UGAZ-150561662-5043"">$UGAZ</a></span> climb to the close AH has seen big movement past 2 days easy hold and add</div></div>"
marketpro111983,False,2019-01-14 12:02:00,57.428,"<div class=""MessageStreamView__body___2giLh""><div><span><a data-event=""click"" data-for=""cashTag"" data-tip=""UGAZ"" href=""/symbol/UGAZ"" id=""UGAZ-150561428-5049"">$UGAZ</a></span> love these prices. It’s not often you find such s great short opportunity. Prayers to da bulls 🙏🙏🙏</div></div>"
JUVECR7,True,2019-01-14 12:01:00,57.593,"<div class=""MessageStreamView__body___2giLh""><div><span><a data-event=""click"" data-for=""cashTag"" data-tip=""UGAZ"" href=""/symbol/UGAZ"" id=""UGAZ-150561272-5052"">$UGAZ</a></span></div></div>"
chavezricky713,False,2019-01-14 12:01:00,57.593,"<div class=""MessageStreamView__body___2giLh""><div><span><a data-event=""click"" data-for=""cashTag"" data-tip=""UGAZ"" href=""/symbol/UGAZ"" id=""UGAZ-150561212-5055"">$UGAZ</a></span> gg</div></div>"
mgogel,True,2019-01-14 11:58:00,57.651,"<div class=""MessageStreamView__body___2giLh""><div>Can <span><a data-event=""click"" data-for=""cashTag"" data-tip=""UGAZ"" href=""/symbol/UGAZ"" id=""UGAZ-150560786-5062"">$UGAZ</a></span> do a 215% in less than a few days or do you wait a week? <a data-event=""click"" href=""/topic/Magic"">#Magic</a></div></div>"
PattrickTheHatTrick,True,2019-01-14 11:56:00,57.77,"<div class=""MessageStreamView__body___2giLh""><div><span><a data-event=""click"" data-for=""cashTag"" data-tip=""MNGA"" href=""/symbol/MNGA"" id=""MNGA-150560585-5065"">$MNGA</a></span> <span><a data-event=""click"" data-for=""cashTag"" data-tip=""UGAZ"" href=""/symbol/UGAZ"" id=""UGAZ-150560585-5066"">$UGAZ</a></span> up today, I expect this stock to tag along, on a delay of course</div></div>"
JOE_CANADA,True,2019-01-14 11:56:00,57.77,"<div class=""MessageStreamView__body___2giLh""><div><span><a data-event=""click"" data-for=""cashTag"" data-tip=""UGAZ"" href=""/symbol/UGAZ"" id=""UGAZ-150560526-5069"">$UGAZ</a></span> super mega polar blast all week till next weds. Supply and demand baby!!!</div></div>"
digitalbread,True,2019-01-14 11:46:00,57.746,"<div class=""MessageStreamView__body___2giLh""><div><span><a data-event=""click"" data-for=""cashTag"" data-tip=""UGAZ"" href=""/symbol/UGAZ"" id=""UGAZ-150559051-5105"">$UGAZ</a></span> this monday morning feels like friday afternoon</div></div>"
angelito16,True,2019-01-14 11:46:00,57.746,"<div class=""MessageStreamView__body___2giLh""><div><span><a data-event=""click"" data-for=""cashTag"" data-tip=""UGAZ"" href=""/symbol/UGAZ"" id=""UGAZ-150559046-5108"">$UGAZ</a></span> ;)</div></div>"
Swallowedhoook,True,2019-01-14 11:42:00,57.49,"<div class=""MessageStreamView__body___2giLh""><div><span><a data-event=""click"" data-for=""cashTag"" data-tip=""UGAZ"" href=""/symbol/UGAZ"" id=""UGAZ-150558470-5124"">$UGAZ</a></span> out at 57.50... 3% better than a loss</div></div>"
JoeSmoe12,True,2019-01-14 11:36:00,57.374,"<div class=""MessageStreamView__body___2giLh""><div><span><a data-event=""click"" data-for=""cashTag"" data-tip=""UGAZ"" href=""/symbol/UGAZ"" id=""UGAZ-150557588-5149"">$UGAZ</a></span></div></div>"
nick_dunn,True,2019-01-14 11:35:00,57.407,"<div class=""MessageStreamView__body___2giLh""><div><span><a data-event=""click"" data-for=""cashTag"" data-tip=""UGAZ"" href=""/symbol/UGAZ"" id=""UGAZ-150557409-5155"">$UGAZ</a></span> temperature will drop further. future looks good. what else to guess. buy buy buy</div></div>"
trades011235813,True,2019-01-14 11:28:00,56.787,"<div class=""MessageStreamView__body___2giLh""><div><span><a data-event=""click"" data-for=""cashTag"" data-tip=""UGAZ"" href=""/symbol/UGAZ"" id=""UGAZ-150556365-5184"">$UGAZ</a></span> nat gas holding above 3.50</div></div>"
atrain22,False,2019-01-14 11:25:00,56.782,"<div class=""MessageStreamView__body___2giLh""><div><span><a data-event=""click"" data-for=""cashTag"" data-tip=""UGAZ"" href=""/symbol/UGAZ"" id=""UGAZ-150555894-5193"">$UGAZ</a></span> i would take profits rn this is gonna end up at like 15% positive by eod</div></div>"
digitalbread,True,2019-01-14 11:24:00,56.676,"<div class=""MessageStreamView__body___2giLh""><div><span><a data-event=""click"" data-for=""cashTag"" data-tip=""UGAZ"" href=""/symbol/UGAZ"" id=""UGAZ-150555627-5205"">$UGAZ</a></span> it aint ova</div></div>"
topstockalerts,True,2019-01-14 11:23:00,56.55,"<div class=""MessageStreamView__body___2giLh""><div>Top movers to watch:

<span><a data-event=""click"" data-for=""cashTag"" data-tip=""MBOT"" href=""/symbol/MBOT"" id=""MBOT-150555614-5208"">$MBOT</a></span> <span><a data-event=""click"" data-for=""cashTag"" data-tip=""SAEX"" href=""/symbol/SAEX"" id=""SAEX-150555614-5209"">$SAEX</a></span> <span><a data-event=""click"" data-for=""cashTag"" data-tip=""PED"" href=""/symbol/PED"" id=""PED-150555614-5210"">$PED</a></span> <span><a data-event=""click"" data-for=""cashTag"" data-tip=""BOOT"" href=""/symbol/BOOT"" id=""BOOT-150555614-5211"">$BOOT</a></span> <span><a data-event=""click"" data-for=""cashTag"" data-tip=""DCAR"" href=""/symbol/DCAR"" id=""DCAR-150555614-5212"">$DCAR</a></span> <span><a data-event=""click"" data-for=""cashTag"" data-tip=""UNG"" href=""/symbol/UNG"" id=""UNG-150555614-5213"">$UNG</a></span> <span><a data-event=""click"" data-for=""cashTag"" data-tip=""YRCW"" href=""/symbol/YRCW"" id=""YRCW-150555614-5214"">$YRCW</a></span> <span><a data-event=""click"" data-for=""cashTag"" data-tip=""YETI"" href=""/symbol/YETI"" id=""YETI-150555614-5215"">$YETI</a></span> <span><a data-event=""click"" data-for=""cashTag"" data-tip=""UGAZ"" href=""/symbol/UGAZ"" id=""UGAZ-150555614-5216"">$UGAZ</a></span> <span><a data-event=""click"" data-for=""cashTag"" data-tip=""GCI"" href=""/symbol/GCI"" id=""GCI-150555614-5217"">$GCI</a></span> <span><a data-event=""click"" data-for=""cashTag"" data-tip=""RNN"" href=""/symbol/RNN"" id=""RNN-150555614-5218"">$RNN</a></span> <span><a data-event=""click"" data-for=""cashTag"" data-tip=""SBS"" href=""/symbol/SBS"" id=""SBS-150555614-5219"">$SBS</a></span> <span><a data-event=""click"" data-for=""cashTag"" data-tip=""NIO"" href=""/symbol/NIO"" id=""NIO-150555614-5220"">$NIO</a></span> <span><a data-event=""click"" data-for=""cashTag"" data-tip=""TLRY"" href=""/symbol/TLRY"" id=""TLRY-150555614-5221"">$TLRY</a></span> <span><a data-event=""click"" data-for=""cashTag"" data-tip=""SGYP"" href=""/symbol/SGYP"" id=""SGYP-150555614-5222"">$SGYP</a></span> <span><a data-event=""click"" data-for=""cashTag"" data-tip=""LULU"" href=""/symbol/LULU"" id=""LULU-150555614-5223"">$LULU</a></span> <span><a data-event=""click"" data-for=""cashTag"" data-tip=""NBEV"" href=""/symbol/NBEV"" id=""NBEV-150555614-5224"">$NBEV</a></span></div></div>"
bayareaboi__,False,2019-01-14 11:22:00,56.621,"<div class=""MessageStreamView__body___2giLh""><div><span><a data-event=""click"" data-for=""cashTag"" data-tip=""UGAZ"" href=""/symbol/UGAZ"" id=""UGAZ-150555377-5239"">$UGAZ</a></span> no one goes broke locking in da gains.</div></div>"
scarbosa,False,2019-01-14 11:21:00,57.169,"<div class=""MessageStreamView__body___2giLh""><div><span><a data-event=""click"" data-for=""cashTag"" data-tip=""UGAZ"" href=""/symbol/UGAZ"" id=""UGAZ-150555235-5245"">$UGAZ</a></span> it’s time to play the other side. <span><a data-event=""click"" data-for=""cashTag"" data-tip=""DGAZ"" href=""/symbol/DGAZ"" id=""DGAZ-150555235-5246"">$DGAZ</a></span></div></div>"
Steel_City,True,2019-01-14 11:17:00,57.427,"<div class=""MessageStreamView__body___2giLh""><div><span><a data-event=""click"" data-for=""cashTag"" data-tip=""UGAZ"" href=""/symbol/UGAZ"" id=""UGAZ-150554540-5285"">$UGAZ</a></span> uh oh bears...another flag on deck</div></div>"
HewittMoney,True,2019-01-14 11:15:00,57.377,"<div class=""MessageStreamView__body___2giLh""><div><span><a data-event=""click"" data-for=""cashTag"" data-tip=""UGAZ"" href=""/symbol/UGAZ"" id=""UGAZ-150554268-5291"">$UGAZ</a></span> wait for a larger pull back to the EMA line. I would consider this as a swing trade over a day trade. Just get into the right position</div></div>"
JOE_CANADA,True,2019-01-14 11:14:00,57.366,"<div class=""MessageStreamView__body___2giLh""><div><span><a data-event=""click"" data-for=""cashTag"" data-tip=""UGAZ"" href=""/symbol/UGAZ"" id=""UGAZ-150553982-5320"">$UGAZ</a></span> 60s incoming!!!!</div></div>"
Coastalbassin,True,2019-01-14 11:11:00,57.39,"<div class=""MessageStreamView__body___2giLh""><div><span><a data-event=""click"" data-for=""cashTag"" data-tip=""UGAZ"" href=""/symbol/UGAZ"" id=""UGAZ-150553561-5329"">$UGAZ</a></span> waiting for confirmation of trend at 3.5</div></div>"
check44,True,2019-01-14 11:05:00,57.328,"<div class=""MessageStreamView__body___2giLh""><div><span><a data-event=""click"" data-for=""cashTag"" data-tip=""UGAZ"" href=""/symbol/UGAZ"" id=""UGAZ-150552573-5365"">$UGAZ</a></span> chart is soo bullish</div></div>"
JEFFBOND,True,2019-01-14 11:04:00,57.338,"<div class=""MessageStreamView__body___2giLh""><div><span><a data-event=""click"" data-for=""cashTag"" data-tip=""UGAZ"" href=""/symbol/UGAZ"" id=""UGAZ-150552553-5368"">$UGAZ</a></span> from 40$ to 58$ in 3 trading days 💥 as 26%+ in one day is a lil’ excessive, even for 3X. CU<span class=""UserProfileLink__container___2JY3s""><a data-event=""click"" href=""/70"" id=""user-profile-70-1547605441287-5369"">@70</a></span>$+ EOW. <span><a data-event=""click"" data-for=""cashTag"" data-tip=""DGAZ"" href=""/symbol/DGAZ"" id=""DGAZ-150552553-5370"">$DGAZ</a></span> to 65$</div></div>"
Sennvillian,True,2019-01-14 11:01:00,57,"<div class=""MessageStreamView__body___2giLh""><div><span><a data-event=""click"" data-for=""cashTag"" data-tip=""UGAZ"" href=""/symbol/UGAZ"" id=""UGAZ-150552064-5383"">$UGAZ</a></span> about to blow past the HOD</div></div>"
trades011235813,True,2019-01-14 10:59:00,56.773,"<div class=""MessageStreamView__body___2giLh""><div><span><a data-event=""click"" data-for=""cashTag"" data-tip=""UGAZ"" href=""/symbol/UGAZ"" id=""UGAZ-150551686-5389"">$UGAZ</a></span> zoom zoom</div></div>"
marketpro111983,False,2019-01-14 10:58:00,56.474,"<div class=""MessageStreamView__body___2giLh""><div><span><a data-event=""click"" data-for=""cashTag"" data-tip=""UGAZ"" href=""/symbol/UGAZ"" id=""UGAZ-150551535-5395"">$UGAZ</a></span> if you’re long, make sure you have big arms for da bags. You’ll be holding them a while. Prayers da bulls 🙏🙏🙏</div></div>"
imgerardo,True,2019-01-14 10:56:00,56.496,"<div class=""MessageStreamView__body___2giLh""><div><span><a data-event=""click"" data-for=""cashTag"" data-tip=""UGAZ"" href=""/symbol/UGAZ"" id=""UGAZ-150551114-5401"">$UGAZ</a></span>  Thank you shorts.</div></div>"
scarbosa,True,2019-01-14 10:55:00,56.325,"<div class=""MessageStreamView__body___2giLh""><div><span><a data-event=""click"" data-for=""cashTag"" data-tip=""NIO"" href=""/symbol/NIO"" id=""NIO-150551026-5404"">$NIO</a></span> I’ll be back. Playing <span><a data-event=""click"" data-for=""cashTag"" data-tip=""UGAZ"" href=""/symbol/UGAZ"" id=""UGAZ-150551026-5405"">$UGAZ</a></span> and <span><a data-event=""click"" data-for=""cashTag"" data-tip=""DGAZ"" href=""/symbol/DGAZ"" id=""DGAZ-150551026-5406"">$DGAZ</a></span>. Hehehe</div></div>"
marketpro111983,False,2019-01-14 10:52:00,56.775,"<div class=""MessageStreamView__body___2giLh""><div><span><a data-event=""click"" data-for=""cashTag"" data-tip=""UGAZ"" href=""/symbol/UGAZ"" id=""UGAZ-150550583-5422"">$UGAZ</a></span> 3.50s rejected beautifully. Now let’s fill da gaps below. Prayers da bulls 🙏🙏🙏</div></div>"
trades011235813,True,2019-01-14 10:51:00,56.969,"<div class=""MessageStreamView__body___2giLh""><div><span><a data-event=""click"" data-for=""cashTag"" data-tip=""UGAZ"" href=""/symbol/UGAZ"" id=""UGAZ-150550378-5428"">$UGAZ</a></span> 57 retest beautiful movement here <span><a data-event=""click"" data-for=""cashTag"" data-tip=""ACB"" href=""/symbol/ACB"" id=""ACB-150550378-5429"">$ACB</a></span> seems done</div></div>"
PPTrader3,False,2019-01-14 10:50:00,57.01,"<div class=""MessageStreamView__body___2giLh""><div><span><a data-event=""click"" data-for=""cashTag"" data-tip=""UGAZ"" href=""/symbol/UGAZ"" id=""UGAZ-150550181-5438"">$UGAZ</a></span> <span><a data-event=""click"" data-for=""cashTag"" data-tip=""DGAZ"" href=""/symbol/DGAZ"" id=""DGAZ-150550181-5439"">$DGAZ</a></span> Bears have been lurking all morning. Any sign of bullish weakness and the bears will sniff around in packs</div></div>"
Ace_of_Trades_Alerts,True,2019-01-14 10:49:00,57.3,"<div class=""MessageStreamView__body___2giLh""><div><span><a data-event=""click"" data-for=""cashTag"" data-tip=""UGAZ"" href=""/symbol/UGAZ"" id=""UGAZ-150550097-5442"">$UGAZ</a></span> Congrats to all that were in this🔥</div></div>"
Sennvillian,True,2019-01-14 10:49:00,57.3,"<div class=""MessageStreamView__body___2giLh""><div><span><a data-event=""click"" data-for=""cashTag"" data-tip=""UGAZ"" href=""/symbol/UGAZ"" id=""UGAZ-150549987-5448"">$UGAZ</a></span> I mean...just look at the charts ;)</div></div>"
abyssac,True,2019-01-14 10:48:00,57.29,"<div class=""MessageStreamView__body___2giLh""><div><span><a data-event=""click"" data-for=""cashTag"" data-tip=""UGAZ"" href=""/symbol/UGAZ"" id=""UGAZ-150549876-5451"">$UGAZ</a></span> strong buy all signals <a data-event=""click"" href=""http://investing.com"" rel=""noopener nofollow"" target=""_blank"">investing.com</a>... wow</div></div>"
check44,True,2019-01-14 10:47:00,57.21,"<div class=""MessageStreamView__body___2giLh""><div><span><a data-event=""click"" data-for=""cashTag"" data-tip=""UGAZ"" href=""/symbol/UGAZ"" id=""UGAZ-150549627-5454"">$UGAZ</a></span> buy the dip!!</div></div>"
Lawless201,True,2019-01-14 10:47:00,57.21,"<div class=""MessageStreamView__body___2giLh""><div><span><a data-event=""click"" data-for=""cashTag"" data-tip=""UGAZ"" href=""/symbol/UGAZ"" id=""UGAZ-150549614-5457"">$UGAZ</a></span> let's go let's keep riding</div></div>"
RP_jsw,True,2019-01-14 10:46:00,57.273,"<div class=""MessageStreamView__body___2giLh""><div><span><a data-event=""click"" data-for=""cashTag"" data-tip=""UGAZ"" href=""/symbol/UGAZ"" id=""UGAZ-150549536-5460"">$UGAZ</a></span> now the day traders play here...waiting for power hour</div></div>"
FooFooFeeFee,True,2019-01-14 10:46:00,57.273,"<div class=""MessageStreamView__body___2giLh""><div><span><a data-event=""click"" data-for=""cashTag"" data-tip=""UGAZ"" href=""/symbol/UGAZ"" id=""UGAZ-150549418-5463"">$UGAZ</a></span> Hey ma'am tell the kids to quit leavin' the front door open, da'damn heat bill is goin true'da roofff!</div></div>"
Fabella88,False,2019-01-14 10:44:00,57.48,"<div class=""MessageStreamView__body___2giLh""><div><span><a data-event=""click"" data-for=""cashTag"" data-tip=""UGAZ"" href=""/symbol/UGAZ"" id=""UGAZ-150549214-5476"">$UGAZ</a></span> what goes up.....</div></div>"
amanda1986,True,2019-01-14 10:44:00,57.48,"<div class=""MessageStreamView__body___2giLh""><div><span><a data-event=""click"" data-for=""cashTag"" data-tip=""UGAZ"" href=""/symbol/UGAZ"" id=""UGAZ-150549189-5479"">$UGAZ</a></span> HONK HONK - Congrats if you followed! Still think my 30%+ buy at bell call was crazy? If you are still waiting for a dip block me</div></div>"
Coastalbassin,True,2019-01-14 10:43:00,57.639,"<div class=""MessageStreamView__body___2giLh""><div>Best day ive had since I began trading <span><a data-event=""click"" data-for=""cashTag"" data-tip=""NBEV"" href=""/symbol/NBEV"" id=""NBEV-150549035-5486"">$NBEV</a></span> <span><a data-event=""click"" data-for=""cashTag"" data-tip=""SAEX"" href=""/symbol/SAEX"" id=""SAEX-150549035-5487"">$SAEX</a></span> <span><a data-event=""click"" data-for=""cashTag"" data-tip=""UGAZ"" href=""/symbol/UGAZ"" id=""UGAZ-150549035-5488"">$UGAZ</a></span></div></div>"
retireb455,True,2019-01-14 10:43:00,57.639,"<div class=""MessageStreamView__body___2giLh""><div><span><a data-event=""click"" data-for=""cashTag"" data-tip=""UGAZ"" href=""/symbol/UGAZ"" id=""UGAZ-150548967-5495"">$UGAZ</a></span>  Like this one from tech perspective.  RS, MACD, Bollinger band midline target 60ish, top  96 area. add if close &gt; 61. stop 53.9</div></div>"
check44,True,2019-01-14 10:42:00,57.746,"<div class=""MessageStreamView__body___2giLh""><div><span><a data-event=""click"" data-for=""cashTag"" data-tip=""UGAZ"" href=""/symbol/UGAZ"" id=""UGAZ-150548842-5503"">$UGAZ</a></span> 13% x 3 is 39% right?</div></div>"
JEFFBOND,True,2019-01-14 10:41:00,57.818,"<div class=""MessageStreamView__body___2giLh""><div><span><a data-event=""click"" data-for=""cashTag"" data-tip=""UGAZ"" href=""/symbol/UGAZ"" id=""UGAZ-150548664-5515"">$UGAZ</a></span> 26%+ very nice. However, “I’m Not Leaving” and I’m Not Selling until I’m convinced to swap into <span><a data-event=""click"" data-for=""cashTag"" data-tip=""DGAZ"" href=""/symbol/DGAZ"" id=""DGAZ-150548664-5516"">$DGAZ</a></span> maybe Thursday 10:30AM report ⛽️</div></div>"
golongorgohome11,True,2019-01-14 10:41:00,57.818,"<div class=""MessageStreamView__body___2giLh""><div><span><a data-event=""click"" data-for=""cashTag"" data-tip=""UGAZ"" href=""/symbol/UGAZ"" id=""UGAZ-150548635-5522"">$UGAZ</a></span> </div></div>"
trades011235813,True,2019-01-14 10:40:00,57.892,"<div class=""MessageStreamView__body___2giLh""><div><span><a data-event=""click"" data-for=""cashTag"" data-tip=""UGAZ"" href=""/symbol/UGAZ"" id=""UGAZ-150548508-5531"">$UGAZ</a></span> still not reflecting 14% jump</div></div>"
PPTrader3,False,2019-01-14 10:39:00,57.904,"<div class=""MessageStreamView__body___2giLh""><div><span><a data-event=""click"" data-for=""cashTag"" data-tip=""UGAZ"" href=""/symbol/UGAZ"" id=""UGAZ-150548324-5537"">$UGAZ</a></span> <span><a data-event=""click"" data-for=""cashTag"" data-tip=""DGAZ"" href=""/symbol/DGAZ"" id=""DGAZ-150548324-5538"">$DGAZ</a></span> Just poured into D anticipating a pullback on NG.</div></div>"
RespectMyAuthorita,True,2019-01-14 10:38:00,57.914,"<div class=""MessageStreamView__body___2giLh""><div><span><a data-event=""click"" data-for=""cashTag"" data-tip=""UGAZ"" href=""/symbol/UGAZ"" id=""UGAZ-150548214-5549"">$UGAZ</a></span> Ng futures up 13%... Shouldn't it be 39% for UGAZ?</div></div>"
Axxon86,True,2019-01-14 10:37:00,57.998,"<div class=""MessageStreamView__body___2giLh""><div><span><a data-event=""click"" data-for=""cashTag"" data-tip=""UGAZ"" href=""/symbol/UGAZ"" id=""UGAZ-150547909-5565"">$UGAZ</a></span> only you have to do to make money, just smack your hand when you want to sell the stock :)</div></div>"
cevans,True,2019-01-14 10:35:00,57.861,"<div class=""MessageStreamView__body___2giLh""><div><span><a data-event=""click"" data-for=""cashTag"" data-tip=""UGAZ"" href=""/symbol/UGAZ"" id=""UGAZ-150547627-5577"">$UGAZ</a></span> I don't want to get caught chasing this and buy near the top but the dip I was wanting doesn't look like it's happening</div></div>"
muhammadsaeed,True,2019-01-14 10:33:00,57.848,"<div class=""MessageStreamView__body___2giLh""><div><span><a data-event=""click"" data-for=""cashTag"" data-tip=""UGAZ"" href=""/symbol/UGAZ"" id=""UGAZ-150547391-5589"">$UGAZ</a></span> 

3886 share
Ave $61
Holding for $100

Fingers crossed</div></div>"
marketpro111983,False,2019-01-14 10:33:00,57.848,"<div class=""MessageStreamView__body___2giLh""><div><span><a data-event=""click"" data-for=""cashTag"" data-tip=""UGAZ"" href=""/symbol/UGAZ"" id=""UGAZ-150547372-5592"">$UGAZ</a></span> sooo many going to be trapped today. Prayers to da bears hoping and dreaming 🙏🙏🙏</div></div>"
abyssac,True,2019-01-14 10:32:00,57.902,"<div class=""MessageStreamView__body___2giLh""><div><span><a data-event=""click"" data-for=""cashTag"" data-tip=""UGAZ"" href=""/symbol/UGAZ"" id=""UGAZ-150547256-5601"">$UGAZ</a></span> everyone trying to short will get burnt for atleast a few weeks</div></div>"
RMyers717,True,2019-01-14 10:32:00,57.902,"<div class=""MessageStreamView__body___2giLh""><div><span><a data-event=""click"" data-for=""cashTag"" data-tip=""UGAZ"" href=""/symbol/UGAZ"" id=""UGAZ-150547114-5616"">$UGAZ</a></span> long with a trailing stop from $46 😁</div></div>"
ForeKasterBiggyD,True,2019-01-14 10:30:00,58.022,"<div class=""MessageStreamView__body___2giLh""><div><span><a data-event=""click"" data-for=""cashTag"" data-tip=""UGAZ"" href=""/symbol/UGAZ"" id=""UGAZ-150546888-5637"">$UGAZ</a></span> Woah!! This thing ran up super fast!!!</div></div>"
trades011235813,True,2019-01-14 10:30:00,58.022,"<div class=""MessageStreamView__body___2giLh""><div><span><a data-event=""click"" data-for=""cashTag"" data-tip=""UGAZ"" href=""/symbol/UGAZ"" id=""UGAZ-150546836-5640"">$UGAZ</a></span> 3.50 just broke buckle up</div></div>"
zainzain44,True,2019-01-14 10:30:00,58.022,"<div class=""MessageStreamView__body___2giLh""><div><span><a data-event=""click"" data-for=""cashTag"" data-tip=""DGAZ"" href=""/symbol/DGAZ"" id=""DGAZ-150546807-5643"">$DGAZ</a></span> <span><a data-event=""click"" data-for=""cashTag"" data-tip=""UGAZ"" href=""/symbol/UGAZ"" id=""UGAZ-150546807-5644"">$UGAZ</a></span>  bought @ $99, hopefully I dont ride this all the way down😩😩😩</div></div>"
LBITRADER,True,2019-01-14 10:29:00,58,"<div class=""MessageStreamView__body___2giLh""><div><span><a data-event=""click"" data-for=""cashTag"" data-tip=""UGAZ"" href=""/symbol/UGAZ"" id=""UGAZ-150546759-5650"">$UGAZ</a></span> <span><a data-event=""click"" data-for=""cashTag"" data-tip=""CHK"" href=""/symbol/CHK"" id=""CHK-150546759-5651"">$CHK</a></span> Total manipulation in Chesapeake energy ,natural gas is way up POS🤔</div></div>"
D4NNY_B0Y,True,2019-01-14 10:29:00,58,"<div class=""MessageStreamView__body___2giLh""><div>Picked up 300 more shares of <span><a data-event=""click"" data-for=""cashTag"" data-tip=""UGAZ"" href=""/symbol/UGAZ"" id=""UGAZ-150546758-5654"">$UGAZ</a></span> this morning... Feels good man.</div></div>"
Swallowedhoook,True,2019-01-14 10:29:00,58,"<div class=""MessageStreamView__body___2giLh""><div><span><a data-event=""click"" data-for=""cashTag"" data-tip=""UGAZ"" href=""/symbol/UGAZ"" id=""UGAZ-150546752-5657"">$UGAZ</a></span> all in @ 55.60 lpg prices up .05 so far this morning. Room to run</div></div>"
S726887,True,2019-01-14 10:29:00,58,"<div class=""MessageStreamView__body___2giLh""><div><span><a data-event=""click"" data-for=""cashTag"" data-tip=""UGAZ"" href=""/symbol/UGAZ"" id=""UGAZ-150546742-5660"">$UGAZ</a></span> oh la la</div></div>"
Techsbust,True,2019-01-14 10:29:00,58,"<div class=""MessageStreamView__body___2giLh""><div><span><a data-event=""click"" data-for=""cashTag"" data-tip=""UGAZ"" href=""/symbol/UGAZ"" id=""UGAZ-150546719-5663"">$UGAZ</a></span> :))</div></div>"
JoeSmoe12,True,2019-01-14 10:29:00,58,"<div class=""MessageStreamView__body___2giLh""><div><span><a data-event=""click"" data-for=""cashTag"" data-tip=""UGAZ"" href=""/symbol/UGAZ"" id=""UGAZ-150546687-5666"">$UGAZ</a></span> <span><a data-event=""click"" data-for=""cashTag"" data-tip=""DGAZ"" href=""/symbol/DGAZ"" id=""DGAZ-150546687-5667"">$DGAZ</a></span> Sorry my bears.</div></div>"
stocktrader911,False,2019-01-14 10:28:00,58.155,"<div class=""MessageStreamView__body___2giLh""><div><span><a data-event=""click"" data-for=""cashTag"" data-tip=""UGAZ"" href=""/symbol/UGAZ"" id=""UGAZ-150546667-5673"">$UGAZ</a></span> sold out a little early but ok. Love it but will let it go until I tdrop back to $40.</div></div>"
RP_jsw,True,2019-01-14 10:28:00,58.155,"<div class=""MessageStreamView__body___2giLh""><div><span><a data-event=""click"" data-for=""cashTag"" data-tip=""UGAZ"" href=""/symbol/UGAZ"" id=""UGAZ-150546644-5679"">$UGAZ</a></span> NG 3.75 ...4.00 tomorrow...5.00 Friday</div></div>"
SirJimmy,True,2019-01-14 10:28:00,58.155,"<div class=""MessageStreamView__body___2giLh""><div><span><a data-event=""click"" data-for=""cashTag"" data-tip=""UGAZ"" href=""/symbol/UGAZ"" id=""UGAZ-150546603-5685"">$UGAZ</a></span> this is insane!</div></div>"
SuperD0322,True,2019-01-14 10:27:00,58.037,"<div class=""MessageStreamView__body___2giLh""><div><span><a data-event=""click"" data-for=""cashTag"" data-tip=""UGAZ"" href=""/symbol/UGAZ"" id=""UGAZ-150546478-5688"">$UGAZ</a></span> impressive set of candles imo</div></div>"
LBITRADER,True,2019-01-14 10:27:00,58.037,"<div class=""MessageStreamView__body___2giLh""><div><span><a data-event=""click"" data-for=""cashTag"" data-tip=""UGAZ"" href=""/symbol/UGAZ"" id=""UGAZ-150546453-5694"">$UGAZ</a></span> HOLD HOLD HOLD BE PATIENT THIS GOING TO A $100</div></div>"
Lionhearted1,True,2019-01-14 10:26:00,57.844,"<div class=""MessageStreamView__body___2giLh""><div><span><a data-event=""click"" data-for=""cashTag"" data-tip=""UGAZ"" href=""/symbol/UGAZ"" id=""UGAZ-150546298-5712"">$UGAZ</a></span> Ready  for Heavy sell off at $60.</div></div>"
abyssac,True,2019-01-14 10:26:00,57.844,"<div class=""MessageStreamView__body___2giLh""><div><span><a data-event=""click"" data-for=""cashTag"" data-tip=""UGAZ"" href=""/symbol/UGAZ"" id=""UGAZ-150546261-5718"">$UGAZ</a></span> people here need to learn what etfs are they dont follow same charts as stocks, when this is up is stays up</div></div>"
p4life,True,2019-01-14 10:24:00,57.734,"<div class=""MessageStreamView__body___2giLh""><div><span><a data-event=""click"" data-for=""cashTag"" data-tip=""UGAZ"" href=""/symbol/UGAZ"" id=""UGAZ-150545957-5748"">$UGAZ</a></span> at this point,  im already in the moon. Are we going to the sun? Lmao</div></div>"
JoeSmoe12,True,2019-01-14 10:23:00,57.658,"<div class=""MessageStreamView__body___2giLh""><div><span><a data-event=""click"" data-for=""cashTag"" data-tip=""UGAZ"" href=""/symbol/UGAZ"" id=""UGAZ-150545847-5755"">$UGAZ</a></span> NEW bottom?</div></div>"
Trick2MoneyisHavingSum,True,2019-01-14 10:23:00,57.658,"<div class=""MessageStreamView__body___2giLh""><div><span><a data-event=""click"" data-for=""cashTag"" data-tip=""CEI"" href=""/symbol/CEI"" id=""CEI-150545779-5758"">$CEI</a></span> <span><a data-event=""click"" data-for=""cashTag"" data-tip=""UGAZ"" href=""/symbol/UGAZ"" id=""UGAZ-150545779-5759"">$UGAZ</a></span> and <span><a data-event=""click"" data-for=""cashTag"" data-tip=""PED"" href=""/symbol/PED"" id=""PED-150545779-5760"">$PED</a></span> where's the pin action?</div></div>"
johnnybegood28,True,2019-01-14 10:23:00,57.658,"<div class=""MessageStreamView__body___2giLh""><div><span><a data-event=""click"" data-for=""cashTag"" data-tip=""UGAZ"" href=""/symbol/UGAZ"" id=""UGAZ-150545754-5766"">$UGAZ</a></span> buying Moore ...</div></div>"
Money4money1,True,2019-01-14 10:22:00,57.519,"<div class=""MessageStreamView__body___2giLh""><div><span><a data-event=""click"" data-for=""cashTag"" data-tip=""UGAZ"" href=""/symbol/UGAZ"" id=""UGAZ-150545716-5777"">$UGAZ</a></span> I’m flipping out right now</div></div>"
SuperD0322,True,2019-01-14 10:22:00,57.519,"<div class=""MessageStreamView__body___2giLh""><div><span><a data-event=""click"" data-for=""cashTag"" data-tip=""UGAZ"" href=""/symbol/UGAZ"" id=""UGAZ-150545612-5786"">$UGAZ</a></span></div></div>"
Investyourheartout,True,2019-01-14 10:22:00,57.519,"<div class=""MessageStreamView__body___2giLh""><div><span><a data-event=""click"" data-for=""cashTag"" data-tip=""UGAZ"" href=""/symbol/UGAZ"" id=""UGAZ-150545598-5789"">$UGAZ</a></span> didnt this spike at 250?? lol dont know about you guys but i would love to see that right about now!</div></div>"
bayareaboi__,True,2019-01-14 10:19:00,57.12,"<div class=""MessageStreamView__body___2giLh""><div><span><a data-event=""click"" data-for=""cashTag"" data-tip=""UGAZ"" href=""/symbol/UGAZ"" id=""UGAZ-150545174-5807"">$UGAZ</a></span> sad to all the folks jumping the ship and shorting.</div></div>"
trades011235813,True,2019-01-14 10:19:00,57.12,"<div class=""MessageStreamView__body___2giLh""><div><span><a data-event=""click"" data-for=""cashTag"" data-tip=""UGAZ"" href=""/symbol/UGAZ"" id=""UGAZ-150545124-5816"">$UGAZ</a></span> better ""hurry up and buy"" once nat gas breaks 3.50 this will get floored <span><a data-event=""click"" data-for=""cashTag"" data-tip=""AAPL"" href=""/symbol/AAPL"" id=""AAPL-150545124-5817"">$AAPL</a></span> <span><a data-event=""click"" data-for=""cashTag"" data-tip=""NVDA"" href=""/symbol/NVDA"" id=""NVDA-150545124-5818"">$NVDA</a></span> <span><a data-event=""click"" data-for=""cashTag"" data-tip=""AMD"" href=""/symbol/AMD"" id=""AMD-150545124-5819"">$AMD</a></span> <span><a data-event=""click"" data-for=""cashTag"" data-tip=""CGC"" href=""/symbol/CGC"" id=""CGC-150545124-5820"">$CGC</a></span></div></div>"
PrinceLabrador,True,2019-01-14 10:17:00,57.018,"<div class=""MessageStreamView__body___2giLh""><div><span><a data-event=""click"" data-for=""cashTag"" data-tip=""UGAZ"" href=""/symbol/UGAZ"" id=""UGAZ-150544938-5829"">$UGAZ</a></span> There is no dip! THERE IS NO DIP!!!!</div></div>"
Loadup,True,2019-01-14 10:16:00,56.712,"<div class=""MessageStreamView__body___2giLh""><div><span><a data-event=""click"" data-for=""cashTag"" data-tip=""QBIO"" href=""/symbol/QBIO"" id=""QBIO-150544660-5832"">$QBIO</a></span> Keep on watch!! Hearing Big <a data-event=""click"" href=""/topic/FDA"">#FDA</a> NEWS coming... <span><a data-event=""click"" data-for=""cashTag"" data-tip=""LULU"" href=""/symbol/LULU"" id=""LULU-150544660-5833"">$LULU</a></span> <span><a data-event=""click"" data-for=""cashTag"" data-tip=""UGAZ"" href=""/symbol/UGAZ"" id=""UGAZ-150544660-5834"">$UGAZ</a></span> <span><a data-event=""click"" data-for=""cashTag"" data-tip=""AEX"" href=""/symbol/AEX"" id=""AEX-150544660-5835"">$AEX</a></span> <span><a data-event=""click"" data-for=""cashTag"" data-tip=""OMER"" href=""/symbol/OMER"" id=""OMER-150544660-5836"">$OMER</a></span> <span><a data-event=""click"" data-for=""cashTag"" data-tip=""CRON"" href=""/symbol/CRON"" id=""CRON-150544660-5837"">$CRON</a></span></div></div>"
LTK,True,2019-01-14 10:15:00,56.56,"<div class=""MessageStreamView__body___2giLh""><div><span><a data-event=""click"" data-for=""cashTag"" data-tip=""UGAZ"" href=""/symbol/UGAZ"" id=""UGAZ-150544552-5840"">$UGAZ</a></span> natty still climbing. 3.5 imminent.</div></div>"
trades011235813,True,2019-01-14 10:13:00,56.474,"<div class=""MessageStreamView__body___2giLh""><div><span><a data-event=""click"" data-for=""cashTag"" data-tip=""UGAZ"" href=""/symbol/UGAZ"" id=""UGAZ-150544144-5855"">$UGAZ</a></span> just keeps moving higher and high <span><a data-event=""click"" data-for=""cashTag"" data-tip=""YGYI"" href=""/symbol/YGYI"" id=""YGYI-150544144-5856"">$YGYI</a></span> <span><a data-event=""click"" data-for=""cashTag"" data-tip=""RGSE"" href=""/symbol/RGSE"" id=""RGSE-150544144-5857"">$RGSE</a></span> <span><a data-event=""click"" data-for=""cashTag"" data-tip=""TLRY"" href=""/symbol/TLRY"" id=""TLRY-150544144-5858"">$TLRY</a></span> <span><a data-event=""click"" data-for=""cashTag"" data-tip=""ACB"" href=""/symbol/ACB"" id=""ACB-150544144-5859"">$ACB</a></span> moneyyy</div></div>"
Lionhearted1,True,2019-01-14 10:10:00,56.323,"<div class=""MessageStreamView__body___2giLh""><div><span><a data-event=""click"" data-for=""cashTag"" data-tip=""UGAZ"" href=""/symbol/UGAZ"" id=""UGAZ-150543576-5865"">$UGAZ</a></span> its hiting 60 before lunch.</div></div>"
mtedrick,True,2019-01-14 10:10:00,56.323,"<div class=""MessageStreamView__body___2giLh""><div><span><a data-event=""click"" data-for=""cashTag"" data-tip=""UGAZ"" href=""/symbol/UGAZ"" id=""UGAZ-150543539-5868"">$UGAZ</a></span> rust belt + east US filled with poorly insulated old homes=massive gas consumption when it gets below 40 deg. Expect nat⛽️ $⬆️</div></div>"
topstockalerts,True,2019-01-14 10:09:00,56.34,"<div class=""MessageStreamView__body___2giLh""><div><span><a data-event=""click"" data-for=""cashTag"" data-tip=""UGAZ"" href=""/symbol/UGAZ"" id=""UGAZ-150543429-5878"">$UGAZ</a></span> Breaking out</div></div>"
moenychaser,True,2019-01-14 10:07:00,56.413,"<div class=""MessageStreamView__body___2giLh""><div><span><a data-event=""click"" data-for=""cashTag"" data-tip=""UGAZ"" href=""/symbol/UGAZ"" id=""UGAZ-150542919-5885"">$UGAZ</a></span> 🤑🤑🤑🤑</div></div>"
bayareaboi__,True,2019-01-14 10:06:00,56.65,"<div class=""MessageStreamView__body___2giLh""><div><span><a data-event=""click"" data-for=""cashTag"" data-tip=""UGAZ"" href=""/symbol/UGAZ"" id=""UGAZ-150542833-5891"">$UGAZ</a></span> 3.514 is resistance and we break the stratosphere, from there to da moon 4.00.</div></div>"
Inkxslinger,True,2019-01-14 10:06:00,56.65,"<div class=""MessageStreamView__body___2giLh""><div><span><a data-event=""click"" data-for=""cashTag"" data-tip=""UGAZ"" href=""/symbol/UGAZ"" id=""UGAZ-150542795-5894"">$UGAZ</a></span> I’m out. Booked a great win today! 🙏🏼🏦</div></div>"
JoeSmoe12,True,2019-01-14 10:05:00,56.533,"<div class=""MessageStreamView__body___2giLh""><div><span><a data-event=""click"" data-for=""cashTag"" data-tip=""UGAZ"" href=""/symbol/UGAZ"" id=""UGAZ-150542522-5909"">$UGAZ</a></span> Wasn't the big resistance 3.50 on NG? I thought i read if it busts thru that signal to buy more.</div></div>"
ajblizz6,True,2019-01-14 10:01:00,56.406,"<div class=""MessageStreamView__body___2giLh""><div><span><a data-event=""click"" data-for=""cashTag"" data-tip=""CHK"" href=""/symbol/CHK"" id=""CHK-150541921-5942"">$CHK</a></span> <span><a data-event=""click"" data-for=""cashTag"" data-tip=""UGAZ"" href=""/symbol/UGAZ"" id=""UGAZ-150541921-5943"">$UGAZ</a></span> Ugaz riding both</div></div>"
hvacguy313,True,2019-01-14 10:01:00,56.406,"<div class=""MessageStreamView__body___2giLh""><div><span><a data-event=""click"" data-for=""cashTag"" data-tip=""UGAZ"" href=""/symbol/UGAZ"" id=""UGAZ-150541918-5946"">$UGAZ</a></span> Think today is last grow day till Jan 25th?</div></div>"
ajblizz6,True,2019-01-14 09:59:00,56.22,"<div class=""MessageStreamView__body___2giLh""><div><span><a data-event=""click"" data-for=""cashTag"" data-tip=""UGAZ"" href=""/symbol/UGAZ"" id=""UGAZ-150541578-5956"">$UGAZ</a></span> its building right now another run in sight</div></div>"
really2,False,2019-01-14 09:59:00,56.22,"<div class=""MessageStreamView__body___2giLh""><div><span><a data-event=""click"" data-for=""cashTag"" data-tip=""UGAZ"" href=""/symbol/UGAZ"" id=""UGAZ-150541529-5959"">$UGAZ</a></span> reversal looming folks , switching is healthy</div></div>"
Heisenberg8,True,2019-01-14 09:58:00,56.222,"<div class=""MessageStreamView__body___2giLh""><div><span><a data-event=""click"" data-for=""cashTag"" data-tip=""UGAZ"" href=""/symbol/UGAZ"" id=""UGAZ-150541356-5968"">$UGAZ</a></span> took profits, out for now.</div></div>"
1000WATTS,True,2019-01-14 09:50:00,55.81,"<div class=""MessageStreamView__body___2giLh""><div><span><a data-event=""click"" data-for=""cashTag"" data-tip=""UGAZ"" href=""/symbol/UGAZ"" id=""UGAZ-150540012-6030"">$UGAZ</a></span> out for now! Still</div></div>"
stocktrader911,False,2019-01-14 09:50:00,55.81,"<div class=""MessageStreamView__body___2giLh""><div><span><a data-event=""click"" data-for=""cashTag"" data-tip=""UGAZ"" href=""/symbol/UGAZ"" id=""UGAZ-150539944-6039"">$UGAZ</a></span> I just sold my ugaz and will flip thd side</div></div>"
am_twits,True,2019-01-14 09:49:00,55.813,"<div class=""MessageStreamView__body___2giLh""><div><span><a data-event=""click"" data-for=""cashTag"" data-tip=""UGAZ"" href=""/symbol/UGAZ"" id=""UGAZ-150539691-6054"">$UGAZ</a></span> not resembling real 3x against NatGas which is up 11%</div></div>"
CatDog38,True,2019-01-14 09:47:00,55.762,"<div class=""MessageStreamView__body___2giLh""><div><span><a data-event=""click"" data-for=""cashTag"" data-tip=""UGAZ"" href=""/symbol/UGAZ"" id=""UGAZ-150539362-6075"">$UGAZ</a></span> I'm out made some money today</div></div>"
Tomtentimes,True,2019-01-14 09:42:00,56.019,"<div class=""MessageStreamView__body___2giLh""><div><span><a data-event=""click"" data-for=""cashTag"" data-tip=""MNGA"" href=""/symbol/MNGA"" id=""MNGA-150538546-6093"">$MNGA</a></span> <span><a data-event=""click"" data-for=""cashTag"" data-tip=""UGAZ"" href=""/symbol/UGAZ"" id=""UGAZ-150538546-6094"">$UGAZ</a></span></div></div>"
Steel_City,True,2019-01-14 09:40:00,56,"<div class=""MessageStreamView__body___2giLh""><div><span><a data-event=""click"" data-for=""cashTag"" data-tip=""UGAZ"" href=""/symbol/UGAZ"" id=""UGAZ-150538300-6107"">$UGAZ</a></span> nothing worse than selling too soon lol glad i didn’t</div></div>"
PPTrader3,True,2019-01-14 09:39:00,56,"<div class=""MessageStreamView__body___2giLh""><div><span><a data-event=""click"" data-for=""cashTag"" data-tip=""UGAZ"" href=""/symbol/UGAZ"" id=""UGAZ-150538142-6117"">$UGAZ</a></span> <span><a data-event=""click"" data-for=""cashTag"" data-tip=""DGAZ"" href=""/symbol/DGAZ"" id=""DGAZ-150538142-6118"">$DGAZ</a></span> In at $39.22, out at $55.82. Will catch more action later. Love you all</div></div>"
nttyDamus,True,2019-01-14 09:35:00,55.55,"<div class=""MessageStreamView__body___2giLh""><div><span><a data-event=""click"" data-for=""cashTag"" data-tip=""UGAZ"" href=""/symbol/UGAZ"" id=""UGAZ-150537402-6158"">$UGAZ</a></span></div></div>"
CatDog38,True,2019-01-14 09:35:00,55.55,"<div class=""MessageStreamView__body___2giLh""><div><span><a data-event=""click"" data-for=""cashTag"" data-tip=""UGAZ"" href=""/symbol/UGAZ"" id=""UGAZ-150537392-6161"">$UGAZ</a></span> Fly</div></div>"
JeepTheDeep,True,2019-01-14 09:34:00,55.247,"<div class=""MessageStreamView__body___2giLh""><div><span><a data-event=""click"" data-for=""cashTag"" data-tip=""UGAZ"" href=""/symbol/UGAZ"" id=""UGAZ-150537235-6174"">$UGAZ</a></span> 🚀🌑</div></div>"
fidycent,True,2019-01-14 09:33:00,54.992,"<div class=""MessageStreamView__body___2giLh""><div><span><a data-event=""click"" data-for=""cashTag"" data-tip=""UGAZ"" href=""/symbol/UGAZ"" id=""UGAZ-150537087-6180"">$UGAZ</a></span> PRE MARKET HIGH BROKE!  NHOD!</div></div>"
letshavesomefun,True,2019-01-14 09:30:00,54.225,"<div class=""MessageStreamView__body___2giLh""><div><span><a data-event=""click"" data-for=""cashTag"" data-tip=""UGAZ"" href=""/symbol/UGAZ"" id=""UGAZ-150536693-6189"">$UGAZ</a></span> Exploding</div></div>"
