twitzzlers,True,2019-01-14 15:48:00,8.489,"<div class=""MessageStreamView__body___2giLh""><div><span><a data-event=""click"" data-for=""cashTag"" data-tip=""VKTX"" href=""/symbol/VKTX"" id=""VKTX-150595630-188"">$VKTX</a></span> would have liked to see a stronger close above the daily 20ma.. still holding till $10 target</div></div>"
twitzzlers,True,2019-01-14 15:11:00,8.54,"<div class=""MessageStreamView__body___2giLh""><div><span><a data-event=""click"" data-for=""cashTag"" data-tip=""VKTX"" href=""/symbol/VKTX"" id=""VKTX-150589291-191"">$VKTX</a></span> Good Action today IMO</div></div>"
JFinchy,True,2019-01-14 14:48:00,8.56,"<div class=""MessageStreamView__body___2giLh""><div><span><a data-event=""click"" data-for=""cashTag"" data-tip=""VKTX"" href=""/symbol/VKTX"" id=""VKTX-150585588-194"">$VKTX</a></span> The recent drop seemed nasty, but the chart shows the uptrend that started in September held.</div></div>"
jaydogg17,True,2019-01-14 13:18:00,8.586,"<div class=""MessageStreamView__body___2giLh""><div><span><a data-event=""click"" data-for=""cashTag"" data-tip=""VKTX"" href=""/symbol/VKTX"" id=""VKTX-150572219-206"">$VKTX</a></span> 

Let’s go VIKES !!!!!!

$9.00 here we come !!!!!!

Bye bears !!!!!!</div></div>"
FatNinjaRider,True,2019-01-14 13:07:00,8.612,"<div class=""MessageStreamView__body___2giLh""><div><span><a data-event=""click"" data-for=""cashTag"" data-tip=""VKTX"" href=""/symbol/VKTX"" id=""VKTX-150570598-209"">$VKTX</a></span> </div></div>"
Babusito,True,2019-01-14 12:59:00,8.65,"<div class=""MessageStreamView__body___2giLh""><div><span><a data-event=""click"" data-for=""cashTag"" data-tip=""VKTX"" href=""/symbol/VKTX"" id=""VKTX-150569529-212"">$VKTX</a></span> Jermaine ,you are a smart guy..</div></div>"
shummy,True,2019-01-14 12:47:00,8.595,"<div class=""MessageStreamView__body___2giLh""><div><span><a data-event=""click"" data-for=""cashTag"" data-tip=""VKTX"" href=""/symbol/VKTX"" id=""VKTX-150567795-215"">$VKTX</a></span> its not time yet we need news but</div></div>"
VK52112809,True,2019-01-14 12:44:00,8.597,"<div class=""MessageStreamView__body___2giLh""><div><span><a data-event=""click"" data-for=""cashTag"" data-tip=""VKTX"" href=""/symbol/VKTX"" id=""VKTX-150567324-218"">$VKTX</a></span> really strong today</div></div>"
jaydogg17,True,2019-01-14 12:38:00,8.557,"<div class=""MessageStreamView__body___2giLh""><div><span><a data-event=""click"" data-for=""cashTag"" data-tip=""VKTX"" href=""/symbol/VKTX"" id=""VKTX-150566579-221"">$VKTX</a></span> 

Ya baby</div></div>"
vu_jade,True,2019-01-14 12:19:00,8.582,"<div class=""MessageStreamView__body___2giLh""><div><span><a data-event=""click"" data-for=""cashTag"" data-tip=""VKTX"" href=""/symbol/VKTX"" id=""VKTX-150563841-224"">$VKTX</a></span> looks ready for a raid</div></div>"
Babusito,True,2019-01-14 11:39:00,8.398,"<div class=""MessageStreamView__body___2giLh""><div><span><a data-event=""click"" data-for=""cashTag"" data-tip=""VKTX"" href=""/symbol/VKTX"" id=""VKTX-150558024-230"">$VKTX</a></span> Shummy.wake up..</div></div>"
Babusito,True,2019-01-14 11:38:00,8.4,"<div class=""MessageStreamView__body___2giLh""><div><span><a data-event=""click"" data-for=""cashTag"" data-tip=""VKTX"" href=""/symbol/VKTX"" id=""VKTX-150557913-233"">$VKTX</a></span> here we go..to the moon..</div></div>"
pdukkipati,True,2019-01-14 11:11:00,8.22,"<div class=""MessageStreamView__body___2giLh""><div><span><a data-event=""click"" data-for=""cashTag"" data-tip=""VKTX"" href=""/symbol/VKTX"" id=""VKTX-150553599-239"">$VKTX</a></span> <a data-event=""click"" href=""https://www.msn.com/en-us/health/medical/fatty-diet-linked-to-liver-cancer-usc-study/ar-BBS7QT9?ocid=sf"" rel=""noopener nofollow"" target=""_blank"">msn.com/en-us/health/medica...</a></div></div>"
shummy,True,2019-01-14 10:12:00,8.283,"<div class=""MessageStreamView__body___2giLh""><div><span><a data-event=""click"" data-for=""cashTag"" data-tip=""VKTX"" href=""/symbol/VKTX"" id=""VKTX-150544032-242"">$VKTX</a></span> very low vol😴
Going to sleep until news
Wake me guys... ok?</div></div>"
VK52112809,True,2019-01-14 10:05:00,8.27,"<div class=""MessageStreamView__body___2giLh""><div><span><a data-event=""click"" data-for=""cashTag"" data-tip=""VKTX"" href=""/symbol/VKTX"" id=""VKTX-150542563-245"">$VKTX</a></span> warrants just hit 6.66 🤭</div></div>"
