Drmacd,True,2019-01-14 15:59:00,0.4145,"<div class=""MessageStreamView__body___2giLh""><div><span><a data-event=""click"" data-for=""cashTag"" data-tip=""VLRX"" href=""/symbol/VLRX"" id=""VLRX-150597638-432"">$VLRX</a></span> overhang at .48 9  and .60 5 year warrants that will double the float.</div></div>"
Biotech_King,True,2019-01-14 14:39:00,0.4238,"<div class=""MessageStreamView__body___2giLh""><div><span><a data-event=""click"" data-for=""cashTag"" data-tip=""VLRX"" href=""/symbol/VLRX"" id=""VLRX-150584377-477"">$VLRX</a></span> Pre-market gap almost closed! Just like the last news, gap-close and then climb the next days.</div></div>"
Bearly_Bullish,False,2019-01-14 14:31:00,0.4297,"<div class=""MessageStreamView__body___2giLh""><div><span><a data-event=""click"" data-for=""cashTag"" data-tip=""VLRX"" href=""/symbol/VLRX"" id=""VLRX-150583199-480"">$VLRX</a></span> 225m @ .48... and an accumulated deficit of 436.4 million 
...nothing but debt</div></div>"
HowieG,True,2019-01-14 14:24:00,0.432,"<div class=""MessageStreamView__body___2giLh""><div><span><a data-event=""click"" data-for=""cashTag"" data-tip=""VLRX"" href=""/symbol/VLRX"" id=""VLRX-150582090-483"">$VLRX</a></span> Price Action is AMAZING</div></div>"
Tommyl,True,2019-01-14 14:10:00,0.4349,"<div class=""MessageStreamView__body___2giLh""><div><span><a data-event=""click"" data-for=""cashTag"" data-tip=""VLRX"" href=""/symbol/VLRX"" id=""VLRX-150580165-486"">$VLRX</a></span> hope that hot news China release next super earnings soon</div></div>"
Tommyl,True,2019-01-14 14:04:00,0.4324,"<div class=""MessageStreamView__body___2giLh""><div><span><a data-event=""click"" data-for=""cashTag"" data-tip=""VLRX"" href=""/symbol/VLRX"" id=""VLRX-150579102-489"">$VLRX</a></span> V-GO Sim &amp; V-GO Refill 2019 will attract more insurances &amp; investors</div></div>"
Tommyl,True,2019-01-14 13:29:00,0.4377,"<div class=""MessageStreamView__body___2giLh""><div><span><a data-event=""click"" data-for=""cashTag"" data-tip=""VLRX"" href=""/symbol/VLRX"" id=""VLRX-150573770-498"">$VLRX</a></span> ready fly to the moon 
Big volumes over 2M now</div></div>"
HowieG,True,2019-01-14 13:27:00,0.4356,"<div class=""MessageStreamView__body___2giLh""><div><span><a data-event=""click"" data-for=""cashTag"" data-tip=""VLRX"" href=""/symbol/VLRX"" id=""VLRX-150573398-504"">$VLRX</a></span> Screw SPY... this is where the REAL ACTION is at....</div></div>"
HowieG,True,2019-01-14 13:23:00,0.4311,"<div class=""MessageStreamView__body___2giLh""><div><span><a data-event=""click"" data-for=""cashTag"" data-tip=""VLRX"" href=""/symbol/VLRX"" id=""VLRX-150572908-507"">$VLRX</a></span> I can't keep up with this Price Action.. anybody have any suggestions on how I can slow things down here..</div></div>"
lorirookie,True,2019-01-14 13:18:00,0.4395,"<div class=""MessageStreamView__body___2giLh""><div><span><a data-event=""click"" data-for=""cashTag"" data-tip=""VLRX"" href=""/symbol/VLRX"" id=""VLRX-150572230-510"">$VLRX</a></span> Added - Long-standing hold</div></div>"
Tommyl,True,2019-01-14 13:04:00,0.439,"<div class=""MessageStreamView__body___2giLh""><div><span><a data-event=""click"" data-for=""cashTag"" data-tip=""VLRX"" href=""/symbol/VLRX"" id=""VLRX-150570280-513"">$VLRX</a></span> someone has just picked up coins 
Thanks bears 
Bulls are staying long $$$$$=tndm in future</div></div>"
HowieG,True,2019-01-14 12:59:00,0.44,"<div class=""MessageStreamView__body___2giLh""><div><span><a data-event=""click"" data-for=""cashTag"" data-tip=""VLRX"" href=""/symbol/VLRX"" id=""VLRX-150569439-519"">$VLRX</a></span> Damn..this News REALLY moved the stock.. We got a RUNNER</div></div>"
HowieG,True,2019-01-14 12:55:00,0.4423,"<div class=""MessageStreamView__body___2giLh""><div><span><a data-event=""click"" data-for=""cashTag"" data-tip=""VLRX"" href=""/symbol/VLRX"" id=""VLRX-150568872-525"">$VLRX</a></span> let me call some Chat Rooms and get this thing moving</div></div>"
glougl123,True,2019-01-14 12:55:00,0.4423,"<div class=""MessageStreamView__body___2giLh""><div><span><a data-event=""click"" data-for=""cashTag"" data-tip=""VLRX"" href=""/symbol/VLRX"" id=""VLRX-150568827-528"">$VLRX</a></span> break 0.45$ next stop is 0.51$</div></div>"
JoaoMainardes,True,2019-01-14 12:54:00,0.4448,"<div class=""MessageStreamView__body___2giLh""><div><span><a data-event=""click"" data-for=""cashTag"" data-tip=""VLRX"" href=""/symbol/VLRX"" id=""VLRX-150568693-531"">$VLRX</a></span> Looking good! 🤑</div></div>"
iwanderer,True,2019-01-14 12:52:00,0.4457,"<div class=""MessageStreamView__body___2giLh""><div><span><a data-event=""click"" data-for=""cashTag"" data-tip=""VLRX"" href=""/symbol/VLRX"" id=""VLRX-150568500-534"">$VLRX</a></span> I want to see a lot more volume. 4Mil shares traded today would push pass .5. We'll see. GLTA Longs!</div></div>"
Tommyl,True,2019-01-14 12:51:00,0.4461,"<div class=""MessageStreamView__body___2giLh""><div><span><a data-event=""click"" data-for=""cashTag"" data-tip=""VLRX"" href=""/symbol/VLRX"" id=""VLRX-150568378-537"">$VLRX</a></span> next super earning 2/25/19 -0.13
Last earning 2/26/18 -$2.57 please compare growing up = TNDM yearly ?</div></div>"
MJStock,True,2019-01-14 12:49:00,0.4438,"<div class=""MessageStreamView__body___2giLh""><div>Like <span><a data-event=""click"" data-for=""cashTag"" data-tip=""VLRX"" href=""/symbol/VLRX"" id=""VLRX-150568069-540"">$VLRX</a></span> ? Get in on <span><a data-event=""click"" data-for=""cashTag"" data-tip=""SENS"" href=""/symbol/SENS"" id=""SENS-150568069-541"">$SENS</a></span> awesome entry now!</div></div>"
HowieG,True,2019-01-14 12:47:00,0.4471,"<div class=""MessageStreamView__body___2giLh""><div><span><a data-event=""click"" data-for=""cashTag"" data-tip=""VLRX"" href=""/symbol/VLRX"" id=""VLRX-150567842-544"">$VLRX</a></span> jump .. Jump. JUMP</div></div>"
HowieG,True,2019-01-14 12:46:00,0.4433,"<div class=""MessageStreamView__body___2giLh""><div><span><a data-event=""click"" data-for=""cashTag"" data-tip=""VLRX"" href=""/symbol/VLRX"" id=""VLRX-150567706-547"">$VLRX</a></span> C'mon little Grasshopper</div></div>"
iwanderer,True,2019-01-14 12:43:00,0.4418,"<div class=""MessageStreamView__body___2giLh""><div><span><a data-event=""click"" data-for=""cashTag"" data-tip=""VLRX"" href=""/symbol/VLRX"" id=""VLRX-150567151-553"">$VLRX</a></span> will pass .45 today. I'm surprised not 10% UP today YET! LOL. GLTA Longs!</div></div>"
Tommyl,True,2019-01-14 12:41:00,0.441,"<div class=""MessageStreamView__body___2giLh""><div><span><a data-event=""click"" data-for=""cashTag"" data-tip=""VLRX"" href=""/symbol/VLRX"" id=""VLRX-150566985-556"">$VLRX</a></span> broke up 0.44
Still very undervalued diabetic stocks 
I loaded $1+ before offering 
AVG down weekly 0.56 now</div></div>"
iwanderer,True,2019-01-14 12:40:00,0.4405,"<div class=""MessageStreamView__body___2giLh""><div><span><a data-event=""click"" data-for=""cashTag"" data-tip=""VLRX"" href=""/symbol/VLRX"" id=""VLRX-150566785-559"">$VLRX</a></span> Good things happening at VLRX: new <span><a data-event=""click"" data-for=""cashTag"" data-tip=""36MIL"" href=""/symbol/36MIL"" id=""36MIL-150566785-560"">$36MIL</a></span> cash,  insiders buying more, more preferred statuses from service providers. I'm so PUMPED!</div></div>"
HowieG,True,2019-01-14 12:36:00,0.44,"<div class=""MessageStreamView__body___2giLh""><div><span><a data-event=""click"" data-for=""cashTag"" data-tip=""VLRX"" href=""/symbol/VLRX"" id=""VLRX-150566277-563"">$VLRX</a></span> Looks like it's Preferred</div></div>"
iwanderer,True,2019-01-14 12:34:00,0.44,"<div class=""MessageStreamView__body___2giLh""><div><span><a data-event=""click"" data-for=""cashTag"" data-tip=""VLRX"" href=""/symbol/VLRX"" id=""VLRX-150566013-566"">$VLRX</a></span> Accelerate Revenue news 1/14:V-Go Received Preferred Status on OptumRx Formularies, 1/3: V-Go  Preferred on Humana Part D Formularies.</div></div>"
Tommyl,True,2019-01-14 12:31:00,0.44,"<div class=""MessageStreamView__body___2giLh""><div><span><a data-event=""click"" data-for=""cashTag"" data-tip=""VLRX"" href=""/symbol/VLRX"" id=""VLRX-150565587-569"">$VLRX</a></span> new diabetic devices 2019</div></div>"
Tommyl,True,2019-01-14 12:30:00,0.44,"<div class=""MessageStreamView__body___2giLh""><div><span><a data-event=""click"" data-for=""cashTag"" data-tip=""VLRX"" href=""/symbol/VLRX"" id=""VLRX-150565497-572"">$VLRX</a></span> <span><a data-event=""click"" data-for=""cashTag"" data-tip=""TNDM"" href=""/symbol/TNDM"" id=""TNDM-150565497-573"">$TNDM</a></span> <span><a data-event=""click"" data-for=""cashTag"" data-tip=""MDT"" href=""/symbol/MDT"" id=""MDT-150565497-574"">$MDT</a></span> <span><a data-event=""click"" data-for=""cashTag"" data-tip=""DXCM"" href=""/symbol/DXCM"" id=""DXCM-150565497-575"">$DXCM</a></span> <span><a data-event=""click"" data-for=""cashTag"" data-tip=""ABT"" href=""/symbol/ABT"" id=""ABT-150565497-576"">$ABT</a></span> <span><a data-event=""click"" data-for=""cashTag"" data-tip=""SENS"" href=""/symbol/SENS"" id=""SENS-150565497-577"">$SENS</a></span> all of diabetic device stocks 
Watching big volumes today</div></div>"
HowieG,True,2019-01-14 12:26:00,0.4369,"<div class=""MessageStreamView__body___2giLh""><div><span><a data-event=""click"" data-for=""cashTag"" data-tip=""VLRX"" href=""/symbol/VLRX"" id=""VLRX-150565049-580"">$VLRX</a></span> C'mon u little Grasshopper.. JUMP</div></div>"
Tommyl,True,2019-01-14 12:25:00,0.4357,"<div class=""MessageStreamView__body___2giLh""><div><span><a data-event=""click"" data-for=""cashTag"" data-tip=""VLRX"" href=""/symbol/VLRX"" id=""VLRX-150564838-583"">$VLRX</a></span> big volumes 
Over AVG volumes 
Insiders &amp; institutions bought huge shares 
New diabetic devices 2019
Hot news China 
Insurances cover</div></div>"
HowieG,True,2019-01-14 12:20:00,0.4329,"<div class=""MessageStreamView__body___2giLh""><div><span><a data-event=""click"" data-for=""cashTag"" data-tip=""VLRX"" href=""/symbol/VLRX"" id=""VLRX-150564134-586"">$VLRX</a></span> little Frisky here</div></div>"
Jewboy1985,True,2019-01-14 12:12:00,0.4305,"<div class=""MessageStreamView__body___2giLh""><div><span><a data-event=""click"" data-for=""cashTag"" data-tip=""VLRX"" href=""/symbol/VLRX"" id=""VLRX-150562759-589"">$VLRX</a></span> added 20k shares at .43 on the dip here 64k total won’t be selling anytime soon long term play</div></div>"
HowieG,True,2019-01-14 12:07:00,0.4301,"<div class=""MessageStreamView__body___2giLh""><div><span><a data-event=""click"" data-for=""cashTag"" data-tip=""VLRX"" href=""/symbol/VLRX"" id=""VLRX-150562103-592"">$VLRX</a></span> News was Amazing... this baby is flying... weeeeeeee</div></div>"
anriqmm,True,2019-01-14 12:07:00,0.4301,"<div class=""MessageStreamView__body___2giLh""><div><span><a data-event=""click"" data-for=""cashTag"" data-tip=""VLRX"" href=""/symbol/VLRX"" id=""VLRX-150562044-595"">$VLRX</a></span> strong buy per zacks</div></div>"
anriqmm,True,2019-01-14 12:04:00,0.4299,"<div class=""MessageStreamView__body___2giLh""><div><span><a data-event=""click"" data-for=""cashTag"" data-tip=""VLRX"" href=""/symbol/VLRX"" id=""VLRX-150561664-601"">$VLRX</a></span></div></div>"
Tommyl,True,2019-01-14 11:57:00,0.4299,"<div class=""MessageStreamView__body___2giLh""><div><span><a data-event=""click"" data-for=""cashTag"" data-tip=""VLRX"" href=""/symbol/VLRX"" id=""VLRX-150560721-604"">$VLRX</a></span> don’t say why I don’t remind everyone load up 0.43
Break out 0.44 soon 
LoL 2019= tndm in future</div></div>"
Tommyl,True,2019-01-14 11:51:00,0.4299,"<div class=""MessageStreamView__body___2giLh""><div><span><a data-event=""click"" data-for=""cashTag"" data-tip=""VLRX"" href=""/symbol/VLRX"" id=""VLRX-150559941-607"">$VLRX</a></span> big volumes will hit new high points after powerful time today 
Look almost AVG volumes early</div></div>"
HowieG,True,2019-01-14 11:43:00,0.43,"<div class=""MessageStreamView__body___2giLh""><div><span><a data-event=""click"" data-for=""cashTag"" data-tip=""VLRX"" href=""/symbol/VLRX"" id=""VLRX-150558655-610"">$VLRX</a></span> just waiting for the EXPLOSION. GRRRRRRRRR</div></div>"
Tommyl,True,2019-01-14 11:36:00,0.4264,"<div class=""MessageStreamView__body___2giLh""><div><span><a data-event=""click"" data-for=""cashTag"" data-tip=""VLRX"" href=""/symbol/VLRX"" id=""VLRX-150557486-613"">$VLRX</a></span> <span><a data-event=""click"" data-for=""cashTag"" data-tip=""PIR"" href=""/symbol/PIR"" id=""PIR-150557486-614"">$PIR</a></span> <span><a data-event=""click"" data-for=""cashTag"" data-tip=""RAD"" href=""/symbol/RAD"" id=""RAD-150557486-615"">$RAD</a></span> <span><a data-event=""click"" data-for=""cashTag"" data-tip=""PTN"" href=""/symbol/PTN"" id=""PTN-150557486-616"">$PTN</a></span> <span><a data-event=""click"" data-for=""cashTag"" data-tip=""MNGA"" href=""/symbol/MNGA"" id=""MNGA-150557486-617"">$MNGA</a></span> <span><a data-event=""click"" data-for=""cashTag"" data-tip=""MOSY"" href=""/symbol/MOSY"" id=""MOSY-150557486-618"">$MOSY</a></span> <span><a data-event=""click"" data-for=""cashTag"" data-tip=""BPMX"" href=""/symbol/BPMX"" id=""BPMX-150557486-619"">$BPMX</a></span> <span><a data-event=""click"" data-for=""cashTag"" data-tip=""HSGX"" href=""/symbol/HSGX"" id=""HSGX-150557486-620"">$HSGX</a></span> watch volumes</div></div>"
HowieG,True,2019-01-14 11:30:00,0.4251,"<div class=""MessageStreamView__body___2giLh""><div><span><a data-event=""click"" data-for=""cashTag"" data-tip=""VLRX"" href=""/symbol/VLRX"" id=""VLRX-150556557-623"">$VLRX</a></span> Company is just misunderstood</div></div>"
omarbonilla,True,2019-01-14 11:28:00,0.4261,"<div class=""MessageStreamView__body___2giLh""><div><span><a data-event=""click"" data-for=""cashTag"" data-tip=""VLRX"" href=""/symbol/VLRX"" id=""VLRX-150556336-629"">$VLRX</a></span> Ready for take off soon. In at $0.325 if I see a nice spike I'm dropping another $10k.</div></div>"
diamondtrading,True,2019-01-14 11:28:00,0.4261,"<div class=""MessageStreamView__body___2giLh""><div><span><a data-event=""click"" data-for=""cashTag"" data-tip=""VLRX"" href=""/symbol/VLRX"" id=""VLRX-150556252-632"">$VLRX</a></span> GREAT news around this!! In @ 0.39 and continuing to add to my pos! BUY BUY BUY!!!</div></div>"
RobbyCreech,True,2019-01-14 11:23:00,0.4296,"<div class=""MessageStreamView__body___2giLh""><div><span><a data-event=""click"" data-for=""cashTag"" data-tip=""VLRX"" href=""/symbol/VLRX"" id=""VLRX-150555519-635"">$VLRX</a></span> see you on the other side, boys🚀🌖</div></div>"
Pepe1234,True,2019-01-14 11:10:00,0.4364,"<div class=""MessageStreamView__body___2giLh""><div><span><a data-event=""click"" data-for=""cashTag"" data-tip=""VLRX"" href=""/symbol/VLRX"" id=""VLRX-150553508-644"">$VLRX</a></span> 25/30% steady increase in the last 2 weeks. Freaking awesome</div></div>"
HowieG,True,2019-01-14 11:07:00,0.4354,"<div class=""MessageStreamView__body___2giLh""><div><span><a data-event=""click"" data-for=""cashTag"" data-tip=""VLRX"" href=""/symbol/VLRX"" id=""VLRX-150552908-647"">$VLRX</a></span> fast mover.. Better get in</div></div>"
Tommyl,True,2019-01-14 11:05:00,0.4373,"<div class=""MessageStreamView__body___2giLh""><div><span><a data-event=""click"" data-for=""cashTag"" data-tip=""VLRX"" href=""/symbol/VLRX"" id=""VLRX-150552633-650"">$VLRX</a></span> capital flowing in</div></div>"
WiseAzz78,True,2019-01-14 10:58:00,0.4372,"<div class=""MessageStreamView__body___2giLh""><div><span><a data-event=""click"" data-for=""cashTag"" data-tip=""VLRX"" href=""/symbol/VLRX"" id=""VLRX-150551538-653"">$VLRX</a></span> <span><a data-event=""click"" data-for=""cashTag"" data-tip=""MBOT"" href=""/symbol/MBOT"" id=""MBOT-150551538-654"">$MBOT</a></span> 
4 Healthcare Stocks Setting The Pace On Monday (1/14/19) <a data-event=""click"" href=""https://finance.yahoo.com/news/4-healthcare-stocks-setting-pace-141500051.html"" rel=""noopener nofollow"" target=""_blank"">finance.yahoo.com/news/4-he...</a></div></div>"
HowieG,True,2019-01-14 10:46:00,0.4377,"<div class=""MessageStreamView__body___2giLh""><div><span><a data-event=""click"" data-for=""cashTag"" data-tip=""VLRX"" href=""/symbol/VLRX"" id=""VLRX-150549472-660"">$VLRX</a></span> Sick Action...</div></div>"
iwanderer,True,2019-01-14 10:29:00,0.4378,"<div class=""MessageStreamView__body___2giLh""><div><span><a data-event=""click"" data-for=""cashTag"" data-tip=""VLRX"" href=""/symbol/VLRX"" id=""VLRX-150546779-666"">$VLRX</a></span> I'm now happy and wait to see how quickly or slowly SP rises. No question SP will rise from the .40's. GLTA Longs!</div></div>"
frankie14714,True,2019-01-14 10:23:00,0.4386,"<div class=""MessageStreamView__body___2giLh""><div><span><a data-event=""click"" data-for=""cashTag"" data-tip=""VLRX"" href=""/symbol/VLRX"" id=""VLRX-150545825-682"">$VLRX</a></span> UBS takes new position good things coming</div></div>"
HowieG,True,2019-01-14 10:04:00,0.4349,"<div class=""MessageStreamView__body___2giLh""><div><span><a data-event=""click"" data-for=""cashTag"" data-tip=""VLRX"" href=""/symbol/VLRX"" id=""VLRX-150542334-688"">$VLRX</a></span> Looks like a RUNNER</div></div>"
Tommyl,True,2019-01-14 09:59:00,0.4345,"<div class=""MessageStreamView__body___2giLh""><div><span><a data-event=""click"" data-for=""cashTag"" data-tip=""VLRX"" href=""/symbol/VLRX"" id=""VLRX-150541617-691"">$VLRX</a></span> if you play long, should buy this one 
A penny stocks maximum $5 but vlrx = tndm in future 
New diabetic devices 2019
Hot news China</div></div>"
MiltonDubb,True,2019-01-14 09:53:00,0.4345,"<div class=""MessageStreamView__body___2giLh""><div><span><a data-event=""click"" data-for=""cashTag"" data-tip=""VLRX"" href=""/symbol/VLRX"" id=""VLRX-150540526-694"">$VLRX</a></span> Tweet</div></div>"
HowieG,True,2019-01-14 09:41:00,0.4388,"<div class=""MessageStreamView__body___2giLh""><div><span><a data-event=""click"" data-for=""cashTag"" data-tip=""VLRX"" href=""/symbol/VLRX"" id=""VLRX-150538370-700"">$VLRX</a></span> Sick Price Action</div></div>"
HowieG,True,2019-01-14 09:36:00,0.4367,"<div class=""MessageStreamView__body___2giLh""><div><span><a data-event=""click"" data-for=""cashTag"" data-tip=""VLRX"" href=""/symbol/VLRX"" id=""VLRX-150537660-703"">$VLRX</a></span> hahaha</div></div>"
HowieG,True,2019-01-14 09:33:00,0.4404,"<div class=""MessageStreamView__body___2giLh""><div><span><a data-event=""click"" data-for=""cashTag"" data-tip=""VLRX"" href=""/symbol/VLRX"" id=""VLRX-150537133-706"">$VLRX</a></span> To da Moon</div></div>"
HowieG,True,2019-01-14 09:33:00,0.4404,"<div class=""MessageStreamView__body___2giLh""><div><span><a data-event=""click"" data-for=""cashTag"" data-tip=""VLRX"" href=""/symbol/VLRX"" id=""VLRX-150537047-709"">$VLRX</a></span> HOLY COW</div></div>"
HowieG,True,2019-01-14 09:32:00,0.4404,"<div class=""MessageStreamView__body___2giLh""><div><span><a data-event=""click"" data-for=""cashTag"" data-tip=""VLRX"" href=""/symbol/VLRX"" id=""VLRX-150536994-712"">$VLRX</a></span> UNBELIEVABLE</div></div>"
HowieG,True,2019-01-14 09:31:00,0.4396,"<div class=""MessageStreamView__body___2giLh""><div><span><a data-event=""click"" data-for=""cashTag"" data-tip=""VLRX"" href=""/symbol/VLRX"" id=""VLRX-150536769-715"">$VLRX</a></span> EXPLOSIVE</div></div>"
Biotech_King,True,2019-01-14 09:30:00,0.4403,"<div class=""MessageStreamView__body___2giLh""><div><span><a data-event=""click"" data-for=""cashTag"" data-tip=""VLRX"" href=""/symbol/VLRX"" id=""VLRX-150536733-718"">$VLRX</a></span> 160k BID at .435</div></div>"
HowieG,True,2019-01-14 09:30:00,0.4403,"<div class=""MessageStreamView__body___2giLh""><div><span><a data-event=""click"" data-for=""cashTag"" data-tip=""VLRX"" href=""/symbol/VLRX"" id=""VLRX-150536717-721"">$VLRX</a></span> look at it go...WOW</div></div>"
