ericprotrader,False,2019-01-14 15:59:00,3.415,"<div class=""MessageStreamView__body___2giLh""><div><span><a data-event=""click"" data-for=""cashTag"" data-tip=""VSTM"" href=""/symbol/VSTM"" id=""VSTM-150597526-636"">$VSTM</a></span> no support by management here</div></div>"
lambo_guy,True,2019-01-14 15:57:00,3.43,"<div class=""MessageStreamView__body___2giLh""><div><span><a data-event=""click"" data-for=""cashTag"" data-tip=""VSTM"" href=""/symbol/VSTM"" id=""VSTM-150597258-642"">$VSTM</a></span> Everything BIO is mostly down.</div></div>"
One_up,True,2019-01-14 15:57:00,3.43,"<div class=""MessageStreamView__body___2giLh""><div><span><a data-event=""click"" data-for=""cashTag"" data-tip=""VSTM"" href=""/symbol/VSTM"" id=""VSTM-150597162-645"">$VSTM</a></span> they trying so hard to get to$2</div></div>"
lovefallingknife,True,2019-01-14 15:56:00,3.432,"<div class=""MessageStreamView__body___2giLh""><div><span><a data-event=""click"" data-for=""cashTag"" data-tip=""VSTM"" href=""/symbol/VSTM"" id=""VSTM-150597050-648"">$VSTM</a></span> 100k waiting if they decide to tempt me with 2’s,</div></div>"
ericprotrader,False,2019-01-14 15:55:00,3.43,"<div class=""MessageStreamView__body___2giLh""><div><span><a data-event=""click"" data-for=""cashTag"" data-tip=""VSTM"" href=""/symbol/VSTM"" id=""VSTM-150596779-651"">$VSTM</a></span> Tutes robots and algorythms are selling the DOG and POS</div></div>"
One_up,True,2019-01-14 15:54:00,3.441,"<div class=""MessageStreamView__body___2giLh""><div><span><a data-event=""click"" data-for=""cashTag"" data-tip=""VSTM"" href=""/symbol/VSTM"" id=""VSTM-150596612-654"">$VSTM</a></span> what an opportunity 😎</div></div>"
ericprotrader,False,2019-01-14 15:53:00,3.437,"<div class=""MessageStreamView__body___2giLh""><div><span><a data-event=""click"" data-for=""cashTag"" data-tip=""VSTM"" href=""/symbol/VSTM"" id=""VSTM-150596369-660"">$VSTM</a></span> low of the day again. Don’t buy if you can’t pay</div></div>"
ericprotrader,False,2019-01-14 15:50:00,3.433,"<div class=""MessageStreamView__body___2giLh""><div><span><a data-event=""click"" data-for=""cashTag"" data-tip=""VSTM"" href=""/symbol/VSTM"" id=""VSTM-150595908-663"">$VSTM</a></span> management are very busy as I see</div></div>"
ericprotrader,False,2019-01-14 15:43:00,3.471,"<div class=""MessageStreamView__body___2giLh""><div><span><a data-event=""click"" data-for=""cashTag"" data-tip=""VSTM"" href=""/symbol/VSTM"" id=""VSTM-150594678-672"">$VSTM</a></span> The POS is back in town. Be happy not sorry</div></div>"
lovefallingknife,True,2019-01-14 15:37:00,3.491,"<div class=""MessageStreamView__body___2giLh""><div><span><a data-event=""click"" data-for=""cashTag"" data-tip=""VSTM"" href=""/symbol/VSTM"" id=""VSTM-150593720-681"">$VSTM</a></span> When this hits 7 so many will want to sell only to then see it run up to 20, not going anywhere for a few years</div></div>"
One_up,True,2019-01-14 15:19:00,3.495,"<div class=""MessageStreamView__body___2giLh""><div><span><a data-event=""click"" data-for=""cashTag"" data-tip=""VSTM"" href=""/symbol/VSTM"" id=""VSTM-150590710-693"">$VSTM</a></span> glad I was able to get in cheap. Now the hard part patience. 😞☺️</div></div>"
lambo_guy,True,2019-01-14 14:45:00,3.513,"<div class=""MessageStreamView__body___2giLh""><div><span><a data-event=""click"" data-for=""cashTag"" data-tip=""VSTM"" href=""/symbol/VSTM"" id=""VSTM-150585149-708"">$VSTM</a></span> Shorts can't really damage this stock much more. 
<a data-event=""click"" href=""https://volumebot.com/?s=vstm"" rel=""noopener nofollow"" target=""_blank"">volumebot.com/?s=vstm</a></div></div>"
lambo_guy,True,2019-01-14 14:43:00,3.521,"<div class=""MessageStreamView__body___2giLh""><div><span><a data-event=""click"" data-for=""cashTag"" data-tip=""VSTM"" href=""/symbol/VSTM"" id=""VSTM-150584926-711"">$VSTM</a></span> shorts will run out of longs to borrow their shares</div></div>"
lambo_guy,True,2019-01-14 14:41:00,3.5,"<div class=""MessageStreamView__body___2giLh""><div><span><a data-event=""click"" data-for=""cashTag"" data-tip=""VSTM"" href=""/symbol/VSTM"" id=""VSTM-150584544-714"">$VSTM</a></span> this stock will either crash or fly high when triggered.  They won't be enough days for shorts to cover when it bounces.</div></div>"
mikespitters,True,2019-01-14 14:02:00,3.555,"<div class=""MessageStreamView__body___2giLh""><div><span><a data-event=""click"" data-for=""cashTag"" data-tip=""VSTM"" href=""/symbol/VSTM"" id=""VSTM-150578814-726"">$VSTM</a></span> 1.73 million</div></div>"
Leaphigher,True,2019-01-14 13:48:00,3.575,"<div class=""MessageStreamView__body___2giLh""><div><span><a data-event=""click"" data-for=""cashTag"" data-tip=""VSTM"" href=""/symbol/VSTM"" id=""VSTM-150576735-741"">$VSTM</a></span> there are too many new trolls on here.  Based on the chart an # of trolls something is up!</div></div>"
DaveDeWitt3,True,2019-01-14 13:42:00,3.58,"<div class=""MessageStreamView__body___2giLh""><div><span><a data-event=""click"" data-for=""cashTag"" data-tip=""VSTM"" href=""/symbol/VSTM"" id=""VSTM-150575798-744"">$VSTM</a></span> we have divergance.</div></div>"
BioMedicalRx,True,2019-01-14 13:41:00,3.594,"<div class=""MessageStreamView__body___2giLh""><div><span><a data-event=""click"" data-for=""cashTag"" data-tip=""VSTM"" href=""/symbol/VSTM"" id=""VSTM-150575646-747"">$VSTM</a></span> added 1k shares</div></div>"
neil1,True,2019-01-14 13:34:00,3.607,"<div class=""MessageStreamView__body___2giLh""><div><span><a data-event=""click"" data-for=""cashTag"" data-tip=""VSTM"" href=""/symbol/VSTM"" id=""VSTM-150574428-750"">$VSTM</a></span> ☝💪</div></div>"
WeTuLo,True,2019-01-14 13:29:00,3.615,"<div class=""MessageStreamView__body___2giLh""><div><span><a data-event=""click"" data-for=""cashTag"" data-tip=""VSTM"" href=""/symbol/VSTM"" id=""VSTM-150573683-756"">$VSTM</a></span></div></div>"
DaveDeWitt3,True,2019-01-14 13:26:00,3.62,"<div class=""MessageStreamView__body___2giLh""><div><span><a data-event=""click"" data-for=""cashTag"" data-tip=""VSTM"" href=""/symbol/VSTM"" id=""VSTM-150573381-759"">$VSTM</a></span> money flow precedes price. Money flow UP over past few days like i said. stealth covering, whatever it is, price is gonna follow.</div></div>"
Ravnen,True,2019-01-14 13:20:00,3.611,"<div class=""MessageStreamView__body___2giLh""><div><span><a data-event=""click"" data-for=""cashTag"" data-tip=""VSTM"" href=""/symbol/VSTM"" id=""VSTM-150572490-765"">$VSTM</a></span> very nice I’m only down 5%. Keep going. Holding for +$5. Let’s go 📈🐸</div></div>"
Astroz,True,2019-01-14 13:15:00,3.62,"<div class=""MessageStreamView__body___2giLh""><div><span><a data-event=""click"" data-for=""cashTag"" data-tip=""VSTM"" href=""/symbol/VSTM"" id=""VSTM-150571884-774"">$VSTM</a></span> Let's see green</div></div>"
One_up,True,2019-01-14 13:13:00,3.618,"<div class=""MessageStreamView__body___2giLh""><div><span><a data-event=""click"" data-for=""cashTag"" data-tip=""VSTM"" href=""/symbol/VSTM"" id=""VSTM-150571587-783"">$VSTM</a></span> 😎</div></div>"
Sieppo,True,2019-01-14 12:53:00,3.563,"<div class=""MessageStreamView__body___2giLh""><div><span><a data-event=""click"" data-for=""cashTag"" data-tip=""VSTM"" href=""/symbol/VSTM"" id=""VSTM-150568562-802"">$VSTM</a></span> Slay here hello! Let's look at the 30m chart. As long as VSTM keeps making higher lows, we're fine.</div></div>"
ULTRAPREMOS,True,2019-01-14 12:52:00,3.57,"<div class=""MessageStreamView__body___2giLh""><div><span><a data-event=""click"" data-for=""cashTag"" data-tip=""VSTM"" href=""/symbol/VSTM"" id=""VSTM-150568488-805"">$VSTM</a></span> ANYONE ELSE SHORTING GILD?</div></div>"
One_up,True,2019-01-14 12:46:00,3.54,"<div class=""MessageStreamView__body___2giLh""><div><span><a data-event=""click"" data-for=""cashTag"" data-tip=""VSTM"" href=""/symbol/VSTM"" id=""VSTM-150567632-820"">$VSTM</a></span> buy the dips , trust me 😎</div></div>"
neil1,True,2019-01-14 12:42:00,3.531,"<div class=""MessageStreamView__body___2giLh""><div><span><a data-event=""click"" data-for=""cashTag"" data-tip=""VSTM"" href=""/symbol/VSTM"" id=""VSTM-150567120-829"">$VSTM</a></span> 🔑3.62-.65☝</div></div>"
neil1,True,2019-01-14 12:41:00,3.54,"<div class=""MessageStreamView__body___2giLh""><div><span><a data-event=""click"" data-for=""cashTag"" data-tip=""VSTM"" href=""/symbol/VSTM"" id=""VSTM-150566886-832"">$VSTM</a></span> ty nbev....go vstm!!!</div></div>"
neil1,True,2019-01-14 12:39:00,3.54,"<div class=""MessageStreamView__body___2giLh""><div><span><a data-event=""click"" data-for=""cashTag"" data-tip=""VSTM"" href=""/symbol/VSTM"" id=""VSTM-150566680-838"">$VSTM</a></span> lets goooooooooooo!!!☝🧐📰</div></div>"
Tacto,True,2019-01-14 12:38:00,3.54,"<div class=""MessageStreamView__body___2giLh""><div><span><a data-event=""click"" data-for=""cashTag"" data-tip=""VSTM"" href=""/symbol/VSTM"" id=""VSTM-150566500-841"">$VSTM</a></span> Gotta be the tenth time ericprotard has said bye. Just when you think the pinhead can't get more pathetic  LOL LOL</div></div>"
ericprotrader,False,2019-01-14 12:35:00,3.53,"<div class=""MessageStreamView__body___2giLh""><div><span><a data-event=""click"" data-for=""cashTag"" data-tip=""VSTM"" href=""/symbol/VSTM"" id=""VSTM-150566154-853"">$VSTM</a></span> bye losers</div></div>"
Ahri,True,2019-01-14 12:26:00,3.5,"<div class=""MessageStreamView__body___2giLh""><div><span><a data-event=""click"" data-for=""cashTag"" data-tip=""VSTM"" href=""/symbol/VSTM"" id=""VSTM-150565002-868"">$VSTM</a></span> let's go bulls!</div></div>"
neil1,True,2019-01-14 12:25:00,3.5,"<div class=""MessageStreamView__body___2giLh""><div><span><a data-event=""click"" data-for=""cashTag"" data-tip=""VSTM"" href=""/symbol/VSTM"" id=""VSTM-150564921-871"">$VSTM</a></span> 🌈🌦</div></div>"
neil1,True,2019-01-14 12:18:00,3.49,"<div class=""MessageStreamView__body___2giLh""><div><span><a data-event=""click"" data-for=""cashTag"" data-tip=""VSTM"" href=""/symbol/VSTM"" id=""VSTM-150563772-880"">$VSTM</a></span> hahaha ☝💪🤑</div></div>"
Chivaz,True,2019-01-14 12:17:00,3.5,"<div class=""MessageStreamView__body___2giLh""><div><span><a data-event=""click"" data-for=""cashTag"" data-tip=""VSTM"" href=""/symbol/VSTM"" id=""VSTM-150563520-883"">$VSTM</a></span> i am confident with this. Just sitting and having Fun with All these bashers and so on. I Can wait for the money. 2019 gonna be good😁</div></div>"
OntheRag,True,2019-01-14 12:15:00,3.49,"<div class=""MessageStreamView__body___2giLh""><div><span><a data-event=""click"" data-for=""cashTag"" data-tip=""VSTM"" href=""/symbol/VSTM"" id=""VSTM-150563314-889"">$VSTM</a></span> FU!</div></div>"
neil1,True,2019-01-14 12:15:00,3.49,"<div class=""MessageStreamView__body___2giLh""><div><span><a data-event=""click"" data-for=""cashTag"" data-tip=""VSTM"" href=""/symbol/VSTM"" id=""VSTM-150563241-892"">$VSTM</a></span> ☝💪</div></div>"
Tacto,True,2019-01-14 12:14:00,3.47,"<div class=""MessageStreamView__body___2giLh""><div><span><a data-event=""click"" data-for=""cashTag"" data-tip=""VSTM"" href=""/symbol/VSTM"" id=""VSTM-150563107-895"">$VSTM</a></span> MM(s) response to having far more shorts than could ever be covered is to dig deeper and deeper, hoping to pop out in Mongolia. Clowns</div></div>"
danow,True,2019-01-14 12:13:00,3.466,"<div class=""MessageStreamView__body___2giLh""><div><span><a data-event=""click"" data-for=""cashTag"" data-tip=""VSTM"" href=""/symbol/VSTM"" id=""VSTM-150562955-898"">$VSTM</a></span> amazing how some people can be manipulated by shorts &amp; bashers. People need to know what they own. Add now to Stay long and prosper 🖖</div></div>"
neil1,True,2019-01-14 12:06:00,3.452,"<div class=""MessageStreamView__body___2giLh""><div><span><a data-event=""click"" data-for=""cashTag"" data-tip=""VSTM"" href=""/symbol/VSTM"" id=""VSTM-150561941-913"">$VSTM</a></span> reaching that turning point🤑</div></div>"
ULTRAPREMOS,True,2019-01-14 12:05:00,3.453,"<div class=""MessageStreamView__body___2giLh""><div><span><a data-event=""click"" data-for=""cashTag"" data-tip=""VSTM"" href=""/symbol/VSTM"" id=""VSTM-150561770-916"">$VSTM</a></span> ERICPRESCHOOLTRADER U WILL GET A SWIFT DOSE OF KARMA!! I BET UR SHORT WHEN WE LAUNCH 50% OR GET BO</div></div>"
JEWELZ357,True,2019-01-14 12:00:00,3.459,"<div class=""MessageStreamView__body___2giLh""><div><span><a data-event=""click"" data-for=""cashTag"" data-tip=""VSTM"" href=""/symbol/VSTM"" id=""VSTM-150561034-925"">$VSTM</a></span> common stock opt for employees drop... no stress</div></div>"
intelanalyst78,True,2019-01-14 11:59:00,3.451,"<div class=""MessageStreamView__body___2giLh""><div><span><a data-event=""click"" data-for=""cashTag"" data-tip=""VSTM"" href=""/symbol/VSTM"" id=""VSTM-150561002-928"">$VSTM</a></span> Short thesis (other than manipulation): toxicity, low sales, notes. Also State Street, Consonance, B.Rock, DE and FMR are suicidal</div></div>"
neil1,True,2019-01-14 11:55:00,3.46,"<div class=""MessageStreamView__body___2giLh""><div><span><a data-event=""click"" data-for=""cashTag"" data-tip=""VSTM"" href=""/symbol/VSTM"" id=""VSTM-150560387-934"">$VSTM</a></span> we're back at buying range and below 3.50 buying with both hands all way to 3.35-40 if it dips that low. buy🐃</div></div>"
ericprotrader,False,2019-01-14 11:54:00,3.457,"<div class=""MessageStreamView__body___2giLh""><div><span><a data-event=""click"" data-for=""cashTag"" data-tip=""VSTM"" href=""/symbol/VSTM"" id=""VSTM-150560294-937"">$VSTM</a></span> dont catch à falling knife</div></div>"
Scooby_snack,True,2019-01-14 11:52:00,3.468,"<div class=""MessageStreamView__body___2giLh""><div><span><a data-event=""click"" data-for=""cashTag"" data-tip=""VSTM"" href=""/symbol/VSTM"" id=""VSTM-150559980-943"">$VSTM</a></span> the force Be with you LONGS!</div></div>"
One_up,True,2019-01-14 11:50:00,3.474,"<div class=""MessageStreamView__body___2giLh""><div><span><a data-event=""click"" data-for=""cashTag"" data-tip=""VSTM"" href=""/symbol/VSTM"" id=""VSTM-150559756-946"">$VSTM</a></span> still haven't seen one fact from a bear spewing some BS as always do your DD.</div></div>"
ericprotrader,False,2019-01-14 11:48:00,3.473,"<div class=""MessageStreamView__body___2giLh""><div><span><a data-event=""click"" data-for=""cashTag"" data-tip=""VSTM"" href=""/symbol/VSTM"" id=""VSTM-150559448-952"">$VSTM</a></span> so predictable📉📉📉📉</div></div>"
johncolts54,True,2019-01-14 11:48:00,3.473,"<div class=""MessageStreamView__body___2giLh""><div><span><a data-event=""click"" data-for=""cashTag"" data-tip=""VSTM"" href=""/symbol/VSTM"" id=""VSTM-150559365-955"">$VSTM</a></span> thought was finally gonna run last week. Now south again. Wait it out some more</div></div>"
ericprotrader,False,2019-01-14 11:46:00,3.48,"<div class=""MessageStreamView__body___2giLh""><div><span><a data-event=""click"" data-for=""cashTag"" data-tip=""VSTM"" href=""/symbol/VSTM"" id=""VSTM-150559119-958"">$VSTM</a></span> flush the toilet bowl📉📉🐶🐶🐶</div></div>"
Zippington,True,2019-01-14 11:46:00,3.48,"<div class=""MessageStreamView__body___2giLh""><div><span><a data-event=""click"" data-for=""cashTag"" data-tip=""VSTM"" href=""/symbol/VSTM"" id=""VSTM-150559103-961"">$VSTM</a></span> ericprotrader is <span class=""UserProfileLink__container___2JY3s""><a data-event=""click"" href=""/julielap"" id=""user-profile-julielap-1547606494100-962"">@julielap</a></span> - She/He says the samething on every board = BLOCK!</div></div>"
One_up,True,2019-01-14 11:46:00,3.48,"<div class=""MessageStreamView__body___2giLh""><div><span><a data-event=""click"" data-for=""cashTag"" data-tip=""VSTM"" href=""/symbol/VSTM"" id=""VSTM-150559077-965"">$VSTM</a></span></div></div>"
ericprotrader,False,2019-01-14 11:43:00,3.474,"<div class=""MessageStreamView__body___2giLh""><div><span><a data-event=""click"" data-for=""cashTag"" data-tip=""VSTM"" href=""/symbol/VSTM"" id=""VSTM-150558623-968"">$VSTM</a></span> all small investors are screwed and will sell at big losses🐕🐶📉📉📉📉📈</div></div>"
neil1,True,2019-01-14 11:41:00,3.474,"<div class=""MessageStreamView__body___2giLh""><div><span><a data-event=""click"" data-for=""cashTag"" data-tip=""VSTM"" href=""/symbol/VSTM"" id=""VSTM-150558289-971"">$VSTM</a></span> 🐂🐃</div></div>"
ericprotrader,False,2019-01-14 11:37:00,3.471,"<div class=""MessageStreamView__body___2giLh""><div><span><a data-event=""click"" data-for=""cashTag"" data-tip=""VSTM"" href=""/symbol/VSTM"" id=""VSTM-150557754-980"">$VSTM</a></span> take note: no comment by management???</div></div>"
nolan808,True,2019-01-14 11:36:00,3.465,"<div class=""MessageStreamView__body___2giLh""><div><span><a data-event=""click"" data-for=""cashTag"" data-tip=""VSTM"" href=""/symbol/VSTM"" id=""VSTM-150557621-983"">$VSTM</a></span> lots of bashing today can only mean one thing....something brewing</div></div>"
mikespitters,True,2019-01-14 11:35:00,3.467,"<div class=""MessageStreamView__body___2giLh""><div><span><a data-event=""click"" data-for=""cashTag"" data-tip=""VSTM"" href=""/symbol/VSTM"" id=""VSTM-150557438-986"">$VSTM</a></span> Stay the course!</div></div>"
peter8,True,2019-01-14 11:34:00,3.461,"<div class=""MessageStreamView__body___2giLh""><div><span><a data-event=""click"" data-for=""cashTag"" data-tip=""VSTM"" href=""/symbol/VSTM"" id=""VSTM-150557262-989"">$VSTM</a></span> buying 2k more today and tmrw</div></div>"
ericprotrader,False,2019-01-14 11:29:00,3.449,"<div class=""MessageStreamView__body___2giLh""><div><span><a data-event=""click"" data-for=""cashTag"" data-tip=""VSTM"" href=""/symbol/VSTM"" id=""VSTM-150556407-1004"">$VSTM</a></span> Tutes are selling the pos here</div></div>"
Markiii,True,2019-01-14 11:23:00,3.427,"<div class=""MessageStreamView__body___2giLh""><div><span><a data-event=""click"" data-for=""cashTag"" data-tip=""VSTM"" href=""/symbol/VSTM"" id=""VSTM-150555515-1010"">$VSTM</a></span> didn’t saw this one coming today, so what? That shitty article on motley fool? Shorts? hoping for an extraordinary good ER!</div></div>"
Jimm2000,True,2019-01-14 10:56:00,3.434,"<div class=""MessageStreamView__body___2giLh""><div><span><a data-event=""click"" data-for=""cashTag"" data-tip=""VSTM"" href=""/symbol/VSTM"" id=""VSTM-150551159-1058"">$VSTM</a></span> , who is selling it now? Oversold</div></div>"
pablo4,True,2019-01-14 10:52:00,3.422,"<div class=""MessageStreamView__body___2giLh""><div><span><a data-event=""click"" data-for=""cashTag"" data-tip=""VSTM"" href=""/symbol/VSTM"" id=""VSTM-150550565-1073"">$VSTM</a></span> convertible debt holders are controlling this stock for now;  the real value of VSTM becomes sidebar w/ this kind of manipulation</div></div>"
peter63,True,2019-01-14 10:50:00,3.426,"<div class=""MessageStreamView__body___2giLh""><div><span><a data-event=""click"" data-for=""cashTag"" data-tip=""VSTM"" href=""/symbol/VSTM"" id=""VSTM-150550206-1086"">$VSTM</a></span> Somebody really wants this under 3$ it seems , its a buy down here , even more under 3$ lets see if and when we get there</div></div>"
Ahri,True,2019-01-14 10:49:00,3.422,"<div class=""MessageStreamView__body___2giLh""><div><span><a data-event=""click"" data-for=""cashTag"" data-tip=""VSTM"" href=""/symbol/VSTM"" id=""VSTM-150550071-1092"">$VSTM</a></span> bids coming in, in now. SL 3.30s</div></div>"
ericprotrader,False,2019-01-14 10:49:00,3.422,"<div class=""MessageStreamView__body___2giLh""><div><span><a data-event=""click"" data-for=""cashTag"" data-tip=""VSTM"" href=""/symbol/VSTM"" id=""VSTM-150549951-1101"">$VSTM</a></span> only sellers no buyers</div></div>"
rebel6,True,2019-01-14 10:48:00,3.425,"<div class=""MessageStreamView__body___2giLh""><div><span><a data-event=""click"" data-for=""cashTag"" data-tip=""VSTM"" href=""/symbol/VSTM"" id=""VSTM-150549898-1104"">$VSTM</a></span> Buying at 3.42 for swing trade holding core rinse and repeat. I will play games with the shorts and still make money.</div></div>"
ericprotrader,False,2019-01-14 10:48:00,3.425,"<div class=""MessageStreamView__body___2giLh""><div><span><a data-event=""click"" data-for=""cashTag"" data-tip=""VSTM"" href=""/symbol/VSTM"" id=""VSTM-150549814-1110"">$VSTM</a></span> $3.42 total pos</div></div>"
ericprotrader,False,2019-01-14 10:47:00,3.43,"<div class=""MessageStreamView__body___2giLh""><div><span><a data-event=""click"" data-for=""cashTag"" data-tip=""VSTM"" href=""/symbol/VSTM"" id=""VSTM-150549714-1113"">$VSTM</a></span> new low and down 8%</div></div>"
gregorovics,True,2019-01-14 10:47:00,3.43,"<div class=""MessageStreamView__body___2giLh""><div><span><a data-event=""click"" data-for=""cashTag"" data-tip=""VSTM"" href=""/symbol/VSTM"" id=""VSTM-150549655-1122"">$VSTM</a></span> i will have money only next week... :(</div></div>"
ericprotrader,False,2019-01-14 10:46:00,3.446,"<div class=""MessageStreamView__body___2giLh""><div><span><a data-event=""click"" data-for=""cashTag"" data-tip=""VSTM"" href=""/symbol/VSTM"" id=""VSTM-150549469-1128"">$VSTM</a></span> I told you to sell it’s a total pos and dog📉📉📉🐶🐶🐶🐶</div></div>"
ericprotrader,False,2019-01-14 10:31:00,3.545,"<div class=""MessageStreamView__body___2giLh""><div><span><a data-event=""click"" data-for=""cashTag"" data-tip=""VSTM"" href=""/symbol/VSTM"" id=""VSTM-150547072-1152"">$VSTM</a></span> sell the DOG🐶🐶🐶📉📉📉</div></div>"
Scooby_snack,True,2019-01-14 10:15:00,3.584,"<div class=""MessageStreamView__body___2giLh""><div><span><a data-event=""click"" data-for=""cashTag"" data-tip=""VSTM"" href=""/symbol/VSTM"" id=""VSTM-150544462-1173"">$VSTM</a></span> looks like we have BUYERS! scR!w off shorts</div></div>"
aryamapple,True,2019-01-14 10:11:00,3.599,"<div class=""MessageStreamView__body___2giLh""><div><span><a data-event=""click"" data-for=""cashTag"" data-tip=""VSTM"" href=""/symbol/VSTM"" id=""VSTM-150543677-1176"">$VSTM</a></span> Close green</div></div>"
neil1,True,2019-01-14 09:59:00,3.589,"<div class=""MessageStreamView__body___2giLh""><div>🐂🐃☝ <span><a data-event=""click"" data-for=""cashTag"" data-tip=""VSTM"" href=""/symbol/VSTM"" id=""VSTM-150541520-1182"">$VSTM</a></span> </div></div>"
scris,True,2019-01-14 09:56:00,3.607,"<div class=""MessageStreamView__body___2giLh""><div><span><a data-event=""click"" data-for=""cashTag"" data-tip=""VSTM"" href=""/symbol/VSTM"" id=""VSTM-150540955-1185"">$VSTM</a></span> I am a buyer at $3.50.</div></div>"
ULTRAPREMOS,True,2019-01-14 09:55:00,3.615,"<div class=""MessageStreamView__body___2giLh""><div><span><a data-event=""click"" data-for=""cashTag"" data-tip=""VSTM"" href=""/symbol/VSTM"" id=""VSTM-150540950-1188"">$VSTM</a></span> ERICS MOM IS 1 NASTY DOG 🐶!!!!</div></div>"
ULTRAPREMOS,True,2019-01-14 09:52:00,3.59,"<div class=""MessageStreamView__body___2giLh""><div><span><a data-event=""click"" data-for=""cashTag"" data-tip=""VSTM"" href=""/symbol/VSTM"" id=""VSTM-150540336-1194"">$VSTM</a></span> BUY THE DIP!!!</div></div>"
One_up,True,2019-01-14 09:49:00,3.56,"<div class=""MessageStreamView__body___2giLh""><div><span><a data-event=""click"" data-for=""cashTag"" data-tip=""VSTM"" href=""/symbol/VSTM"" id=""VSTM-150539706-1200"">$VSTM</a></span> they located in needham ma nice right down street</div></div>"
One_up,True,2019-01-14 09:49:00,3.56,"<div class=""MessageStreamView__body___2giLh""><div><span><a data-event=""click"" data-for=""cashTag"" data-tip=""VSTM"" href=""/symbol/VSTM"" id=""VSTM-150539665-1203"">$VSTM</a></span> I'm in 😎</div></div>"
mikespitters,True,2019-01-14 09:47:00,3.57,"<div class=""MessageStreamView__body___2giLh""><div><span><a data-event=""click"" data-for=""cashTag"" data-tip=""VSTM"" href=""/symbol/VSTM"" id=""VSTM-150539345-1206"">$VSTM</a></span> big volume</div></div>"
Ravnen,True,2019-01-14 09:38:00,3.535,"<div class=""MessageStreamView__body___2giLh""><div><span><a data-event=""click"" data-for=""cashTag"" data-tip=""VSTM"" href=""/symbol/VSTM"" id=""VSTM-150537907-1227"">$VSTM</a></span> low volume manipulation drop. Sell sell all loose hands. Let’s hit $3,50 and bounch. 📈🐸</div></div>"
ericprotrader,False,2019-01-14 09:36:00,3.549,"<div class=""MessageStreamView__body___2giLh""><div><span><a data-event=""click"" data-for=""cashTag"" data-tip=""VSTM"" href=""/symbol/VSTM"" id=""VSTM-150537641-1230"">$VSTM</a></span> pos and dog🐶🐶🐶🐶🐶📉📉📉📉📉</div></div>"
One_up,True,2019-01-14 09:33:00,3.588,"<div class=""MessageStreamView__body___2giLh""><div><span><a data-event=""click"" data-for=""cashTag"" data-tip=""VSTM"" href=""/symbol/VSTM"" id=""VSTM-150537149-1242"">$VSTM</a></span> how low?</div></div>"
mikespitters,True,2019-01-14 09:33:00,3.588,"<div class=""MessageStreamView__body___2giLh""><div><span><a data-event=""click"" data-for=""cashTag"" data-tip=""VSTM"" href=""/symbol/VSTM"" id=""VSTM-150537079-1245"">$VSTM</a></span> How long? How long must we sing this song? How long? How long?</div></div>"
aryamapple,True,2019-01-14 09:33:00,3.588,"<div class=""MessageStreamView__body___2giLh""><div><span><a data-event=""click"" data-for=""cashTag"" data-tip=""VSTM"" href=""/symbol/VSTM"" id=""VSTM-150537061-1248"">$VSTM</a></span> Morning dip</div></div>"
