topstockalerts,False,2019-01-14 15:05:00,37.83,"<div class=""MessageStreamView__body___2giLh""><div>Downgrades:

<span><a data-event=""click"" data-for=""cashTag"" data-tip=""SCHN"" href=""/symbol/SCHN"" id=""SCHN-150588423-249"">$SCHN</a></span> <span><a data-event=""click"" data-for=""cashTag"" data-tip=""TER"" href=""/symbol/TER"" id=""TER-150588423-250"">$TER</a></span> <span><a data-event=""click"" data-for=""cashTag"" data-tip=""PLXP"" href=""/symbol/PLXP"" id=""PLXP-150588423-251"">$PLXP</a></span> <span><a data-event=""click"" data-for=""cashTag"" data-tip=""TMHC"" href=""/symbol/TMHC"" id=""TMHC-150588423-252"">$TMHC</a></span> <span><a data-event=""click"" data-for=""cashTag"" data-tip=""VCRA"" href=""/symbol/VCRA"" id=""VCRA-150588423-253"">$VCRA</a></span> <span><a data-event=""click"" data-for=""cashTag"" data-tip=""PCG"" href=""/symbol/PCG"" id=""PCG-150588423-254"">$PCG</a></span> <span><a data-event=""click"" data-for=""cashTag"" data-tip=""PAH"" href=""/symbol/PAH"" id=""PAH-150588423-255"">$PAH</a></span> <span><a data-event=""click"" data-for=""cashTag"" data-tip=""XPO"" href=""/symbol/XPO"" id=""XPO-150588423-256"">$XPO</a></span> <span><a data-event=""click"" data-for=""cashTag"" data-tip=""WDC"" href=""/symbol/WDC"" id=""WDC-150588423-257"">$WDC</a></span> <span><a data-event=""click"" data-for=""cashTag"" data-tip=""SEMG"" href=""/symbol/SEMG"" id=""SEMG-150588423-258"">$SEMG</a></span> <span><a data-event=""click"" data-for=""cashTag"" data-tip=""PPL"" href=""/symbol/PPL"" id=""PPL-150588423-259"">$PPL</a></span> <span><a data-event=""click"" data-for=""cashTag"" data-tip=""PNM"" href=""/symbol/PNM"" id=""PNM-150588423-260"">$PNM</a></span></div></div>"
skarper,False,2019-01-14 14:20:00,37.739,"<div class=""MessageStreamView__body___2giLh""><div><span><a data-event=""click"" data-for=""cashTag"" data-tip=""WDC"" href=""/symbol/WDC"" id=""WDC-150581631-284"">$WDC</a></span> <span><a data-event=""click"" data-for=""cashTag"" data-tip=""WDC"" href=""/symbol/WDC"" id=""WDC-150581631-285"">$WDC</a></span> SetupAlert - Open Jan-25 35.5 Puts at $0.9</div></div>"
DaveAurelio,False,2019-01-14 14:19:00,37.689,"<div class=""MessageStreamView__body___2giLh""><div>StarMine models from Refinitiv predict the following companies will miss 18Q4 EPS: <span><a data-event=""click"" data-for=""cashTag"" data-tip=""REN"" href=""/symbol/REN"" id=""REN-150581484-288"">$REN</a></span> <span><a data-event=""click"" data-for=""cashTag"" data-tip=""WDC"" href=""/symbol/WDC"" id=""WDC-150581484-289"">$WDC</a></span> <span><a data-event=""click"" data-for=""cashTag"" data-tip=""COHR"" href=""/symbol/COHR"" id=""COHR-150581484-290"">$COHR</a></span> <span><a data-event=""click"" data-for=""cashTag"" data-tip=""VC"" href=""/symbol/VC"" id=""VC-150581484-291"">$VC</a></span> <span><a data-event=""click"" data-for=""cashTag"" data-tip=""PATK"" href=""/symbol/PATK"" id=""PATK-150581484-292"">$PATK</a></span> <a data-event=""click"" href=""http://bit.ly/18Q4NegSurp"" rel=""noopener nofollow"" target=""_blank"">lipperalpha.financial.thoms...</a></div></div>"
FreakMeister,True,2019-01-14 14:07:00,38.138,"<div class=""MessageStreamView__body___2giLh""><div><span><a data-event=""click"" data-for=""cashTag"" data-tip=""WDC"" href=""/symbol/WDC"" id=""WDC-150579605-298"">$WDC</a></span> Nice recovery</div></div>"
apgould,False,2019-01-14 13:14:00,37.929,"<div class=""MessageStreamView__body___2giLh""><div><span><a data-event=""click"" data-for=""cashTag"" data-tip=""WDC"" href=""/symbol/WDC"" id=""WDC-150571697-307"">$WDC</a></span> About two more weeks till I'm all in on calls, but for now I'll keep my puts</div></div>"
BullYa,False,2019-01-14 13:01:00,37.826,"<div class=""MessageStreamView__body___2giLh""><div><span><a data-event=""click"" data-for=""cashTag"" data-tip=""WDC"" href=""/symbol/WDC"" id=""WDC-150569769-310"">$WDC</a></span> sell it</div></div>"
leakyjuan,True,2019-01-14 12:45:00,37.739,"<div class=""MessageStreamView__body___2giLh""><div><span><a data-event=""click"" data-for=""cashTag"" data-tip=""WDC"" href=""/symbol/WDC"" id=""WDC-150567534-313"">$WDC</a></span> Consensus is 79 PT, Muse says 30? Gee he must be a genius compared to the other 20 not to mention <span><a data-event=""click"" data-for=""cashTag"" data-tip=""WDC"" href=""/symbol/WDC"" id=""WDC-150567534-314"">$WDC</a></span> picked as top stock of 2019 BTFD</div></div>"
Danny__Porush,False,2019-01-14 11:45:00,37.583,"<div class=""MessageStreamView__body___2giLh""><div><span><a data-event=""click"" data-for=""cashTag"" data-tip=""SPY"" href=""/symbol/SPY"" id=""SPY-150558879-323"">$SPY</a></span> <span><a data-event=""click"" data-for=""cashTag"" data-tip=""PCG"" href=""/symbol/PCG"" id=""PCG-150558879-324"">$PCG</a></span>, <span><a data-event=""click"" data-for=""cashTag"" data-tip=""ATHM"" href=""/symbol/ATHM"" id=""ATHM-150558879-325"">$ATHM</a></span>, <span><a data-event=""click"" data-for=""cashTag"" data-tip=""CWEN"" href=""/symbol/CWEN"" id=""CWEN-150558879-326"">$CWEN</a></span>, <span><a data-event=""click"" data-for=""cashTag"" data-tip=""NEM"" href=""/symbol/NEM"" id=""NEM-150558879-327"">$NEM</a></span>, <span><a data-event=""click"" data-for=""cashTag"" data-tip=""PDD"" href=""/symbol/PDD"" id=""PDD-150558879-328"">$PDD</a></span>, <span><a data-event=""click"" data-for=""cashTag"" data-tip=""SNX"" href=""/symbol/SNX"" id=""SNX-150558879-329"">$SNX</a></span>, <span><a data-event=""click"" data-for=""cashTag"" data-tip=""CVNA"" href=""/symbol/CVNA"" id=""CVNA-150558879-330"">$CVNA</a></span>, <span><a data-event=""click"" data-for=""cashTag"" data-tip=""WDC"" href=""/symbol/WDC"" id=""WDC-150558879-331"">$WDC</a></span>, <span><a data-event=""click"" data-for=""cashTag"" data-tip=""IQ"" href=""/symbol/IQ"" id=""IQ-150558879-332"">$IQ</a></span> oops</div></div>"
UdallTechStrat,True,2019-01-14 11:21:00,36.78,"<div class=""MessageStreamView__body___2giLh""><div>the Pavlovian <span><a data-event=""click"" data-for=""cashTag"" data-tip=""WDC"" href=""/symbol/WDC"" id=""WDC-150555176-341"">$WDC</a></span> and <span><a data-event=""click"" data-for=""cashTag"" data-tip=""MU"" href=""/symbol/MU"" id=""MU-150555176-342"">$MU</a></span> are providing me endless humor today.  I say they have a Brainfreeze ...   <a data-event=""click"" href=""https://www.youtube.com/watch?v=-S95Zl6P7GY"" rel=""noopener nofollow"" target=""_blank"">youtube.com/watch?v=-S95Zl6...</a></div></div>"
yidarmy,True,2019-01-14 11:13:00,36.84,"<div class=""MessageStreamView__body___2giLh""><div><span><a data-event=""click"" data-for=""cashTag"" data-tip=""WDC"" href=""/symbol/WDC"" id=""WDC-150553954-348"">$WDC</a></span> initiating a buy here...playing a bounce.</div></div>"
Rocoprc,True,2019-01-14 10:21:00,37.125,"<div class=""MessageStreamView__body___2giLh""><div><span><a data-event=""click"" data-for=""cashTag"" data-tip=""WDC"" href=""/symbol/WDC"" id=""WDC-150545576-386"">$WDC</a></span> Bought a  dip 😎😎</div></div>"
Makesomemoneyy,False,2019-01-14 09:47:00,36.504,"<div class=""MessageStreamView__body___2giLh""><div><span><a data-event=""click"" data-for=""cashTag"" data-tip=""WDC"" href=""/symbol/WDC"" id=""WDC-150539303-420"">$WDC</a></span> $35 coming</div></div>"
