AlphaTrader8,False,2019-01-14 15:58:00,61.874,"<div class=""MessageStreamView__body___2giLh""><div><span><a data-event=""click"" data-for=""cashTag"" data-tip=""MU"" href=""/symbol/MU"" id=""MU-150597363-267"">$MU</a></span> <span><a data-event=""click"" data-for=""cashTag"" data-tip=""INTC"" href=""/symbol/INTC"" id=""INTC-150597363-268"">$INTC</a></span> <span><a data-event=""click"" data-for=""cashTag"" data-tip=""AAPL"" href=""/symbol/AAPL"" id=""AAPL-150597363-269"">$AAPL</a></span> <span><a data-event=""click"" data-for=""cashTag"" data-tip=""NVDA"" href=""/symbol/NVDA"" id=""NVDA-150597363-270"">$NVDA</a></span> <span><a data-event=""click"" data-for=""cashTag"" data-tip=""AMD"" href=""/symbol/AMD"" id=""AMD-150597363-271"">$AMD</a></span> <span><a data-event=""click"" data-for=""cashTag"" data-tip=""QQQ"" href=""/symbol/QQQ"" id=""QQQ-150597363-272"">$QQQ</a></span> <span><a data-event=""click"" data-for=""cashTag"" data-tip=""SPY"" href=""/symbol/SPY"" id=""SPY-150597363-273"">$SPY</a></span> <span><a data-event=""click"" data-for=""cashTag"" data-tip=""XLE"" href=""/symbol/XLE"" id=""XLE-150597363-274"">$XLE</a></span> a lot Chips &amp; Oil = LowerMkt
Morgan Stanley Pours Water on Micron Bulls 😰
<a data-event=""click"" href=""https://www.google.com/amp/s/www.nasdaq.com/article/morgan-stanley-pours-water-on-micron-stock-bulls-cm1081704/amp"" rel=""noopener nofollow"" target=""_blank"">nasdaq.com/article/morgan-s...</a></div></div>"
GordonGekko888,False,2019-01-14 14:15:00,61.952,"<div class=""MessageStreamView__body___2giLh""><div><span><a data-event=""click"" data-for=""cashTag"" data-tip=""USO"" href=""/symbol/USO"" id=""USO-150580836-315"">$USO</a></span> <span><a data-event=""click"" data-for=""cashTag"" data-tip=""UWT"" href=""/symbol/UWT"" id=""UWT-150580836-316"">$UWT</a></span> <span><a data-event=""click"" data-for=""cashTag"" data-tip=""XLE"" href=""/symbol/XLE"" id=""XLE-150580836-317"">$XLE</a></span> <span><a data-event=""click"" data-for=""cashTag"" data-tip=""DWT"" href=""/symbol/DWT"" id=""DWT-150580836-318"">$DWT</a></span> <span><a data-event=""click"" data-for=""cashTag"" data-tip=""CRC"" href=""/symbol/CRC"" id=""CRC-150580836-319"">$CRC</a></span> <span><a data-event=""click"" data-for=""cashTag"" data-tip=""RIG"" href=""/symbol/RIG"" id=""RIG-150580836-320"">$RIG</a></span> <span><a data-event=""click"" data-for=""cashTag"" data-tip=""OAS"" href=""/symbol/OAS"" id=""OAS-150580836-321"">$OAS</a></span> You dinks better hope 50 holds but I doubt it will. Look to retest 48-47 and if that cant hold 44</div></div>"
FlynancialAnalyst,True,2019-01-14 11:08:00,61.652,"<div class=""MessageStreamView__body___2giLh""><div><span><a data-event=""click"" data-for=""cashTag"" data-tip=""MGY"" href=""/symbol/MGY"" id=""MGY-150553200-358"">$MGY</a></span> posted before, updated here. Setting up off 200 day  SMA. Energy reversal play 

<span><a data-event=""click"" data-for=""cashTag"" data-tip=""XOP"" href=""/symbol/XOP"" id=""XOP-150553200-359"">$XOP</a></span> <span><a data-event=""click"" data-for=""cashTag"" data-tip=""XLE"" href=""/symbol/XLE"" id=""XLE-150553200-360"">$XLE</a></span> <span><a data-event=""click"" data-for=""cashTag"" data-tip=""USO"" href=""/symbol/USO"" id=""USO-150553200-361"">$USO</a></span></div></div>"
