SoksWeeklyPatterns,False,2019-01-14 15:36:00,0.1808,"<div class=""MessageStreamView__body___2giLh""><div><span><a data-event=""click"" data-for=""cashTag"" data-tip=""XSPA"" href=""/symbol/XSPA"" id=""XSPA-150593616-350"">$XSPA</a></span> bulls, here is your 6 month channel. Stop trading 5 day charts, youll save money. I PROMISE.</div></div>"
Sbuelow76,True,2019-01-14 14:58:00,0.174,"<div class=""MessageStreamView__body___2giLh""><div><span><a data-event=""click"" data-for=""cashTag"" data-tip=""XSPA"" href=""/symbol/XSPA"" id=""XSPA-150587230-353"">$XSPA</a></span></div></div>"
Yarrrr,True,2019-01-14 13:45:00,0.178,"<div class=""MessageStreamView__body___2giLh""><div><span><a data-event=""click"" data-for=""cashTag"" data-tip=""XSPA"" href=""/symbol/XSPA"" id=""XSPA-150576268-362"">$XSPA</a></span> didn't this show 60s the other day? Chill guys</div></div>"
ReissCT,True,2019-01-14 13:20:00,0.1792,"<div class=""MessageStreamView__body___2giLh""><div><span><a data-event=""click"" data-for=""cashTag"" data-tip=""XSPA"" href=""/symbol/XSPA"" id=""XSPA-150572540-365"">$XSPA</a></span> only people mad about this are the ones that got in at .23/.24. Quit complaining and either wait, add more or leave</div></div>"
Feelyat,True,2019-01-14 12:53:00,0.1725,"<div class=""MessageStreamView__body___2giLh""><div><span><a data-event=""click"" data-for=""cashTag"" data-tip=""XSPA"" href=""/symbol/XSPA"" id=""XSPA-150568676-396"">$XSPA</a></span> Oh I'm definitely taking that price. Thank you, xspa.</div></div>"
Feelyat,True,2019-01-14 12:51:00,0.18,"<div class=""MessageStreamView__body___2giLh""><div><span><a data-event=""click"" data-for=""cashTag"" data-tip=""XSPA"" href=""/symbol/XSPA"" id=""XSPA-150568326-408"">$XSPA</a></span> I'll be adding a boatload very soon. Just seeing if it goes lower. All gravy on this one.</div></div>"
cycloon,True,2019-01-14 11:36:00,0.184,"<div class=""MessageStreamView__body___2giLh""><div><span><a data-event=""click"" data-for=""cashTag"" data-tip=""MBOT"" href=""/symbol/MBOT"" id=""MBOT-150557493-420"">$MBOT</a></span> <span><a data-event=""click"" data-for=""cashTag"" data-tip=""XSPA"" href=""/symbol/XSPA"" id=""XSPA-150557493-421"">$XSPA</a></span>  next</div></div>"
ReissCT,True,2019-01-14 11:03:00,0.183,"<div class=""MessageStreamView__body___2giLh""><div><span><a data-event=""click"" data-for=""cashTag"" data-tip=""XSPA"" href=""/symbol/XSPA"" id=""XSPA-150552353-427"">$XSPA</a></span> at my .18 average. A nice run will be greatly appreciated</div></div>"
Sbuelow76,True,2019-01-14 10:47:00,0.1865,"<div class=""MessageStreamView__body___2giLh""><div><span><a data-event=""click"" data-for=""cashTag"" data-tip=""XSPA"" href=""/symbol/XSPA"" id=""XSPA-150549674-433"">$XSPA</a></span> if it does that I'll add 🤣</div></div>"
Sbuelow76,True,2019-01-14 10:46:00,0.1869,"<div class=""MessageStreamView__body___2giLh""><div><span><a data-event=""click"" data-for=""cashTag"" data-tip=""XSPA"" href=""/symbol/XSPA"" id=""XSPA-150549579-439"">$XSPA</a></span> how low can she go?</div></div>"
Sbuelow76,True,2019-01-14 10:29:00,0.1851,"<div class=""MessageStreamView__body___2giLh""><div><span><a data-event=""click"" data-for=""cashTag"" data-tip=""XSPA"" href=""/symbol/XSPA"" id=""XSPA-150546728-445"">$XSPA</a></span>  would be nice to make back some of my losses and not see it all slowly eating away all my money every day</div></div>"
cycloon,True,2019-01-14 10:26:00,0.1852,"<div class=""MessageStreamView__body___2giLh""><div><span><a data-event=""click"" data-for=""cashTag"" data-tip=""XSPA"" href=""/symbol/XSPA"" id=""XSPA-150546319-448"">$XSPA</a></span>  Patience this group can also go popping any time.</div></div>"
Sbuelow76,True,2019-01-14 10:12:00,0.1851,"<div class=""MessageStreamView__body___2giLh""><div><span><a data-event=""click"" data-for=""cashTag"" data-tip=""XSPA"" href=""/symbol/XSPA"" id=""XSPA-150544053-457"">$XSPA</a></span> I dip you dip we dip</div></div>"
StockIt21,True,2019-01-14 10:11:00,0.1851,"<div class=""MessageStreamView__body___2giLh""><div><span><a data-event=""click"" data-for=""cashTag"" data-tip=""XSPA"" href=""/symbol/XSPA"" id=""XSPA-150543806-460"">$XSPA</a></span></div></div>"
tradebrave7,True,2019-01-14 10:11:00,0.1851,"<div class=""MessageStreamView__body___2giLh""><div><span><a data-event=""click"" data-for=""cashTag"" data-tip=""XSPA"" href=""/symbol/XSPA"" id=""XSPA-150543707-463"">$XSPA</a></span></div></div>"
cycloon,True,2019-01-14 10:10:00,0.1858,"<div class=""MessageStreamView__body___2giLh""><div><span><a data-event=""click"" data-for=""cashTag"" data-tip=""XSPA"" href=""/symbol/XSPA"" id=""XSPA-150543672-466"">$XSPA</a></span> <a data-event=""click"" href=""http://www.stocksgallery.com/2019/01/14/xpresspa-group-inc-xspa-registers-a-price-change-of-1-05-while-neos-therapeutics-inc-neos-finishes-with-a-flow-of-4-78/"" rel=""noopener nofollow"" target=""_blank"">stocksgallery.com/2019/01/1...</a></div></div>"
ChartHawk,True,2019-01-14 10:06:00,0.1836,"<div class=""MessageStreamView__body___2giLh""><div><span><a data-event=""click"" data-for=""cashTag"" data-tip=""XSPA"" href=""/symbol/XSPA"" id=""XSPA-150542808-478"">$XSPA</a></span>  The gaps are nice now.  Break .21 for the first run</div></div>"
