don_bull,True,2019-01-14 13:45:00,0.1304,"<div class=""MessageStreamView__body___2giLh""><div><span><a data-event=""click"" data-for=""cashTag"" data-tip=""YUMA"" href=""/symbol/YUMA"" id=""YUMA-150576221-200"">$YUMA</a></span> should hit .30 or close soon imo</div></div>"
SkyLonger,True,2019-01-14 11:42:00,0.1373,"<div class=""MessageStreamView__body___2giLh""><div><span><a data-event=""click"" data-for=""cashTag"" data-tip=""YUMA"" href=""/symbol/YUMA"" id=""YUMA-150558431-222"">$YUMA</a></span> pop pop pop</div></div>"
SkyLonger,True,2019-01-14 10:46:00,0.1282,"<div class=""MessageStreamView__body___2giLh""><div><span><a data-event=""click"" data-for=""cashTag"" data-tip=""YUMA"" href=""/symbol/YUMA"" id=""YUMA-150549535-231"">$YUMA</a></span> the DD that Iv done on this Co. I'm BULLISH NOW</div></div>"
SkyLonger,True,2019-01-14 10:45:00,0.128,"<div class=""MessageStreamView__body___2giLh""><div><span><a data-event=""click"" data-for=""cashTag"" data-tip=""YUMA"" href=""/symbol/YUMA"" id=""YUMA-150549357-234"">$YUMA</a></span> how's this play out for the week? Lower or Higher 
Large investor out on Fri. but what's the big deal</div></div>"
pshelby,True,2019-01-14 10:18:00,0.1308,"<div class=""MessageStreamView__body___2giLh""><div><span><a data-event=""click"" data-for=""cashTag"" data-tip=""YUMA"" href=""/symbol/YUMA"" id=""YUMA-150544965-243"">$YUMA</a></span> I'll get back in .09 or so 🛢️📈</div></div>"
don_bull,True,2019-01-14 09:55:00,0.1317,"<div class=""MessageStreamView__body___2giLh""><div><span><a data-event=""click"" data-for=""cashTag"" data-tip=""YUMA"" href=""/symbol/YUMA"" id=""YUMA-150540771-246"">$YUMA</a></span> <span><a data-event=""click"" data-for=""cashTag"" data-tip=""TTNP"" href=""/symbol/TTNP"" id=""TTNP-150540771-247"">$TTNP</a></span> <span><a data-event=""click"" data-for=""cashTag"" data-tip=""NLST"" href=""/symbol/NLST"" id=""NLST-150540771-248"">$NLST</a></span> <span><a data-event=""click"" data-for=""cashTag"" data-tip=""NTWK"" href=""/symbol/NTWK"" id=""NTWK-150540771-249"">$NTWK</a></span> still riding in 2019</div></div>"
