Chartiz,False,2019-01-24 15:59:00,8.783
Tomtwitss,True,2019-01-24 15:58:00,8.782
Closetiguana,True,2019-01-24 15:56:00,8.796
janecy,False,2019-01-24 15:54:00,8.802
Super5Investments,True,2019-01-24 15:53:00,8.795
Chartiz,False,2019-01-24 15:51:00,8.796
Chartiz,False,2019-01-24 15:42:00,8.811
Chartiz,False,2019-01-24 15:41:00,8.81
Bluffs,True,2019-01-24 15:40:00,8.812
Chartiz,False,2019-01-24 15:38:00,8.811
Rageman,False,2019-01-24 15:36:00,8.811
WicketKeeper,True,2019-01-24 15:35:00,8.819
flashkamal,False,2019-01-24 15:35:00,8.819
TGMF,True,2019-01-24 15:33:00,8.816
Chartiz,False,2019-01-24 15:33:00,8.816
Rageman,False,2019-01-24 15:30:00,8.817
Rageman,False,2019-01-24 15:25:00,8.835
WicketKeeper,True,2019-01-24 15:23:00,8.835
brie99,True,2019-01-24 15:21:00,8.835
janecy,False,2019-01-24 15:19:00,8.833
janecy,False,2019-01-24 15:18:00,8.835
mrm0x,True,2019-01-24 15:14:00,8.831
Stockdude525,True,2019-01-24 15:07:00,8.83
Chartiz,False,2019-01-24 15:04:00,8.83
BetterFedThanDead,False,2019-01-24 14:50:00,8.84
INTL,False,2019-01-24 14:48:00,8.835
imgnmadememiions,True,2019-01-24 14:42:00,8.835
Closetiguana,True,2019-01-24 14:40:00,8.84
BetterFedThanDead,False,2019-01-24 14:26:00,8.845
BoboTheBearMarketBear,False,2019-01-24 14:19:00,8.851
tyrsson,True,2019-01-24 14:15:00,8.86
Closetiguana,True,2019-01-24 14:06:00,8.85
mrm0x,True,2019-01-24 13:58:00,8.835
TheUniverse,True,2019-01-24 13:46:00,8.813
Closetiguana,True,2019-01-24 13:44:00,8.8
PumpNdump420_69_69,False,2019-01-24 13:43:00,8.815
Chartiz,False,2019-01-24 13:35:00,8.82
Closetiguana,True,2019-01-24 13:34:00,8.829
BoboTheBearMarketBear,False,2019-01-24 13:21:00,8.83
janecy,False,2019-01-24 13:19:00,8.82
janecy,False,2019-01-24 13:18:00,8.82
janecy,False,2019-01-24 13:18:00,8.82
Closetiguana,True,2019-01-24 13:12:00,8.81
doghaire,True,2019-01-24 13:11:00,8.83
Cfdpro2000,True,2019-01-24 13:02:00,8.85
TheUniverse,True,2019-01-24 12:58:00,8.84
louisd217,False,2019-01-24 12:55:00,8.825
Closetiguana,True,2019-01-24 12:54:00,8.825
petgar,False,2019-01-24 12:53:00,8.826
Vinny1990,True,2019-01-24 12:50:00,8.837
tradingaddict,False,2019-01-24 12:46:00,8.825
Vinny1990,True,2019-01-24 12:45:00,8.831
ForUS2Retire,True,2019-01-24 12:44:00,8.838
wvbuild,True,2019-01-24 12:44:00,8.838
wvbuild,True,2019-01-24 12:43:00,8.842
Vinny1990,True,2019-01-24 12:42:00,8.844
janecy,False,2019-01-24 12:42:00,8.844
Vinny1990,True,2019-01-24 12:42:00,8.844
Closetiguana,True,2019-01-24 12:41:00,8.827
Vinny1990,True,2019-01-24 12:40:00,8.814
janecy,False,2019-01-24 12:40:00,8.814
Vinny1990,True,2019-01-24 12:40:00,8.814
Vinny1990,True,2019-01-24 12:39:00,8.813
janecy,False,2019-01-24 12:39:00,8.813
Rageman,False,2019-01-24 12:39:00,8.813
tradingaddict,False,2019-01-24 12:39:00,8.813
jo19,True,2019-01-24 12:38:00,8.82
jo19,True,2019-01-24 12:38:00,8.82
Sleestak,True,2019-01-24 12:37:00,8.817
janecy,False,2019-01-24 12:36:00,8.803
texasscalptrader,False,2019-01-24 12:34:00,8.854
wvbuild,True,2019-01-24 12:27:00,8.895
wvbuild,True,2019-01-24 12:26:00,8.9
wvbuild,True,2019-01-24 12:25:00,8.898
texasscalptrader,False,2019-01-24 12:10:00,8.895
Chartiz,False,2019-01-24 12:09:00,8.901
texasscalptrader,False,2019-01-24 12:06:00,8.904
doghaire,False,2019-01-24 12:06:00,8.904
Rageman,False,2019-01-24 12:05:00,8.909
doghaire,False,2019-01-24 12:05:00,8.909
moneymaker1968,True,2019-01-24 12:04:00,8.924
doghaire,False,2019-01-24 12:04:00,8.924
StockHunter75,True,2019-01-24 12:01:00,8.955
janecy,False,2019-01-24 11:59:00,8.965
doghaire,False,2019-01-24 11:59:00,8.965
HeyYouWhoMe,True,2019-01-24 11:58:00,8.966
JosephMM,True,2019-01-24 11:58:00,8.966
doghaire,False,2019-01-24 11:56:00,8.96
Nikenat02,True,2019-01-24 11:55:00,8.953
AlexanderHandleton,True,2019-01-24 11:54:00,8.95
HeyYouWhoMe,True,2019-01-24 11:54:00,8.95
Rageman,False,2019-01-24 11:54:00,8.95
Closetiguana,True,2019-01-24 11:54:00,8.95
janecy,False,2019-01-24 11:54:00,8.95
janecy,False,2019-01-24 11:54:00,8.95
doghaire,False,2019-01-24 11:53:00,8.954
GuyB,True,2019-01-24 11:52:00,8.96
napoleonDD,True,2019-01-24 11:52:00,8.96
WicketKeeper,True,2019-01-24 11:52:00,8.96
Mediumterm,True,2019-01-24 11:51:00,8.954
HeyYouWhoMe,True,2019-01-24 11:50:00,8.941
mytradename,True,2019-01-24 11:50:00,8.941
Mediumterm,True,2019-01-24 11:50:00,8.941
Closetiguana,True,2019-01-24 11:50:00,8.941
Chartiz,False,2019-01-24 11:49:00,8.934
janecy,False,2019-01-24 11:47:00,8.914
janecy,False,2019-01-24 11:47:00,8.914
janecy,False,2019-01-24 11:47:00,8.914
HeyYouWhoMe,True,2019-01-24 11:47:00,8.914
Closetiguana,True,2019-01-24 11:46:00,8.91
wvbuild,True,2019-01-24 11:46:00,8.91
HeyYouWhoMe,True,2019-01-24 11:45:00,8.896
HeyYouWhoMe,True,2019-01-24 11:43:00,8.871
HeyYouWhoMe,True,2019-01-24 11:41:00,8.875
Chartiz,False,2019-01-24 11:36:00,8.873
WicketKeeper,True,2019-01-24 11:35:00,8.873
BetterFedThanDead,False,2019-01-24 11:34:00,8.87
doghaire,False,2019-01-24 11:34:00,8.87
doghaire,False,2019-01-24 11:33:00,8.875
doghaire,False,2019-01-24 11:33:00,8.875
BoboTheBearMarketBear,False,2019-01-24 11:32:00,8.867
Closetiguana,True,2019-01-24 11:30:00,8.866
WindyCityGuy,True,2019-01-24 11:27:00,8.875
acdc,True,2019-01-24 11:22:00,8.874
cynical1800,True,2019-01-24 11:21:00,8.876
BoboTheBearMarketBear,False,2019-01-24 11:18:00,8.875
Chartiz,False,2019-01-24 11:18:00,8.875
Always_A_Pleasure91,True,2019-01-24 11:17:00,8.875
BoboTheBearMarketBear,False,2019-01-24 11:13:00,8.855
tyrsson,True,2019-01-24 11:13:00,8.855
HeyYouWhoMe,True,2019-01-24 11:08:00,8.874
rudedude,True,2019-01-24 11:08:00,8.874
Chartiz,False,2019-01-24 11:00:00,8.865
cynical1800,True,2019-01-24 10:53:00,8.823
WicketKeeper,True,2019-01-24 10:50:00,8.848
Chartiz,False,2019-01-24 10:49:00,8.851
HeyYouWhoMe,True,2019-01-24 10:48:00,8.872
HeyYouWhoMe,True,2019-01-24 10:43:00,8.855
HeyYouWhoMe,True,2019-01-24 10:42:00,8.848
HeyYouWhoMe,True,2019-01-24 10:41:00,8.845
Rageman,False,2019-01-24 10:34:00,8.862
AlexanderHandleton,True,2019-01-24 10:32:00,8.868
GuyB,True,2019-01-24 10:30:00,8.883
Kufan11,True,2019-01-24 10:30:00,8.883
VTAlum,True,2019-01-24 10:30:00,8.883
Closetiguana,True,2019-01-24 10:27:00,8.823
Chartiz,False,2019-01-24 10:26:00,8.805
janecy,False,2019-01-24 10:25:00,8.802
janecy,False,2019-01-24 10:25:00,8.802
JTHilliard,True,2019-01-24 10:24:00,8.795
Kufan11,True,2019-01-24 10:20:00,8.8
Sexaddict,True,2019-01-24 10:13:00,8.782
Always_A_Pleasure91,True,2019-01-24 10:13:00,8.782
Kufan11,True,2019-01-24 10:11:00,8.795
Kufan11,True,2019-01-24 10:07:00,8.791
jakepicard,False,2019-01-24 10:07:00,8.791
Chartiz,False,2019-01-24 10:05:00,8.786
Closetiguana,True,2019-01-24 10:05:00,8.786
jakepicard,False,2019-01-24 10:04:00,8.785
Chad_Smash_ya,True,2019-01-24 10:01:00,8.751
janecy,False,2019-01-24 09:49:00,8.726
Closetiguana,True,2019-01-24 09:49:00,8.726
jakepicard,False,2019-01-24 09:49:00,8.726
WicketKeeper,True,2019-01-24 09:48:00,8.744
BoboTheBearMarketBear,True,2019-01-24 09:46:00,8.741
BoboTheBearMarketBear,False,2019-01-24 09:43:00,8.73
BoboTheBearMarketBear,False,2019-01-24 09:43:00,8.73
janecy,False,2019-01-24 09:42:00,8.704
janecy,False,2019-01-24 09:42:00,8.704
janecy,False,2019-01-24 09:42:00,8.704
Closetiguana,True,2019-01-24 09:37:00,8.719
BoboTheBearMarketBear,True,2019-01-24 09:37:00,8.719
BasedInvestor,False,2019-01-24 09:36:00,8.715
