expattony,False,2019-01-24 15:57:00,0.1947
HansM,True,2019-01-24 15:53:00,0.1943
trogy,True,2019-01-24 15:50:00,0.1943
Chad_Smash_ya,True,2019-01-24 15:48:00,0.1943
rickdiculous81789,True,2019-01-24 15:40:00,0.194
brrrampton,True,2019-01-24 15:39:00,0.1941
expattony,False,2019-01-24 15:36:00,0.1948
Vardan78,True,2019-01-24 15:34:00,0.1942
StockInspector,True,2019-01-24 15:33:00,0.1941
JBEALL31,True,2019-01-24 15:32:00,0.1942
jayjohnson96,True,2019-01-24 15:29:00,0.194
Torstein,True,2019-01-24 15:27:00,0.194
LtDan79,True,2019-01-24 15:26:00,0.194
esinglady,True,2019-01-24 15:25:00,0.1941
BuyBigSellSmall,True,2019-01-24 15:23:00,0.1951
GIitchThaMatrix,True,2019-01-24 15:14:00,0.1949
expattony,True,2019-01-24 15:10:00,0.1942
expattony,True,2019-01-24 15:04:00,0.1945
BAGBALM,True,2019-01-24 15:03:00,0.1948
KAMIKAZELE,True,2019-01-24 15:00:00,0.194
expattony,True,2019-01-24 15:00:00,0.194
PigProfit,True,2019-01-24 14:57:00,0.195
GIitchThaMatrix,True,2019-01-24 14:55:00,0.1951
Vardan78,True,2019-01-24 14:49:00,0.1952
Truth_Speaks,True,2019-01-24 14:43:00,0.1952
GIitchThaMatrix,True,2019-01-24 14:42:00,0.1952
seltaeb1,True,2019-01-24 14:34:00,0.196
GIitchThaMatrix,True,2019-01-24 14:32:00,0.1955
StockInspector,True,2019-01-24 14:32:00,0.1955
seltaeb1,True,2019-01-24 14:31:00,0.196
Ace_of_Trades_Alerts,True,2019-01-24 14:20:00,0.1962
EmasculatedBull,True,2019-01-24 14:16:00,0.1961
onions86,True,2019-01-24 14:11:00,0.1961
aebatman,True,2019-01-24 13:54:00,0.196
truetraderforlife,True,2019-01-24 13:45:00,0.1962
JonDohnson,True,2019-01-24 13:40:00,0.1962
AsylumPlz,True,2019-01-24 13:36:00,0.1961
Scratch_,True,2019-01-24 13:33:00,0.1961
traderjoesmith,True,2019-01-24 13:32:00,0.1962
Barney2,True,2019-01-24 13:20:00,0.198
CryptoBullRunner,True,2019-01-24 13:18:00,0.198
MOT1,True,2019-01-24 13:16:00,0.1977
suschnauzer,True,2019-01-24 13:15:00,0.1977
Edar1983,True,2019-01-24 13:15:00,0.1977
jonjamesp,True,2019-01-24 13:04:00,0.198
HansM,True,2019-01-24 13:02:00,0.198
jariel10,True,2019-01-24 13:01:00,0.198
HansM,True,2019-01-24 13:01:00,0.198
CryptoBullRunner,True,2019-01-24 12:57:00,0.1975
fucck_bichs_getmoney,True,2019-01-24 12:56:00,0.1959
facilitator,True,2019-01-24 12:54:00,0.196
melvin1015,True,2019-01-24 12:54:00,0.196
DetroitParty,True,2019-01-24 12:48:00,0.1956
Wolfpack_Founder,True,2019-01-24 12:41:00,0.1959
jonjamesp,True,2019-01-24 12:39:00,0.1957
Rags2Richz,True,2019-01-24 12:37:00,0.1957
Gangup,True,2019-01-24 12:35:00,0.1953
ThunderJackson,True,2019-01-24 12:34:00,0.195
Bullish_Bull,True,2019-01-24 12:32:00,0.1953
fulltimebro,True,2019-01-24 12:30:00,0.1971
Bullish_Bull,True,2019-01-24 12:30:00,0.1971
Seffurious1,True,2019-01-24 12:30:00,0.1971
Bullish_Bull,True,2019-01-24 12:28:00,0.1975
jonjamesp,True,2019-01-24 12:28:00,0.1975
1DogeIs1Doge,True,2019-01-24 12:28:00,0.1975
expattony,True,2019-01-24 12:27:00,0.1972
ThunderJackson,True,2019-01-24 12:26:00,0.1972
ThunderJackson,True,2019-01-24 12:24:00,0.1987
john92,True,2019-01-24 12:23:00,0.1987
bullsofwallst1,True,2019-01-24 12:23:00,0.1987
JMarquez4,True,2019-01-24 12:22:00,0.1987
Bullish_Bull,True,2019-01-24 12:21:00,0.1986
Barney2,True,2019-01-24 12:21:00,0.1986
Bullish_Bull,True,2019-01-24 12:19:00,0.1981
Chad_Smash_ya,True,2019-01-24 12:18:00,0.1981
BorB,True,2019-01-24 12:17:00,0.1984
crazyedd707,True,2019-01-24 12:17:00,0.1984
DetroitParty,True,2019-01-24 12:16:00,0.1978
Gangup,True,2019-01-24 12:15:00,0.1978
somedelightsdotcom,True,2019-01-24 12:13:00,0.198
Red4Days,True,2019-01-24 12:12:00,0.1973
Stumpyvan,True,2019-01-24 12:12:00,0.1973
Tstock11,True,2019-01-24 12:10:00,0.1983
traderjoesmith,True,2019-01-24 12:10:00,0.1983
JMOEmoney,True,2019-01-24 12:10:00,0.1983
SpanishRetailer,True,2019-01-24 12:09:00,0.1987
DirtyBelfort,True,2019-01-24 12:09:00,0.1987
jennytrade,False,2019-01-24 12:08:00,0.1988
christo17,True,2019-01-24 12:07:00,0.1987
bullsofwallst1,True,2019-01-24 12:07:00,0.1987
Moneyman223,True,2019-01-24 12:06:00,0.1988
JMOEmoney,True,2019-01-24 12:06:00,0.1988
JMOEmoney,True,2019-01-24 12:06:00,0.1988
fucck_bichs_getmoney,True,2019-01-24 12:05:00,0.1987
SuperGranny,True,2019-01-24 12:04:00,0.1983
SofarJuan,True,2019-01-24 12:04:00,0.1983
Oldworldman,True,2019-01-24 12:01:00,0.1956
Barney2,True,2019-01-24 12:01:00,0.1956
fucck_bichs_getmoney,True,2019-01-24 12:00:00,0.1967
lady_stock92,True,2019-01-24 11:59:00,0.1967
SgtJonesUSMC,True,2019-01-24 11:58:00,0.1978
jennytrade,False,2019-01-24 11:56:00,0.1974
fucck_bichs_getmoney,True,2019-01-24 11:56:00,0.1974
seltaeb1,True,2019-01-24 11:56:00,0.1974
Nujabes,True,2019-01-24 11:49:00,0.1936
expattony,True,2019-01-24 11:49:00,0.1936
fulltimebro,True,2019-01-24 11:49:00,0.1936
HansM,True,2019-01-24 11:48:00,0.1939
seltaeb1,True,2019-01-24 11:48:00,0.1939
Albertjpn,True,2019-01-24 11:48:00,0.1939
HansM,True,2019-01-24 11:47:00,0.1957
ELTONJOHNSJOHN,True,2019-01-24 11:47:00,0.1957
expattony,True,2019-01-24 11:46:00,0.1963
seltaeb1,True,2019-01-24 11:45:00,0.195
Barney2,True,2019-01-24 11:44:00,0.1949
ThunderJackson,True,2019-01-24 11:44:00,0.1949
SuperGranny,True,2019-01-24 11:41:00,0.1935
zatoichia7s,True,2019-01-24 11:36:00,0.1933
SgtJonesUSMC,True,2019-01-24 11:36:00,0.1933
PigProfit,True,2019-01-24 11:34:00,0.1933
Truth_Speaks,True,2019-01-24 11:29:00,0.1932
Nikreed123,True,2019-01-24 11:24:00,0.1932
Chad_Smash_ya,True,2019-01-24 11:19:00,0.1931
SuperGranny,True,2019-01-24 11:17:00,0.1939
GIitchThaMatrix,True,2019-01-24 11:15:00,0.1936
Chad_Smash_ya,True,2019-01-24 11:13:00,0.1928
suschnauzer,True,2019-01-24 11:13:00,0.1928
1DogeIs1Doge,True,2019-01-24 11:12:00,0.1927
expattony,True,2019-01-24 11:10:00,0.1927
nickibarra6,True,2019-01-24 11:06:00,0.1926
fulltimebro,True,2019-01-24 11:06:00,0.1926
louisd217,True,2019-01-24 11:04:00,0.1916
GIitchThaMatrix,True,2019-01-24 11:02:00,0.1916
expattony,True,2019-01-24 11:02:00,0.1916
gregthegoldenegg,True,2019-01-24 11:01:00,0.1915
Nujabes,True,2019-01-24 11:00:00,0.1916
Chad_Smash_ya,True,2019-01-24 10:57:00,0.1917
Barney2,True,2019-01-24 10:55:00,0.1915
crazyedd707,True,2019-01-24 10:54:00,0.192
Barney2,True,2019-01-24 10:45:00,0.1926
thedancingyeti,True,2019-01-24 10:45:00,0.1926
DirtyBelfort,True,2019-01-24 10:43:00,0.1927
GIitchThaMatrix,True,2019-01-24 10:42:00,0.1937
GIitchThaMatrix,True,2019-01-24 10:41:00,0.193
Barney2,True,2019-01-24 10:40:00,0.1926
1DogeIs1Doge,True,2019-01-24 10:38:00,0.193
BAGBALM,True,2019-01-24 10:37:00,0.1928
SpanishRetailer,True,2019-01-24 10:35:00,0.193
BAGBALM,True,2019-01-24 10:31:00,0.1932
SpanishRetailer,True,2019-01-24 10:28:00,0.1928
Chad_Smash_ya,True,2019-01-24 10:26:00,0.1925
Barney2,True,2019-01-24 10:24:00,0.1927
GIitchThaMatrix,True,2019-01-24 10:24:00,0.1927
Chad_Smash_ya,True,2019-01-24 10:24:00,0.1927
Munyluvr,True,2019-01-24 10:22:00,0.1929
Nujabes,True,2019-01-24 10:22:00,0.1929
Barney2,True,2019-01-24 10:21:00,0.1931
Bullish_Bull,True,2019-01-24 10:21:00,0.1931
Coleman187,True,2019-01-24 10:15:00,0.1929
Chad_Smash_ya,True,2019-01-24 10:14:00,0.1932
DirtyBelfort,True,2019-01-24 10:13:00,0.1933
1DogeIs1Doge,True,2019-01-24 10:12:00,0.1925
thedancingyeti,True,2019-01-24 10:06:00,0.1931
Arizonagirl22,True,2019-01-24 09:55:00,0.1917
Bullish_Bull,True,2019-01-24 09:54:00,0.1913
StockInspector,True,2019-01-24 09:53:00,0.1919
HansM,True,2019-01-24 09:47:00,0.1932
sgvme,True,2019-01-24 09:47:00,0.1932
cadyd1,True,2019-01-24 09:46:00,0.1938
Chad_Smash_ya,True,2019-01-24 09:43:00,0.1923
GIitchThaMatrix,True,2019-01-24 09:42:00,0.1927
DatPreacher,True,2019-01-24 09:41:00,0.1949
GIitchThaMatrix,True,2019-01-24 09:39:00,0.1927
FloridaKing2018,True,2019-01-24 09:34:00,0.198
spinofflie,True,2019-01-24 09:34:00,0.198
fisherman17,True,2019-01-24 09:32:00,0.1982
