sumitg90,True,2019-01-24 15:47:00,2.96
phenohunter,False,2019-01-24 15:45:00,2.97
Bull1996,True,2019-01-24 15:21:00,3.1
Jewels_Kline,True,2019-01-24 15:16:00,3.105
topstockalerts,True,2019-01-24 15:05:00,3.08
Bull1996,True,2019-01-24 15:02:00,3.091
phenohunter,False,2019-01-24 15:01:00,3.093
aldawg21,True,2019-01-24 14:59:00,3.101
BigMov3s,True,2019-01-24 14:56:00,3.11
Bull1996,True,2019-01-24 14:51:00,3.108
StockAlerts77,True,2019-01-24 14:40:00,3.11
melenfe87,True,2019-01-24 14:34:00,3.11
bgmt,True,2019-01-24 14:19:00,3.143
topstockalerts,True,2019-01-24 13:53:00,3.056
topstockalerts,True,2019-01-24 13:49:00,3.092
NumericaFibonacci,True,2019-01-24 13:37:00,3.121
StockTwiste,True,2019-01-24 13:29:00,3.104
Champofthesun,True,2019-01-24 13:18:00,3.099
Bull1996,False,2019-01-24 13:16:00,3.104
TraderDansGame,False,2019-01-24 13:14:00,3.127
BigMov3s,True,2019-01-24 13:11:00,3.134
SerialTrader72,True,2019-01-24 13:09:00,3.127
Bull1996,True,2019-01-24 13:08:00,3.096
Gold_Baku,True,2019-01-24 12:54:00,3.116
DFK,True,2019-01-24 12:53:00,3.108
b2dddub2,True,2019-01-24 12:52:00,3.075
Bull1996,False,2019-01-24 12:50:00,3.065
market_notify,True,2019-01-24 12:48:00,3.103
Bull1996,False,2019-01-24 12:42:00,3.184
Bull1996,False,2019-01-24 12:42:00,3.184
tradercanarias,False,2019-01-24 12:40:00,3.165
FonsieTrader,True,2019-01-24 12:38:00,3.206
topstockalerts,True,2019-01-24 12:36:00,3.29
tminusg,True,2019-01-24 12:31:00,3.262
Henrytrean,True,2019-01-24 12:28:00,3.263
StockProGilb,True,2019-01-24 12:22:00,3.254
tradercanarias,False,2019-01-24 12:22:00,3.254
MessiMarkets,True,2019-01-24 12:21:00,3.228
LEDHED666,True,2019-01-24 12:18:00,3.259
topstockalerts,True,2019-01-24 12:15:00,3.271
tradercanarias,False,2019-01-24 12:10:00,3.281
PlatinumTrades,True,2019-01-24 12:08:00,3.289
PlatinumTrades,True,2019-01-24 12:07:00,3.277
Pepe1234,True,2019-01-24 12:01:00,3.275
Minervajade,True,2019-01-24 11:57:00,3.344
BigMov3s,True,2019-01-24 11:56:00,3.349
SerialTrader72,True,2019-01-24 11:54:00,3.365
stockemup45,True,2019-01-24 11:53:00,3.349
SerialTrader72,True,2019-01-24 11:52:00,3.37
s0phisticatedtrdr,True,2019-01-24 11:51:00,3.361
StockAlerts77,True,2019-01-24 11:51:00,3.361
tradercanarias,False,2019-01-24 11:48:00,3.229
StockProGilb,True,2019-01-24 11:45:00,3.25
Bull1996,True,2019-01-24 11:38:00,3.164
tradercanarias,False,2019-01-24 11:19:00,3.188
mbarelorenzo,True,2019-01-24 11:12:00,3.28
SerialTrader72,True,2019-01-24 11:12:00,3.28
bekhruz,True,2019-01-24 11:12:00,3.28
tradercanarias,False,2019-01-24 11:11:00,3.29
bobby100,True,2019-01-24 11:05:00,3.204
market_don,True,2019-01-24 11:05:00,3.204
bgmt,True,2019-01-24 11:04:00,3.185
RockyBallsboa,True,2019-01-24 11:03:00,3.179
yourbuddystoo,True,2019-01-24 11:00:00,3.196
rexman,True,2019-01-24 10:57:00,3.204
dontfollowme20,True,2019-01-24 10:57:00,3.204
Azzy88,True,2019-01-24 10:55:00,3.183
tradercanarias,False,2019-01-24 10:55:00,3.183
dontfollowme20,True,2019-01-24 10:53:00,3.19
BenJaminit,True,2019-01-24 10:53:00,3.19
BarterTrades,True,2019-01-24 10:46:00,3.149
Pepe1234,True,2019-01-24 10:44:00,3.157
TradingKingEric,True,2019-01-24 10:41:00,3.149
SerialTrader72,True,2019-01-24 10:38:00,3.189
tradercanarias,False,2019-01-24 10:37:00,3.201
OVMANO,True,2019-01-24 10:37:00,3.201
SerialTrader72,True,2019-01-24 10:36:00,3.19
SerialTrader72,True,2019-01-24 10:35:00,3.188
SerialTrader72,True,2019-01-24 10:35:00,3.188
SerialTrader72,True,2019-01-24 10:34:00,3.133
SerialTrader72,True,2019-01-24 10:34:00,3.133
snack_man,False,2019-01-24 10:34:00,3.133
Bulllife2017,True,2019-01-24 10:33:00,3.132
SerialTrader72,True,2019-01-24 10:33:00,3.132
SerialTrader72,True,2019-01-24 10:33:00,3.132
tminusg,True,2019-01-24 10:33:00,3.132
SerialTrader72,True,2019-01-24 10:31:00,3.149
Pepe1234,True,2019-01-24 10:31:00,3.149
SerialTrader72,True,2019-01-24 10:30:00,3.155
dontfollowme20,True,2019-01-24 10:28:00,3.103
smeka,True,2019-01-24 10:28:00,3.103
Pepe1234,True,2019-01-24 10:27:00,3.073
tradercanarias,False,2019-01-24 10:27:00,3.073
b2dddub2,True,2019-01-24 10:26:00,3.055
AwesomeTwits,True,2019-01-24 10:26:00,3.055
sumitg90,True,2019-01-24 10:25:00,3.054
NACH0,True,2019-01-24 10:24:00,3.089
Palms48,True,2019-01-24 10:22:00,3.149
Bull1996,False,2019-01-24 10:22:00,3.149
BLD33,True,2019-01-24 10:22:00,3.149
tradercanarias,False,2019-01-24 10:22:00,3.149
SerialTrader72,True,2019-01-24 10:22:00,3.149
tradercanarias,False,2019-01-24 10:20:00,3.131
SerialTrader72,True,2019-01-24 10:17:00,3.207
SerialTrader72,True,2019-01-24 10:15:00,3.251
SerialTrader72,True,2019-01-24 10:15:00,3.251
topstockalerts,True,2019-01-24 10:14:00,3.243
MAVERICK31,True,2019-01-24 10:14:00,3.243
Pepe1234,True,2019-01-24 10:12:00,3.3
tradercanarias,False,2019-01-24 10:12:00,3.3
SerialTrader72,True,2019-01-24 10:12:00,3.3
SerialTrader72,True,2019-01-24 10:11:00,3.266
demos,True,2019-01-24 10:10:00,3.23
SerialTrader72,True,2019-01-24 10:10:00,3.23
SerialTrader72,True,2019-01-24 10:10:00,3.23
Palms48,True,2019-01-24 10:10:00,3.23
snack_man,False,2019-01-24 10:08:00,3.196
SerialTrader72,True,2019-01-24 10:08:00,3.196
SerialTrader72,True,2019-01-24 10:08:00,3.196
Bull1996,False,2019-01-24 10:07:00,3.15
iratherbeskydiving,True,2019-01-24 10:06:00,3.306
SerialTrader72,True,2019-01-24 10:06:00,3.306
Bull1996,False,2019-01-24 10:06:00,3.306
SerialTrader72,True,2019-01-24 10:06:00,3.306
SerialTrader72,True,2019-01-24 10:05:00,3.284
Bull1996,False,2019-01-24 10:05:00,3.284
SerialTrader72,True,2019-01-24 10:05:00,3.284
SerialTrader72,True,2019-01-24 10:05:00,3.284
SerialTrader72,True,2019-01-24 10:04:00,3.3
Maynerd,True,2019-01-24 10:02:00,3.274
SerialTrader72,True,2019-01-24 10:02:00,3.274
dontfollowme20,True,2019-01-24 10:02:00,3.274
work1411,True,2019-01-24 10:01:00,3.291
jcmangan,True,2019-01-24 10:01:00,3.291
YGLD,True,2019-01-24 10:01:00,3.291
SerialTrader72,True,2019-01-24 10:01:00,3.291
TradingKingEric,True,2019-01-24 10:01:00,3.291
onassis,True,2019-01-24 10:01:00,3.291
SerialTrader72,True,2019-01-24 10:00:00,3.24
mbarelorenzo,True,2019-01-24 10:00:00,3.24
SerialTrader72,True,2019-01-24 10:00:00,3.24
SerialTrader72,True,2019-01-24 09:59:00,3.19
SerialTrader72,True,2019-01-24 09:59:00,3.19
SerialTrader72,True,2019-01-24 09:58:00,3.146
SerialTrader72,True,2019-01-24 09:58:00,3.146
SerialTrader72,True,2019-01-24 09:58:00,3.146
snack_man,True,2019-01-24 09:58:00,3.146
vishy,True,2019-01-24 09:57:00,3.07
Pepe1234,True,2019-01-24 09:56:00,3.084
twois,True,2019-01-24 09:56:00,3.084
SerialTrader72,True,2019-01-24 09:55:00,3.095
SerialTrader72,True,2019-01-24 09:55:00,3.095
SerialTrader72,True,2019-01-24 09:54:00,3.079
SerialTrader72,True,2019-01-24 09:53:00,3.112
Popeye3c,True,2019-01-24 09:53:00,3.112
Bull1996,True,2019-01-24 09:53:00,3.112
SerialTrader72,True,2019-01-24 09:53:00,3.112
SerialTrader72,True,2019-01-24 09:52:00,3.061
SerialTrader72,True,2019-01-24 09:51:00,3.037
SerialTrader72,True,2019-01-24 09:51:00,3.037
SerialTrader72,True,2019-01-24 09:50:00,3.111
StockProGilb,True,2019-01-24 09:50:00,3.111
SerialTrader72,True,2019-01-24 09:50:00,3.111
SerialTrader72,True,2019-01-24 09:50:00,3.111
topstockalerts,True,2019-01-24 09:49:00,3.111
cranmer00,True,2019-01-24 09:49:00,3.111
Palms48,True,2019-01-24 09:49:00,3.111
Slingshot,True,2019-01-24 09:49:00,3.111
SerialTrader72,True,2019-01-24 09:48:00,3.14
Slingshot,True,2019-01-24 09:48:00,3.14
GapUpPlz,True,2019-01-24 09:48:00,3.14
Trade_to_Profit,True,2019-01-24 09:48:00,3.14
BarterTrades,True,2019-01-24 09:48:00,3.14
SerialTrader72,True,2019-01-24 09:48:00,3.14
YGLD,True,2019-01-24 09:47:00,3.107
SerialTrader72,True,2019-01-24 09:47:00,3.107
SerialTrader72,True,2019-01-24 09:47:00,3.107
mbarelorenzo,True,2019-01-24 09:47:00,3.107
Pepe1234,True,2019-01-24 09:46:00,3.064
snack_man,True,2019-01-24 09:46:00,3.064
FonsieTrader,True,2019-01-24 09:46:00,3.064
DivergenceSniffer,True,2019-01-24 09:46:00,3.064
Slingshot,True,2019-01-24 09:45:00,3.03
mbarelorenzo,True,2019-01-24 09:45:00,3.03
Pepe1234,True,2019-01-24 09:45:00,3.03
SerialTrader72,True,2019-01-24 09:45:00,3.03
Pepe1234,True,2019-01-24 09:44:00,2.982
MoneyByTheCharts,True,2019-01-24 09:44:00,2.982
tjones3,True,2019-01-24 09:42:00,2.894
StockProGilb,True,2019-01-24 09:42:00,2.894
vishy,True,2019-01-24 09:42:00,2.894
MarketSamurai,True,2019-01-24 09:40:00,2.893
Pepe1234,True,2019-01-24 09:40:00,2.893
SerialTrader72,True,2019-01-24 09:40:00,2.893
topstockalerts,True,2019-01-24 09:39:00,2.93
work1411,True,2019-01-24 09:39:00,2.93
FonsieTrader,True,2019-01-24 09:38:00,2.93
